#index,ra,dec,
1,00:02:58.1,+62:16:09.4,
2,00:06:04.8,+18:34:59,
3,00:07:01.7,+73:03:07.4,
4,00:11:34,+08:10,
5,00:14:17.7,+47:46:33.4,
6,00:21:51.4,-09:09:58.7,
7,00:23:16.8,+09:23:23.8,
8,00:24:05.6,-72:04:52.6,
9,00:24:08.1,-72:04:47.6,
10,00:23:50.3,-72:04:31.5,
11,00:24:13.8,-72:04:43.8,
12,00:24:11.1,-72:05:20.1,
13,00:24:03.8,-72:04:42.8,
14,00:24:07.9,-72:04:39.7,
15,00:24:06.7,-72:04:06.8,
16,00:24:07.9,-72:04:39.6,
17,00:23:59.4,-72:03:58.7,
18,00:24:03.7,-72:04:56.9,
19,00:23:54.4,-72:05:30.7,
20,00:24:09.1,-72:04:28.8,
21,00:24:04.6,-72:04:53.7,
22,00:24:20,-72:04:10,
23,00:24:16.4,-72:04:25.1,
24,00:24:07.5,-72:04:50.3,
25,00:24:03.9,-72:04:42.3,
26,00:24:08.5,-72:04:38.9,
27,00:24:09.8,-72:03:59.6,
28,00:24:05.6,-72:04:52.6,
29,00:24:06.0,-72:04:49.0,
30,00:24:22.3,-72:01:17.4,
31,00:24:01.4,-72:04:41.8,
32,00:24:06.0,-72:05:01.4,
33,00:26:50.5,+63:20:00.8,
34,00:30:27.4,+04:51:39.7,
35,00:33,+57:00,
36,00:33,+61:00,
37,00:34:21.8,-05:34:36.7,
38,00:34:08.8,-07:21:53.4,
39,00:34,+69:43,
40,00:38:10.2,-25:01:30.7,
41,00:39:06,+35:45,
42,00:40:32.3,+57:16:24.8,
43,00:43:25,-73:11,
44,00:45:25.6,-70:42:07.1,
45,00:45:35.1,-73:19:03.0,
46,00:48:33.9,+34:12:08.0,
47,00:50:31,+03:48,
48,00:51:30.1,+04:22:49,
49,00:52:28,-72:05,
50,00:54,+66:00,
51,00:54:28,+69:26,
52,00:54:59.1,+69:46:16.8,
53,00:55:45.3,+51:17:24.6,
54,00:56:25.5,+47:56:10.5,
55,00:57:44.0,-72:01:19,
56,00:58:09.9,+49:50:26.0,
57,00:58,+61:25,
58,00:59:30,+69:55,
59,01:00:43.0,-72:11:33.6,
60,01:00:16.0,+80:23:41.7,
61,01:01:11.1,-64:22:30.1,
62,01:03,+48:00,
63,01:02:32.9,+65:37:13.4,
64,01:03:37,+54:02,
65,01:06:25.0,+48:55:51.8,
66,01:07:39.9,+13:22:31.7,
67,01:08:08.3,-14:31:50.1,
68,01:08:22.5,+66:08:34.4,
69,01:08:29.5,+69:05:52.6,
70,01:11:21.8,+66:24:10.8,
71,01:11:28.7,-71:31:46.8,
72,01:13:11.0,-72:20:32.2,
73,01:15:45.8,+63:25:50.8,
74,01:17:38.6,+59:14:38.3,
75,01:22:01.3,+14:16:17,
76,01:25:10,-23:27:26,
77,01:26,+62:35,
78,01:31:28.5,-73:10:09.3,
79,01:33:32.4,-69:57:29.6,
80,01:34:18.6,-29:37:17.0,
81,01:37:23.8,+16:54:42.1,
82,01:37:13.3,+63:49:34.3,
83,01:39:57.2,+33:36:59.7,
84,01:39:38.5,+56:21:36.8,
85,01:39:19.7,+58:14:31.8,
86,01:41:39.9,+60:09:32.3,
87,01:41,+63:08,
88,01:46:15,+31:04,
89,01:46:22.4,+61:45:02.8,
90,01:47:44.6,+59:22:03.2,
91,01:51:22.7,-06:35:02.9,
92,01:52:23.7,+09:48:10,
93,01:52:10.8,-16:37:53.6,
94,01:54:36.8,+18:33:50.7,
95,01:56:01,+04:02,
96,01:56:55.2,+39:49:29,
97,01:57:49.9,+62:12:26.6,
98,01:58:29,+21:08,
99,02:01:41.3,+70:05:18.1,
100,02:05:37.9,+64:49:41.3,
101,02:06:01.2,-40:28:03.6,
102,02:10:55.4,+58:45:04,
103,02:11:59.0,-81:59:36.2,
104,02:12:52.1,+52:22:49.5,
105,02:14:55.2,+52:22:40.9,
106,02:15:56.6,+62:18:33.3,
107,02:18:06.3,+42:32:17.3,
108,02:20:50,+36:22,
109,02:29:03,+20:58,
110,02:31:13.9,+70:26:33.8,
111,02:41:46,+16:04,
112,02:42:35,+62:56:50,
113,02:43,+60:27,
114,02:44:51,+14:27,
115,02:48:18.6,+60:21:34.7,
116,02:50:17.7,+58:54:01.3,
117,02:51:08,+26:05,
118,02:55:56.2,-53:04:21.2,
119,03:02:31.9,+22:52:12.1,
120,03:04:33.1,+19:32:51.4,
121,03:05:06,+11:23,
122,03:08,+74:00,
123,03:17:54,+13:29,
124,03:23:26.6,+39:44:52.4,
125,03:24:55.4,+52:39:31.3,
126,03:25:05.1,+67:44:59.3,
127,03:29:08.5,+16:54:02,
128,03:32:59.4,+54:34:43.3,
129,03:32:45,+79:10,
130,03:35:16.6,+45:55:53.4,
131,03:35:57.0,+66:23:23.6,
132,03:37:43.8,+17:15:14.8,
133,03:40:23.2,+41:30:45.2,
134,03:41,+57:11,
135,03:43:27.9,-30:00:27.5,
136,03:43:12.9,+53:12:53.4,
137,03:44:37.4,-09:01:02.6,
138,03:48:43.6,+04:32:11.4,
139,03:49:57.3,+23:40:53,
140,03:57:52.5,+32:05:25,
141,03:57:44.8,+52:36:57.4,
142,03:58:03.1,+41:55:19.0,
143,03:58:53.7,+54:13:13.7,
144,03:58:37.9,+66:27:46.5,
145,03:59:26.0,+54:14:55.7,
146,04:01:51.7,-76:08:12.9,
147,04:06:30.0,+61:38:41.4,
148,04:07:54.9,+16:07:16.4,
149,04:08,+55:00,
150,04:08,+55:00,
151,04:10:39,-31:07:29,
152,04:13,+58:00,
153,04:15:55.6,+69:54:09.8,
154,04:17:43,+35:45,
155,04:17,+61:08,
156,04:18:03.7,-41:54:14.4,
157,04:18:33.8,+57:32:22.9,
158,04:19,+44:00,
159,04:20:01.9,-50:22:48.1,
160,04:21:33.5,-03:45:06.6,
161,04:21:33.2,+32:55:50,
162,04:26:06.8,+49:33:38.4,
163,04:35:51.8,+27:49:01.7,
164,04:37:15.8,-47:15:09.1,
165,04:47,-04:35,
166,04:48:41.5,-27:49:46.7,
167,04:49:05.6,-70:31:31.7,
168,04:50:08.7,-12:48:07.1,
169,04:51:50,-67:18,
170,04:52:34.1,-17:59:23.3,
171,04:53:45.4,+15:59:21.3,
172,04:54:59.3,+45:29:46.7,
173,04:54:07.7,+55:43:41.4,
174,04:55:47.5,-69:51:34.3,
175,04:56:30,-69:10,
176,04:56:02.5,-70:31:06.6,
177,04:57:06,+23:34:00,
178,04:57:07.7,-63:37:30.4,
179,04:57:02,-69:46,
180,04:58:37.1,-05:05:05.1,
181,04:58:59,-67:43,
182,04:59:51.9,-02:10:06.6,
183,05:01:06.7,+45:16:33.9,
184,05:02:04.5,+46:54:06.0,
185,05:02:50.5,-66:17:58.8,
186,05:09:22.2,+08:56:25.0,
187,05:09:31.7,+38:01:18.0,
188,05:11:56.5,-65:08:36.5,
189,05:14:06.6,-40:02:48.8,
190,05:14:52.1,-44:08:37.3,
191,05:17:17.1,+22:12:51.9,
192,05:18:26.1,+51:25:58.7,
193,05:18:53.1,+54:16:50.0,
194,05:19,+44:00,
195,05:19:46.9,-69:32:23.4,
196,05:20:36.1,-25:53:12.2,
197,05:21:44,-68:35,
198,05:22:23.0,-68:47:02.2,
199,05:25:56.4,+11:15:19.0,
200,05:26:00.9,-66:04:36.3,
201,05:28:52.2,+22:00:04,
202,05:29:08.9,-07:15:26.4,
203,05:29:50.9,-66:52:39.9,
204,05:32:59.5,-66:39:37.3,
205,05:32:04,-69:46,
206,05:33:25.8,+04:01:59.7,
207,05:33:13.8,-45:24:50.2,
208,05:33:55.1,+67:59:17.4,
209,05:34:31.9,+22:00:52.0,
210,05:34:30,+34:07,
211,05:34:36.1,-67:03:48.8,
212,05:35:40,-66:52,
213,05:35,-69:35,
214,05:36:30.8,-75:43:54.8,
215,05:37:43,-69:21,
216,05:37:47.4,-69:10:19.8,
217,05:38:25.0,+28:17:09.1,
218,05:40:37.1,+32:07:37.3,
219,05:40:11.2,-69:19:54.1,
220,05:40:30.8,-71:25:31.4,
221,05:42:35,-68:16,
222,05:43:11.0,+23:16:40.1,
223,05:43:52.7,-68:51:25.3,
224,05:44:12,+20:50,
225,05:45,-03:10,
226,05:46:28.7,+24:41:21,
227,05:50:28,+09:51,
228,05:54:05.0,+31:07:41,
229,05:55,+39:48,
230,05:55:01.8,-70:56:45.6,
231,05:57:31.4,+15:50:06.0,
232,05:57:32.9,-29:48:16.8,
233,06:00:46.5,-57:56:54,
234,06:01:58.9,-05:27:50.8,
235,06:05:05.5,+37:57:35.9,
236,06:08:49,+00:39,
237,06:09:13,+16:34,
238,06:09:58.8,+21:30:02.8,
239,06:10:13.5,-21:00:27.9,
240,06:11:18,+04:06,
241,06:11:18.6,+14:36:52,
242,06:11:16,+30:16,
243,06:12:48.6,+37:21:37.3,
244,06:12:44.1,+37:21:40,
245,06:13:43.9,-02:00:47.2,
246,06:13:12.1,+37:31:38.3,
247,06:14:17.0,+22:29:56.8,
248,06:14:10.3,-33:29:54.1,
249,06:14,+83:14,
250,06:21:11.2,+03:36:45.5,
251,06:21:22.1,+10:02:38.7,
252,06:21:10.8,+25:14:03.8,
253,06:20:42,-56:05,
254,06:22:10.5,+37:49:13.6,
255,06:23:46.7,+03:40:06.8,
256,06:24:20.0,-04:24:50.4,
257,06:25:45,+10:16,
258,06:27:53.6,+06:49:54.1,
259,06:27:44.1,+07:06:33.0,
260,06:27:13,+16:12,
261,06:28:36.1,+09:09:13.9,
262,06:29:05.7,+24:15:41.5,
263,06:30:26.9,-00:46:05.8,
264,06:30:04,+19:37,
265,06:30:49.4,-28:34:42.7,
266,06:31:52.3,+06:46:14.2,
267,06:31:27.5,+10:37:02.5,
268,06:33:44.2,+06:32:34.9,
269,06:33:54.1,+17:46:12.9,
270,06:33:08.8,-20:15:07.1,
271,06:35:18,+05:33:11,
272,06:37:09,-30:50:42,
273,06:36:33.7,-45:49:32.6,
274,06:36:04.8,+51:28:59.9,
275,06:41:10,+07:44,
276,06:45:59.0,+51:58:14.9,
277,06:46,+80:09,
278,06:46:31.0,+09:05:49.6,
279,06:47:15.6,+09:13:59.5,
280,06:52:11.1,-01:42:30.3,
281,06:53,+47:06,
282,06:53:15.0,+80:52:00.2,
283,06:56:30.2,-22:28:25.5,
284,06:56:48.9,-54:49:14.9,
285,06:58:15.2,+00:22:35.3,
286,06:59:48.1,+14:14:19.4,
287,07:00:37.8,+64:18:11.2,
288,07:02:39.3,-49:56:34.2,
289,07:09:08.3,+04:58:51.4,
290,07:09:32.5,-59:23:55.6,
291,07:11:36.1,+09:31:25,
292,07:11:54.1,-68:30:47.4,
293,07:19:07.3,-25:45:00.2,
294,07:20:24.9,-31:25:50.0,
295,07:21:42.9,-20:38:07.0,
296,07:25:00.4,-16:35:45.8,
297,07:26:08.1,-26:12:38.1,
298,07:29:16.4,-14:48:36.8,
299,07:29:32.3,-18:36:42.2,
300,07:32:37.5,+23:14:54.2,
301,07:33:24.6,-23:45:56.2,
302,07:34,-15:59,
303,07:36:20.0,-63:04:16,
304,07:37:44.0,-22:02:05.3,
305,07:37:51.2,-30:39:40.7,
306,07:37:51.2,-30:39:40.7,
307,07:38:32.2,-40:42:39.4,
308,07:38:22.6,+69:04:20.0,
309,07:41,+41:04,
310,07:40:45.7,+66:20:33.5,
311,07:42:49.0,-28:22:43.7,
312,07:42:42.1,+43:34:02.2,
313,07:45:04.4,-53:53:09.5,
314,07:46:59.5,-45:29:26.6,
315,07:47:39.6,+66:46:56.7,
316,07:49:49.6,-42:47:42.1,
317,07:50,+57:00,
318,07:50:50,-68:44:27,
319,07:51:09.1,+18:07:38.4,
320,07:53:33,-08:19:35,
321,07:54:40.6,+32:31:56.2,
322,07:58:29.0,-15:28:08.7,
323,08:02,-09:55,
324,08:03:26.8,-09:42:50.8,
325,08:03:05,+34:19,
326,08:04:22.2,-36:47:35.5,
327,08:06:05,+08:17,
328,08:06:23.4,-41:22:30.9,
329,08:07:47.1,-54:21:26.4,
330,08:08:11.6,-39:37:52.9,
331,08:09:43.8,-47:53:54.7,
332,08:11:12,+37:28,
333,08:12:14.8,-39:05:48.9,
334,08:13:54,+22:01,
335,08:14:59.5,+74:29:05.7,
336,08:15:08.7,+09:39:50.7,
337,08:15:59.4,+46:11:53.2,
338,08:18:49.3,-30:49:31,
339,08:18:25.9,-32:32:30.5,
340,08:20:26.3,-13:50:55.8,
341,08:20:59.9,-38:26:42.9,
342,08:20:49.1,-39:21:55.7,
343,08:20:15.4,-41:14:35.2,
344,08:21:44.6,-42:21:25.4,
345,08:21:57.3,-43:00:17.0,
346,08:23:09.7,+01:59:12.4,
347,08:24:24.8,+00:28:00.5,
348,08:26:51.5,+26:37:21.2,
349,08:27:48,+53:00,
350,08:28:16.6,-34:17:07,
351,08:31:32.4,-44:06:11.9,
352,08:34:17.8,-41:59:35.9,
353,08:34:50,-60:35,
354,08:35:03.0,-37:07:51.5,
355,08:35:20.6,-45:10:34.8,
356,08:36:05.8,-42:33:24.9,
357,08:37:05.6,+06:10:14.5,
358,08:37:44,-24:47:48,
359,08:37:21.1,-41:35:14.5,
360,08:38:18.8,-26:21:29.5,
361,08:38:30.8,-39:47:22,
362,08:39:37,-66:34:52,
363,08:40:33.7,-53:32:35.9,
364,08:42:05.4,-48:51:20.6,
365,08:43:33.8,+07:18:47.8,
366,08:43:09.8,-50:22:43.1,
367,08:46:06.0,-35:33:41.2,
368,08:47:57.3,-43:16:56.8,
369,08:48:53,+16:43,
370,08:49:42.5,-63:22:35.0,
371,08:49:01.5,+80:28:59.1,
372,08:55:38.4,-33:31:39.3,
373,08:55:36.1,-46:44:13.4,
374,08:55:19.5,-46:58:22.6,
375,08:56:59.2,-61:37:52.7,
376,08:57:07.0,+33:49:17.0,
377,08:57:55.8,-44:24:10.6,
378,09:00:43.9,-31:44:30.8,
379,09:01:40.1,-46:24:48.5,
380,09:02:32.4,-63:25:12.0,
381,09:04:59.0,-42:46:13.4,
382,09:04:10.4,-74:59:41.7,
383,09:05:23.9,-45:36:53.0,
384,09:05:51.9,-51:27:54.0,
385,09:05:15.2,-60:19:22.0,
386,09:07:15.9,-51:57:59.3,
387,09:08:38.1,-17:39:37.6,
388,09:08:35.4,-49:13:05.0,
389,09:09:35.8,-72:12:08.9,
390,09:10,+77:28,
391,09:12:42.7,-38:51:03,
392,09:19,-42:00,
393,09:19:27.8,-60:40:50.4,
394,09:21:14.1,+62:54:13.9,
395,09:22:14.0,+06:38:23.3,
396,09:22:14.9,-49:49:12.0,
397,09:22,-52:00,
398,09:23:58,-31:57,
399,09:24:08.7,-53:02:42.6,
400,09:24:30.8,-58:14:05.1,
401,09:27:45.2,+23:45:10.7,
402,09:28:44,+06:14,
403,09:29:00,+30:38,
404,09:30:02.8,-23:01:45,
405,09:31:19.1,-19:02:55.0,
406,09:32:39.1,-32:17:14.2,
407,09:32:22.8,-53:27:11.0,
408,09:34:58.2,-41:54:19.5,
409,09:34:28.2,-52:49:27.3,
410,09:35:06,+33:11,
411,09:40:58.2,-54:28:40.6,
412,09:41:38,-39:41,
413,09:41:41.1,-52:44:04.4,
414,09:42:14.8,-55:52:55.1,
415,09:42:54.4,-56:57:43.2,
416,09:43:30.1,+16:31:37,
417,09:43:32.3,+22:53:05.6,
418,09:44:28.9,-13:54:41.6,
419,09:44:18.1,+41:06:04.5,
420,09:45:38.2,-48:33:14.5,
421,09:46:07.6,+09:51:55,
422,09:47:21.2,+27:40:43.5,
423,09:49:20.5,-69:02:41.6,
424,09:51:24,-71:19:01,
425,09:52:08.3,-06:07:23.4,
426,09:52:17.2,-38:39:10.2,
427,09:53:09.3,+07:55:35.7,
428,09:54:06.0,-54:30:52.8,
429,09:55:29.4,-53:04:16.6,
430,09:55,-61:48,
431,09:57,-06:17,
432,09:57:56.0,-54:32:03.9,
433,09:59:26.2,-48:09:47.4,
434,10:00:38,+08:19:58,
435,10:00:28.1,-51:49:58.1,
436,10:01:37.8,-55:07:07.8,
437,10:01:08.6,-55:59:00.2,
438,10:01:32.2,-59:39:17.8,
439,10:02:57.9,-55:59:37,
440,10:02:20.5,-59:19:37.2,
441,10:03:21.5,-47:47:01.1,
442,10:05:30,+30:15,
443,10:06:36.6,-63:11:41.2,
444,10:10:00,+15:51,
445,10:12:33.7,-23:38:22.4,
446,10:12:07,-42:35,
447,10:12:33.4,+53:07:02.2,
448,10:12:54.9,-58:30:25.6,
449,10:12:48.4,-58:57:48.5,
450,10:13:31.8,-59:34:26.6,
451,10:14:18,-48:49:42,
452,10:15:37.9,-57:19:12.8,
453,10:16:31.1,-53:45:14.2,
454,10:16:12.0,-58:19:01.0,
455,10:16:21.1,-58:57:12.1,
456,10:17:36.2,+30:11:46.1,
457,10:17:12.8,-56:21:30.5,
458,10:17:51.3,-71:56:41.6,
459,10:18:40.3,-16:42:10.1,
460,10:19:52.1,-57:49:05.9,
461,10:20:14.0,-59:21:34,
462,10:20:11.4,-60:26:06.3,
463,10:21:24.8,-56:01:50.9,
464,10:22:57.9,+10:01:52.7,
465,10:22:28.1,-58:13:30,
466,10:23:47.6,+00:38:40.8,
467,10:23:02.9,-57:46:05,
468,10:24:38.6,-07:19:19.5,
469,10:28:28.0,-58:19:05.2,
470,10:31:02.2,-61:17:50.6,
471,10:32:27.6,-52:06:08.5,
472,10:32:04.8,-59:11:54.8,
473,10:34:19.5,-32:24:26.0,
474,10:35:03.0,-63:45:18.4,
475,10:35:27.4,-67:20:12.6,
476,10:36:13.1,-49:26:21.2,
477,10:36:20.0,-65:59:09.2,
478,10:36,-83:17,
479,10:38:26.9,+00:32:43.6,
480,10:38:19.7,-58:31:27.1,
481,10:41:36.1,-19:42:13.6,
482,10:42:00.4,-55:21:05.7,
483,10:43:55.2,-61:16:50.7,
484,10:44:32.8,-57:37:19.3,
485,10:45:50.1,-45:09:54.1,
486,10:46:43.2,+03:04:06.9,
487,10:46:18.8,-58:13:52.0,
488,10:47:00.8,-30:32:18.0,
489,10:47:28.2,-67:09:51.0,
490,10:48:43.4,+23:39:53.4,
491,10:48:13.0,-58:32:06.2,
492,10:48:12.5,-58:38:19.0,
493,10:49:50.3,-58:33:44.6,
494,10:50:07.1,-59:53:21.4,
495,10:52:38.1,-59:54:44.1,
496,10:52:53.3,-63:48:16.6,
497,10:54:57.7,-59:43:14.1,
498,10:54:30.4,-59:46:31.0,
499,10:54:08.8,-64:52:37.5,
500,10:55:48.5,-60:22:52,
501,10:55:39.1,-60:28:37.5,
502,10:55:54.6,-62:36:48.3,
503,10:55:44.7,-69:05:11.4,
504,10:56:43.7,-57:09:34.5,
505,10:56:25.5,-62:58:47.6,
506,10:56:45.9,-71:17:53.3,
507,10:57:53.1,-47:54:57.6,
508,10:57:59.0,-52:26:56.3,
509,10:57:09.5,-58:51:07,
510,10:57:27.7,-79:14:23.6,
511,10:58:34.2,-59:57:36.4,
512,10:59:00.8,-57:42:14.5,
513,10:59:27.5,+64:59:32,
514,11:01:44.9,-61:01:39.6,
515,11:01:37.1,-64:24:39.3,
516,11:03:33.2,-54:03:43.2,
517,11:03:31.4,-60:25:36.3,
518,11:04:17.2,-61:03:03.8,
519,11:05:24.8,-43:53:05,
520,11:05:00.4,-60:37:16.3,
521,11:05:26.1,-61:07:48.9,
522,11:06:28.4,-64:39:00.0,
523,11:07:34.4,-59:07:18.7,
524,11:07:58.7,-59:47:04,
525,11:07:12.3,-61:43:59,
526,11:10:00.3,-56:37:32.5,
527,11:11,+58:52,
528,11:12:14.8,-61:03:31.1,
529,11:12:38.4,-66:13:04.6,
530,11:12:50.7,-69:26:32.3,
531,11:14:22.6,-61:00:32.1,
532,11:15:38.4,+50:30:12.2,
533,11:15:53.7,-60:52:18.6,
534,11:16:23.2,-24:44:56.1,
535,11:16:43.0,-41:22:43.9,
536,11:17:23.8,-61:54:22,
537,11:17:45.0,-64:47:58,
538,11:19:14.3,-61:27:49.5,
539,11:19:40.8,-79:36:30.3,
540,11:20:22.4,-36:18:32.2,
541,11:21:19.0,-54:44:05.1,
542,11:22,-35:46,
543,11:23:15.6,-48:44:22.7,
544,11:23:41.7,-61:02:06.2,
545,11:23:55.5,-62:59:10.9,
546,11:23:52.2,-66:51:49.0,
547,11:24,-36:00,
548,11:24:56.4,-56:38:39.7,
549,11:24:39.0,-59:16:19,
550,11:24:59.5,-64:21:17,
551,11:25:44.3,-58:25:16.8,
552,11:25:55.2,-60:14:06.6,
553,11:25:59.8,+78:19:48.7,
554,11:26,-27:37,
555,11:26:18,-38:38,
556,11:26:52.6,-60:54:39.9,
557,11:26:21.6,-69:42:15.8,
558,11:28:46.7,-62:19:09,
559,11:29:21,-53:31,
560,11:30:16.3,-58:26:02.3,
561,11:30:10.4,-59:25:34.1,
562,11:30:31.9,-68:07:28.5,
563,11:32:50,+25:15,
564,11:32:14.5,-47:00:36.5,
565,11:32:15.7,-56:27:28.9,
566,11:33:51.4,-62:50:50.6,
567,11:35:56,-49:25:31,
568,11:35,-60:55,
569,11:36:03.1,+15:51:14.1,
570,11:36:02.1,-55:25:06.9,
571,11:36:25.2,-65:27:19.5,
572,11:37:32.0,-67:00:33.0,
573,11:37:02.0,+75:28:02.3,
574,11:38:21.6,-62:07:59.3,
575,11:41:25.6,-31:07:52.6,
576,11:41:42.7,-33:22:37.3,
577,11:41:07.0,-65:45:19.1,
578,11:42:50.1,+01:19:35.6,
579,11:42:52.5,-62:30:03.9,
580,11:43:15.0,-51:58:39.8,
581,11:43:09.7,-55:36:04.5,
582,11:44:34.8,-61:46:49,
583,11:44:02.1,-62:17:30.3,
584,11:46:07.7,-60:30:59.6,
585,11:47,-66:00,
586,11:48:28.5,-57:25:12.6,
587,11:48:37.8,-64:15:33,
588,11:51:56.8,-61:08:17.6,
589,11:52:10.0,-58:00:34,
590,11:52:53.8,-60:12:21,
591,11:53,-21:18,
592,11:54:20.1,-62:50:02.7,
593,11:56:07.4,-57:07:02.1,
594,11:56:21.5,-59:09:12.3,
595,11:57:08.1,-51:12:56.1,
596,11:57:15.2,-62:24:50.9,
597,11:59:21.7,-64:09:57,
598,11:59:35.7,-79:10:05.6,
599,12:01:23.0,-63:06:59.5,
600,12:02:28.3,-58:20:33.6,
601,12:04:36.7,-68:43:17.1,
602,12:07:21.8,-50:50:30.3,
603,12:08:13.9,-62:38:03.3,
604,12:10:00.9,-52:26:28.4,
605,12:10:05.9,-55:59:03.8,
606,12:10:46.7,-63:22:20.9,
607,12:10:42.0,-65:50:04.6,
608,12:11:24.1,-63:24:45.2,
609,12:14:08.4,-58:30:25.9,
610,12:15:00.6,-53:28:31.6,
611,12:16:20,-50:27:01,
612,12:16:41.9,-62:23:57.0,
613,12:16:07.3,-64:10:09.2,
614,12:20:17.8,-63:18:46.5,
615,12:22:52.3,-57:38:20,
616,12:23:40.1,-58:56:48.9,
617,12:24:44.2,-62:08:41.1,
618,12:24:22.2,-64:07:53.8,
619,12:25:43.8,-55:56:43.1,
620,12:25:28.6,-60:35:37.6,
621,12:25:42.8,-64:08:43,
622,12:26:14.4,+00:05:44,
623,12:26:46.6,-32:23:01,
624,12:27:58.7,-48:53:42.7,
625,12:27:00.4,-62:08:43.7,
626,12:27:12,-63:09,
627,12:31:11.3,-14:11:43.6,
628,12:31:45.7,-46:09:45.2,
629,12:31:13.0,-63:03:18,
630,12:32:19.1,-47:42:50.9,
631,12:32:17.8,-65:01:03.3,
632,12:33:31.5,-63:12:29,
633,12:33:39.9,-63:44:55,
634,12:34:12.0,-36:30:41.1,
635,12:35:19,-54:57,
636,12:35:57.7,-63:54:30.4,
637,12:36:02.5,-01:59:10,
638,12:36:59.1,-50:33:36.3,
639,12:37:25.9,-67:25:33.9,
640,12:38:23.1,+21:52:11.1,
641,12:39:40.4,+24:53:49.2,
642,12:39,-48:00,
643,12:39:58.9,-68:32:28.9,
644,12:40:17.6,-41:24:51.7,
645,12:42:34,+39:38,
646,12:43:00,+17:52,
647,12:43:35.3,-57:35:42.8,
648,12:43:17.1,-64:23:23.7,
649,12:44:11.4,-50:53:20.6,
650,12:44:47.6,-63:59:47.4,
651,12:44:38.3,-65:31:12,
652,12:45:21.1,-62:38:55.9,
653,12:46:49.3,+22:53:43.2,
654,12:48:46.3,-63:44:09.6,
655,12:48:32.8,-64:44:00.0,
656,12:49:54.3,-65:07:19.8,
657,12:51:52.9,-74:07:15.0,
658,12:52:42.6,-63:14:32.7,
659,12:53:28.3,-58:20:40.8,
660,12:54:32.4,-61:50:50.8,
661,12:55,-46:00,
662,12:55:54.8,-61:31:10.1,
663,12:55:18,-62:48,
664,12:57:04.7,-10:27:05.5,
665,12:59:22.6,-67:41:40.2,
666,13:00:03.5,+12:40:56.4,
667,13:00:26.9,-66:02:16.8,
668,13:01:38.2,+08:33:57.5,
669,13:01:45.7,-63:05:33.9,
670,13:01:28.3,-63:10:40.5,
671,13:02,-32:00,
672,13:02:04,-63:44:53,
673,13:02:19.2,-63:13:29,
674,13:02:47.6,-63:50:08.6,
675,13:03:18,+38:13,
676,13:03:00.0,-63:05:00.8,
677,13:05:21.1,-62:03:21.0,
678,13:05:28.0,-62:56:39,
679,13:05:23.4,-64:55:28.5,
680,13:05:36,-66:39,
681,13:06:56.3,-40:35:23.3,
682,13:06:44.6,-62:42:03,
683,13:06:38.1,-66:17:21.2,
684,13:07:54.7,-63:18:35,
685,13:07:41,-67:03:27,
686,13:08:48.2,+21:27:06.7,
687,13:08:44.5,-46:50:29.7,
688,13:08:21.0,-58:44:13.8,
689,13:09:16.6,-64:15:59,
690,13:09:00.2,-65:26:16.6,
691,13:11:52.6,-12:28:01.6,
692,13:11:45.7,-34:30:30.3,
693,13:12:46.6,+00:51:00.1,
694,13:12:55,+18:10,
695,13:12:04.7,-54:02:42.5,
696,13:12:53.5,-55:16:47.3,
697,13:12:07.1,-64:00:55.6,
698,13:13:23.0,+09:31:56,
699,13:14:23.4,-61:01:16,
700,13:16:46.3,-62:32:12.2,
701,13:17:46.2,-57:59:30.5,
702,13:17:44.6,-63:02:52.2,
703,13:19:20.2,-60:56:46.7,
704,13:19:26.3,-61:05:26.2,
705,13:20:12.6,-35:12:26.0,
706,13:20:53.9,-53:59:05.0,
707,13:20,+67:30,
708,13:21:39.5,-59:22:52.1,
709,13:21:45.6,+83:23:39.4,
710,13:22:54,-62:51,
711,13:22:32.1,-62:41:53.5,
712,13:22:18.0,-63:29:37,
713,13:24:43.9,-61:46:00,
714,13:24:13.6,-63:02:21.1,
715,13:26:42,+33:46,
716,13:26:58.2,-58:59:29.2,
717,13:26:32.4,-64:08:43.8,
718,13:26:02.7,-67:00:49.2,
719,13:27:57.5,-07:55:29.8,
720,13:27:17.1,-62:22:45.4,
721,13:27:07.4,-63:01:15.5,
722,13:27:10.2,-64:00:13.1,
723,13:28:06.4,-43:57:44.1,
724,13:28:33.5,-49:21:33.4,
725,13:29:00,+13:44,
726,13:29:03.3,-61:58:59,
727,13:31:00.0,-52:45:25.4,
728,13:32,-03:26,
729,13:32:52.4,-30:32:17.3,
730,13:33:44.8,-44:49:26.2,
731,13:34:30,+10:05,
732,13:34:30.1,-58:39:16.5,
733,13:35:36,-36:42,
734,13:36:20.8,-25:22:01.6,
735,13:36:00,+33:46,
736,13:37:06,-44:43,
737,13:37:20.3,-63:06:23.3,
738,13:37:31.8,-64:23:04.9,
739,13:38:09.2,-62:04:18.7,
740,13:39:56.5,-47:12:05.5,
741,13:39:56.6,-66:18:07.8,
742,13:40:00.3,-64:56:42.9,
743,13:41:07.3,-60:23:34.7,
744,13:41:42.6,-62:20:20.7,
745,13:42:11,+28:22:32,
746,13:42:11.0,+28:22:40.1,
747,13:42:11,+28:22:32,
748,13:42:10.2,+28:22:36,
749,13:43:59.2,+66:34:25.0,
750,13:44:53.0,-58:55:24.7,
751,13:44:39.6,-60:59:31,
752,13:45:44.4,-61:15:30.6,
753,13:46:22.3,-49:18:07.2,
754,13:47:19.3,-59:47:39.8,
755,13:48:42.4,-63:07:04,
756,13:49:36.6,-61:30:17.1,
757,13:49:18,-63:56,
758,13:50:16.1,-51:15:24.5,
759,13:50:44.4,-62:25:43.8,
760,13:52:34.4,-68:03:37.1,
761,13:54:35,-62:49:30,
762,13:55:58.6,-51:53:53.9,
763,13:55:36.9,-57:47:15,
764,13:55:59.1,-59:25:00.9,
765,13:55:21.3,-62:06:20.1,
766,13:56:50.5,-55:21:12.9,
767,13:57:25,-62:28,
768,13:57:02.4,-64:29:30.2,
769,13:58:42,-25:33,
770,13:59:58.2,-60:38:07.5,
771,14:00:37.0,-14:31:47.0,
772,14:00:18,+21:27,
773,14:00:45.6,-63:25:42.6,
774,14:01:52.4,-63:57:42.0,
775,14:02:56.0,-50:21:43,
776,14:03:41,-03:15:28,
777,14:03:14.0,-63:10:27,
778,14:03:04.1,-76:46:57.5,
779,14:04:36.9,+11:59:16.0,
780,14:05:21.4,-46:56:02.3,
781,14:05:12.4,-56:41:24.2,
782,14:05:48,-42:33,
783,14:06:01.2,-58:06:32,
784,14:06:50.0,-61:21:27.9,
785,14:07:58.6,-60:48:58.8,
786,14:07:56.5,-61:53:59,
787,14:09:16.9,-69:53:34.4,
788,14:10:24,-61:32,
789,14:10:07.3,-74:04:53.3,
790,14:11:18.8,+25:51:08.3,
791,14:12:59.6,-61:11:30.5,
792,14:12:07.6,-61:45:28.4,
793,14:12:55.8,+79:22:03.8,
794,14:13:09.8,-61:41:13,
795,14:13:29.9,-62:05:38,
796,14:13:05.4,-62:22:27.8,
797,14:13:31.3,-63:07:35.4,
798,14:14:25.7,-68:02:58,
799,14:15:31.2,-66:21:12.2,
800,14:16:44.6,-50:33:17,
801,14:16:30.5,-60:37:59.5,
802,14:17:30.6,-44:02:57.4,
803,14:18:50.2,-39:21:18.5,
804,14:18:32.3,-59:45:00,
805,14:18:42.7,-60:57:49,
806,14:20:29.1,-54:16:22.7,
807,14:20:03.0,-56:25:55.0,
808,14:20:08.2,-60:48:16.4,
809,14:21:20.9,-44:09:04.5,
810,14:22:27.0,-61:38:28,
811,14:23:26.7,-69:53:42.8,
812,14:24:12.7,-55:56:13.9,
813,14:24:23,-56:40:47,
814,14:24:32.1,-58:22:55.7,
815,14:24:59.2,-64:38:10.0,
816,14:25:36.5,-57:23:30.8,
817,14:25:59.1,-57:59:10.2,
818,14:25:07.7,-62:10:04.9,
819,14:27:00,+52:10,
820,14:27:50.7,-41:58:56.3,
821,14:28:26.2,-55:30:50.0,
822,14:29:58.6,-59:11:36.6,
823,14:29:25.9,-59:35:58.9,
824,14:30:16.1,-57:12:31.4,
825,14:30:40.7,-66:23:05.5,
826,14:31:44.6,-47:15:27.5,
827,14:31:03.4,-57:40:11.6,
828,14:13:21.2,-63:28:08.6,
829,14:32:52.2,-50:32:17.3,
830,14:33:30,+00:28,
831,14:33:13.1,-60:38:34.7,
832,14:34:58.3,-59:43:41.6,
833,14:34:05.3,-60:06:29.0,
834,14:34:39.1,-60:29:49,
835,14:33:59.7,+72:57:26.5,
836,14:35:00.2,-59:54:49.5,
837,14:35:20.2,-61:00:57.9,
838,14:37:01.9,-59:59:01.4,
839,14:37:15.3,-61:46:02.0,
840,14:39:39.7,-55:01:23.6,
841,14:39,+76:55,
842,14:40:31.2,-63:44:48.4,
843,14:41:44.3,-61:37:24,
844,14:43:26.9,-51:22:26,
845,14:44:46.5,-59:41:19,
846,14:44:06.0,-60:26:09.4,
847,14:46:35.7,-47:01:26.7,
848,14:49:25.4,-58:46:40.4,
849,14:52:52.6,-58:51:13.2,
850,14:52:51.8,-60:36:31.3,
851,14:53:45.7,+19:02:12.1,
852,14:53:32.6,-64:13:16.0,
853,14:54:10.9,-58:46:34.7,
854,14:55:47.9,-33:30:46.3,
855,14:55:06,-59:23,
856,14:56,-48:00,
857,14:55:59.9,-68:43:39.5,
858,14:57:40.0,-51:22:54.9,
859,14:57:39.0,-59:00:51,
860,14:57:31.9,-59:02:04,
861,14:59:29.9,-60:53:20.7,
862,15:01:44.9,-00:46:23.5,
863,15:01:51.0,-56:37:48,
864,15:02:09,+28:13,
865,15:02:57.3,-56:53:39.2,
866,15:02:43.8,-58:28:42,
867,15:02:29.8,-61:28:50.3,
868,15:02:18.6,-67:52:16.7,
869,15:03:54.6,+21:11:09.3,
870,15:04:49.1,-56:21:32,
871,15:04:31.9,-56:59:19.4,
872,15:06:39.5,-51:58:10,
873,15:07:34.1,-43:52:04.0,
874,15:07:03.5,-58:00:56.2,
875,15:07:48.6,-66:40:57.8,
876,15:09:25.6,+55:31:32.3,
877,15:09:27.1,-58:50:56.0,
878,15:09:07.5,-60:15:18.6,
879,15:10:48.9,-44:22:07,
880,15:11:51.2,-54:14:40.3,
881,15:11:07.0,-58:35:28,
882,15:12:05.7,-54:31:19,
883,15:12:43.0,-57:59:59.8,
884,15:13:23.3,-25:50:31.2,
885,15:13:58.9,-57:39:01.4,
886,15:13:55.8,-59:08:09.6,
887,15:13:44.7,-59:46:31.9,
888,15:13:54.0,-60:13:26.5,
889,15:14:14.5,-48:34:19.9,
890,15:14:19.1,-49:46:15.5,
891,15:14:40.1,-53:16:02.3,
892,15:14:59.1,-59:25:43.5,
893,15:15:09.2,-57:20:50.1,
894,15:16:32.3,-43:20:00,
895,15:17:01,-32:26:05,
896,15:17:27.3,-43:56:17.9,
897,15:17:29.3,-46:36:00.6,
898,15:18:33.3,+02:05:27.5,
899,15:18:31.4,+02:05:15.4,
900,15:18:32.7,+02:04:47.8,
901,15:18:34,+02:04:58,
902,15:18:34,+02:04:58,
903,15:18:59.1,-06:27:07.7,
904,15:18:56.9,-39:52:30.3,
905,15:18:16.7,+49:04:34.2,
906,15:18:13.5,-54:15:45.0,
907,15:19:47.5,-57:34:13.6,
908,15:19:35.8,-61:06:54.6,
909,15:19:09.5,-63:08:19.5,
910,15:22:06.7,-55:25:17.5,
911,15:22:05.3,-57:35:00,
912,15:22:42.2,-58:29:02.8,
913,15:24:49.8,-56:25:23.4,
914,15:24:21.4,-57:06:34.6,
915,15:24:24.6,-58:19:14.1,
916,15:25:28.3,-54:17:20,
917,15:25:36.0,-55:23:27.2,
918,15:25:28.1,-55:45:49.8,
919,15:25:41.4,-56:05:13,
920,15:26:41.2,-56:33:43,
921,15:27:58.8,-39:31:34.2,
922,15:27:40.7,-55:52:08.3,
923,15:28:34.9,-31:46:06.8,
924,15:28:08.0,-41:09:28.8,
925,15:28:39.1,-55:47:23,
926,15:28:24.3,-58:38:01,
927,15:29:15.1,-38:28:45.8,
928,15:29:12,+40:49,
929,15:29:57.6,-53:55:36,
930,15:29:35.8,-56:11:29,
931,15:30:26.8,-53:27:56.0,
932,15:30:47.6,-63:43:13.6,
933,15:31:08.0,-40:12:30.9,
934,15:31:27.9,-56:10:55.3,
935,15:32:10.3,+27:45:49.6,
936,15:32:35.5,-53:08:06,
937,15:32:18,-56:32,
938,15:34:52.0,-44:28:09.4,
939,15:34:08,-46:14,
940,15:34:08.2,-53:34:19.6,
941,15:34:33.5,-54:05:39.7,
942,15:35:17.0,-41:14:03.1,
943,15:35:55.9,-44:15:08.4,
944,15:35:58.2,-54:50:26,
945,15:35:16.7,-58:48:27.7,
946,15:36:15,+17:49,
947,15:36:17.3,-36:02:58.8,
948,15:36,-49:48,
949,15:36:04.8,-54:33:15,
950,15:36:17.7,-59:07:03.6,
951,15:37:09.9,+11:55:55.4,
952,15:37:28.2,-49:12:03,
953,15:37:15.7,-51:53:06,
954,15:37:37.6,-53:12:25.0,
955,15:37:51.0,-56:45:04,
956,15:38:06.0,+23:45:04.0,
957,15:38:48.9,-54:38:17,
958,15:38:40.8,-55:19:46,
959,15:38:45.0,-55:51:36.9,
960,15:38:43.2,-56:21:55.5,
961,15:38:05.7,-56:38:12,
962,15:38:18.1,-57:32:29.3,
963,15:38:08.4,-57:50:17.1,
964,15:39:40.8,-48:28:57,
965,15:39:07.9,-55:21:11.2,
966,15:39:14.0,-56:26:26.3,
967,15:39:24.7,-63:22:53.2,
968,15:40:59.0,-57:36:57,
969,15:41:55,-42:18:50,
970,15:41:49.6,-55:35:01,
971,15:42:45.3,-50:34:03.6,
972,15:42:19.9,-51:33:35,
973,15:42:54.5,-53:03:41,
974,15:43:30.1,-06:20:45.3,
975,15:43:38.8,+09:29:16.3,
976,15:43:58.2,-50:13:58,
977,15:43:44.1,-51:49:54.6,
978,15:43:56.4,-54:59:15.0,
979,15:44:04.4,+49:37:55.2,
980,15:44:59.8,-53:08:46.9,
981,15:45:55.9,-45:50:37.5,
982,15:46:03.4,-37:47:10.1,
983,15:46:07.4,-53:02:23.0,
984,15:46,-59:00,
985,15:47:46.0,-09:44:07.8,
986,15:47:24.1,-57:09:17.5,
987,15:47:30.6,-57:50:29.4,
988,15:47:34.9,-58:39:09.8,
989,15:48:23.2,-48:21:49.7,
990,15:48:19.4,-49:27:40.4,
991,15:48:44.0,-56:07:34.3,
992,15:49:40.9,+21:13:26.9,
993,15:49:21.0,-48:48:35.5,
994,15:49:05,-57:21:37,
995,15:49:47.9,-57:22:02,
996,15:50:02.9,-52:42:07.0,
997,15:50:04.8,-53:17:21,
998,15:50:54.1,-54:18:24.1,
999,15:51:07.2,-06:58:06.5,
1000,15:51:48.0,-44:24:42,
1001,15:51:41.0,-53:11:00.5,
1002,15:51:36.7,-62:14:23.3,
1003,15:52:13.2,-49:37:49.7,
1004,15:52:53.3,+54:37:05.7,
1005,15:53:59.6,-54:56:06.2,
1006,15:54:17,+18:04,
1007,15:54:27.1,-52:09:38.3,
1008,15:54:40.5,-55:12:33,
1009,15:55:58,+01:08,
1010,15:55:40.0,-05:15:57.4,
1011,15:55:33.1,-23:41:09.9,
1012,15:55:17.9,-31:34:20.1,
1013,15:56:51.5,-53:58:55,
1014,15:57:00.2,-42:58:12.6,
1015,15:57:29.3,-51:51:08.4,
1016,15:58:41.4,-54:19:26,
1017,15:58:30.5,-57:56:26.1,
1018,15:58:21,-67:35:59,
1019,15:59,-44:00,
1020,15:59:41.5,-44:38:45.9,
1021,15:59:20.7,-55:45:47,
1022,16:00:51.9,-30:53:49.3,
1023,16:00:53.0,-50:44:21.3,
1024,16:00:19.9,-57:51:15.3,
1025,16:00:35.0,-59:16:59,
1026,16:01:24,-50:23,
1027,16:01:27.3,-52:44:09,
1028,16:01:54.8,-53:35:44.1,
1029,16:02:18.2,-49:57:32,
1030,16:02:18.7,-51:00:06.1,
1031,16:03:34,+18:51,
1032,16:03:04.8,-25:31:47.9,
1033,16:03:08.0,-27:13:27.6,
1034,16:03:53.6,-35:39:57.1,
1035,16:03:50.8,-53:12:58.0,
1036,16:03:31.4,-56:57:44.1,
1037,16:03:35.6,-72:02:32.7,
1038,16:04:24,-31:39,
1039,16:04:32,-44:43,
1040,16:04:29.4,-47:18:47.9,
1041,16:04:22.9,-49:09:57.9,
1042,16:04:29.1,-72:03:30.4,
1043,16:05:18.5,+32:49:18.0,
1044,16:05:19.0,-52:15:48,
1045,16:05:16.2,-52:57:34.8,
1046,16:07:12.0,-00:32:41.5,
1047,16:07:49.3,-51:40:16,
1048,16:07:48.7,-64:49:43.0,
1049,16:09:05.3,-19:30:08,
1050,16:09:41.1,-46:16:22.5,
1051,16:09:26.7,-51:58:18,
1052,16:10:42.7,-13:22:22,
1053,16:10:11,-17:50,
1054,16:10:44.3,-50:06:42.2,
1055,16:10:12.8,-53:03:49,
1056,16:11,-01:28,
1057,16:11:02.7,-48:11:39,
1058,16:11:46.6,-49:49:57.2,
1059,16:11:03.3,-52:09:22.1,
1060,16:11:51.3,-58:47:42.3,
1061,16:12:23.4,+20:08:18.3,
1062,16:12:26.0,-24:08:04,
1063,16:12:54,-49:27,
1064,16:12:28.0,-50:22:57.3,
1065,16:12:00.6,-51:36:54,
1066,16:12:06,-55:09,
1067,16:12:27.8,-58:05:29.2,
1068,16:13:29.0,-47:14:26.4,
1069,16:13:42.4,-52:11:21.0,
1070,16:13:57.4,-52:34:17,
1071,16:14:40.9,+07:37:31.0,
1072,16:14:36.5,-22:30:31.2,
1073,16:14,-23:15,
1074,16:14:42.5,-38:46:35,
1075,16:14:31.2,-39:37:28.8,
1076,16:14:11.2,-50:48:03.5,
1077,16:14:45.7,-51:44:49,
1078,16:14:50.3,-54:02:47,
1079,16:15:52.8,-29:40:16,
1080,16:15:17.3,-49:58:02.0,
1081,16:15:01.1,-54:44:32.4,
1082,16:15:40.4,-55:37:00.5,
1083,16:16:29.8,-50:17:14.9,
1084,16:16:30.9,-51:09:17,
1085,16:16:23.4,-52:08:48,
1086,16:17:23.3,-42:16:59,
1087,16:17:35.1,-46:08:36.5,
1088,16:17:29.3,-50:55:13.2,
1089,16:18:32.1,-36:03:42,
1090,16:18:18.8,-39:21:01.8,
1091,16:18:52.7,-46:24:34.9,
1092,16:18:06.8,-47:23:19.1,
1093,16:19:06,-42:02,
1094,16:20:41.5,-49:27:37.1,
1095,16:20:14.4,-54:14:51.7,
1096,16:21:04.7,-50:39:48.6,
1097,16:21:55.8,-52:43:44,
1098,16:22:59.6,-03:15:37.3,
1099,16:22:04.5,-37:51:13.9,
1100,16:22:45.4,-43:32:28.2,
1101,16:22:30.0,-43:47:21.4,
1102,16:22:47.1,-48:02:13.1,
1103,16:22:05.4,-48:46:29,
1104,16:22:37.5,-49:44:30,
1105,16:22:44.8,-49:50:54.4,
1106,16:22:03.6,-66:17:16.9,
1107,16:23:42.6,-08:41:36.6,
1108,16:23:17.6,-09:08:48.7,
1109,16:23:38.2,-26:31:53.7,
1110,16:23:48.2,-42:56:52.6,
1111,16:23:54.8,-49:49:04,
1112,16:23:04.1,-50:05:15.1,
1113,16:24:09.9,-40:41:29.7,
1114,16:24:21.3,-44:11:33.8,
1115,16:24:18.7,-46:13:02,
1116,16:24:54.8,-47:21:27,
1117,16:24:00.9,+58:50:15.7,
1118,16:24:32.7,+86:43:13.2,
1119,16:25:10.3,-40:48:21.5,
1120,16:25:18.0,-49:04:33.6,
1121,16:25:16.4,-49:13:44.6,
1122,16:27:00,-44:22,
1123,16:26:48.9,-45:37:25.6,
1124,16:26:42.5,-48:07:54,
1125,16:26:06.8,-66:21:15.2,
1126,16:27:18.7,+14:19:20.7,
1127,16:27:28.7,-47:06:50.2,
1128,16:27:10.3,-48:45:08,
1129,16:27:42,-49:54,
1130,16:27:30,-51:08,
1131,16:27:21.0,-55:47:52.4,
1132,16:27:52.5,-59:36:55.3,
1133,16:28:07.0,-32:05:48.9,
1134,16:28:50.3,+44:06:42.6,
1135,16:28:26.8,-48:04:59,
1136,16:28:30.9,-48:28:42,
1137,16:29:35.8,-36:36:13,
1138,16:29:14.6,-38:25:29.3,
1139,16:29:08.7,-69:02:45.2,
1140,16:30:36.4,+37:34:42.0,
1141,16:30:02.4,-47:19:42,
1142,16:30:37.4,-47:33:05.0,
1143,16:31:52.4,-16:12:52.0,
1144,16:31:18.3,-41:55:03.7,
1145,16:32:54.2,-10:13:18,
1146,16:32:14.0,-45:09:09,
1147,16:32:49.8,-46:21:48.6,
1148,16:32:16.6,-47:57:34.5,
1149,16:32:39.7,-48:18:53.8,
1150,16:33:55.3,-20:10:09,
1151,16:33:47.0,-44:53:07.8,
1152,16:33:05.4,-48:05:36,
1153,16:33:00.0,-50:15:08.3,
1154,16:34:14.6,-42:29:44.3,
1155,16:34:30,-49:52,
1156,16:34:04.9,-51:07:45.6,
1157,16:34:19.1,-56:40:48.7,
1158,16:35:47.3,-15:11:52,
1159,16:35:05.3,+23:32:23.2,
1160,16:35:25.7,+24:18:47.3,
1161,16:35:55.4,-45:13:27,
1162,16:35:51.8,-47:35:23.3,
1163,16:35:55.4,-49:44:36,
1164,16:35:09.0,-59:54:41,
1165,16:36:11.5,-26:14:47.0,
1166,16:36:16.5,-44:40:25,
1167,16:36:32.0,-48:03:55,
1168,16:36:55.1,-49:33:10,
1169,16:37:56.8,-43:35:42,
1170,16:37:53.1,-44:50:26.3,
1171,16:37:58.6,-45:53:26.8,
1172,16:37:36,-46:13,
1173,16:37:13.7,-46:42:14.2,
1174,16:37:11.4,-47:21:03,
1175,16:37:58.6,-48:16:12,
1176,16:38:37.3,-38:15:03.4,
1177,16:38:15.5,-39:51:59,
1178,16:38:16.2,+40:05:56.3,
1179,16:38:24.7,-42:33:55,
1180,16:38:52.8,-43:44:04,
1181,16:38:18,-44:40,
1182,16:38:46.2,-44:17:03.2,
1183,16:38:23.2,-46:08:13.4,
1184,16:38:12.9,-47:25:32,
1185,16:38:59.9,-52:26:57.4,
1186,16:39:06.8,-43:59:52,
1187,16:39:21.2,-46:04:33.1,
1188,16:40:16.7,+22:24:08.8,
1189,16:40:43.5,-46:31:35.4,
1190,16:40:47.6,-46:48:45,
1191,16:40:13.0,-47:15:38.1,
1192,16:40:43.5,-49:51:02.1,
1193,16:41:18.0,-23:47:36,
1194,16:41:40.8,+36:27:15.4,
1195,16:41:41,+36:27:37,
1196,16:41:41,+36:27:37,
1197,16:41:41,+36:27:37,
1198,16:41:41,+36:27:37,
1199,16:41:15.9,-53:17:48.8,
1200,16:41:20.8,+80:49:52.9,
1201,16:43:38.1,-12:24:58.6,
1202,16:43:54.1,+13:38:43.9,
1203,16:43:36.9,-45:05:45.8,
1204,16:43:20.4,-45:22:01,
1205,16:43:13.5,-45:50:54.5,
1206,16:44,-33:00,
1207,16:44:36,-44:10,
1208,16:44:49.2,-45:59:09.7,
1209,16:44:06,-46:26,
1210,16:44:38.5,-46:57:38,
1211,16:45:02.0,-03:17:57.8,
1212,16:45:34.4,+10:12:16.0,
1213,16:46:18.1,-21:42:09.0,
1214,16:46:55.3,-43:08:07,
1215,16:46:51.3,-43:46:38,
1216,16:46:36.3,-51:23:14.6,
1217,16:46:54.9,-68:31:51.7,
1218,16:47:46.5,-36:07:04,
1219,16:47:10.2,-45:52:16.8,
1220,16:47:32.5,+66:08:22.2,
1221,16:48:06.0,-32:56:40.8,
1222,16:48:13.0,-44:58:26,
1223,16:48:22.0,-46:11:15.7,
1224,16:48:51.2,-60:44:25.5,
1225,16:49:44.2,+25:33:07.0,
1226,16:49:48.2,-38:05:59.1,
1227,16:49:06.6,-39:35:44.2,
1228,16:49:20.4,-43:49:22.2,
1229,16:49:24.6,-46:53:09.3,
1230,16:49:18.2,-47:29:53,
1231,16:49:31.1,-55:53:40,
1232,16:50:27.1,-16:54:42.2,
1233,16:50:13.1,-41:26:33.8,
1234,16:50:44.6,-43:41:30.8,
1235,16:50:32.3,-45:02:37.3,
1236,16:50:18.6,-46:01:18.6,
1237,16:50:35.1,-49:21:03.7,
1238,16:51:00,+14:22,
1239,16:51:31.7,-17:09:22,
1240,16:51:48.7,-42:46:09.9,
1241,16:51:57.2,-45:19:11,
1242,16:51:42.9,-52:22:58.3,
1243,16:51:41.4,-52:55:47.7,
1244,16:51:07.8,-76:42:39.5,
1245,16:52:16.6,-14:00:27.4,
1246,16:52:58.5,-24:03:51,
1247,16:52:03.0,+26:51:40.4,
1248,16:52:59.5,-44:06:05,
1249,16:52:54,-48:45,
1250,16:53:31.0,-20:54:55.1,
1251,16:53:39.7,-38:38:20.8,
1252,16:53:34.2,-40:30:01.4,
1253,16:53:25.3,-41:05:25.6,
1254,16:53:40.2,-42:49:03.3,
1255,16:53:29.7,-43:15:01,
1256,16:53.9,-45:17,
1257,16:53:56.7,-48:54:51,
1258,16:54:03,-23:35,
1259,16:54:39,-26:36:18,
1260,16:54:23.6,-27:13:02,
1261,16:54:44.4,-37:10:57.1,
1262,16:54:23.5,-41:40:24,
1263,16:54:22.0,-42:45:39,
1264,16:55:24.5,-30:48:42,
1265,16:55:38.6,-38:44:09,
1266,16:56:41,+00:26,
1267,16:56:32.9,-36:21:59.7,
1268,16:56:10.2,+62:03:50.4,
1269,16:57:50.6,+33:04:33.6,
1270,16:57:36.7,-44:32:20,
1271,16:58:26.5,+36:30:30.0,
1272,16:58:16.6,-43:06:50,
1273,16:58:24,-47:12,
1274,16:58:54.9,-49:58:58.4,
1275,16:58:39.3,-53:24:07.0,
1276,16:59:53.0,-13:05:09.0,
1277,16:59:56.3,-43:16:06,
1278,16:59:39.4,-44:39:01,
1279,16:59:23,-54:00,
1280,17:00:52.9,-33:12:46.5,
1281,17:00:49.3,-36:11:53,
1282,17:00:22.2,-39:19:00.0,
1283,17:00:38.5,-40:12:38.6,
1284,17:00:53.6,-44:22:27,
1285,17:00:22.5,-49:39:15,
1286,17:01:12.5,-30:06:30.1,
1287,17:01:12.6,-30:06:49.0,
1288,17:01:12.8,-30:06:59.4,
1289,17:01:13.5,-30:06:42.5,
1290,17:01:13.2,-30:06:46.8,
1291,17:01:12.8,-30:06:51.8,
1292,17:01:43.5,-31:30:36.7,
1293,17:01:18.4,-37:26:27.2,
1294,17:01:29.1,-45:33:48.7,
1295,17:01:12.8,-49:58:33,
1296,17:02:14.3,-39:32:40,
1297,17:02:52.5,-41:28:48.2,
1298,17:02:36.4,-42:17:01.2,
1299,17:02:27.3,-43:06:45.1,
1300,17:02:26.9,-43:10:40,
1301,17:02:52.6,-44:28:03,
1302,17:03:26,-18:48:54,
1303,17:03:51.0,-18:46:14.8,
1304,17:03:22.5,-32:41:48.0,
1305,17:03:26,-38:12,
1306,17:03:20.5,-44:42:42,
1307,17:03:54.5,-48:52:01.0,
1308,17:04:57.4,-37:56:42.9,
1309,17:04:40.5,-52:36:57.4,
1310,17:04:14.8,-60:16:54,
1311,17:05,-04:41,
1312,17:05:27,-19:08:04,
1313,17:05:36.0,-19:06:38.6,
1314,17:05:42.3,-34:23:43.1,
1315,17:05:37.1,-39:36:29,
1316,17:05:29.8,-39:50:59,
1317,17:05:20.4,-41:08:44,
1318,17:05:35.9,-43:31:13.6,
1319,17:05:15.3,-61:35:15,
1320,17:06:21.3,-38:39:51,
1321,17:06:04.5,-43:10:21,
1322,17:06:23.1,-44:34:30.0,
1323,17:07,+59:10,
1324,17:06:09.7,-61:18:11.7,
1325,17:07:00,+35:56,
1326,17:07:21.7,-40:53:55.1,
1327,17:07:40.1,-43:41:12.0,
1328,17:07:41.4,-44:17:19,
1329,17:07:15.5,-47:29:34.5,
1330,17:08:39,+01:48:06,
1331,17:08:57.7,-34:26:44.0,
1332,17:08:17.6,-35:06:22.6,
1333,17:08:35.9,-36:41:21.5,
1334,17:08:16.5,-38:27:36,
1335,17:08:46.8,-40:08:52.4,
1336,17:08:12.9,-45:22:51,
1337,17:08,-52:00,
1338,17:08:02.5,-75:39:23,
1339,17:09:26.4,-16:40:57.7,
1340,17:09:05.7,+23:13:27.8,
1341,17:09:45.1,-36:26:03.6,
1342,17:09:15.9,-38:41:17,
1343,17:09:47,-43:54:43,
1344,17:09:30.9,-43:42:14,
1345,17:09:41.3,-44:01:11.2,
1346,17:09:42.7,-44:29:08.2,
1347,17:10:04.9,-26:16:35,
1348,17:10:30,-37:30,
1349,17:10:23.7,-41:48:19,
1350,17:10:04.4,+49:23:11.4,
1351,17:11:55.0,-15:09:39.7,
1352,17:11:44.4,-38:26:14,
1353,17:11:10.5,-43:22:53.1,
1354,17:11:53.1,-53:50:18.3,
1355,17:12:11.7,-27:15:53,
1356,17:12:35,-39:43,
1357,17:12:35,-39:43,
1358,17:13:49.5,+07:47:37.5,
1359,17:13:02.3,-38:44:29,
1360,17:13:28,-39:49,
1361,17:13:27.0,+78:10:33.9,
1362,17:14:40.1,-10:54:10.9,
1363,17:14:05.7,-38:10:30.9,
1364,17:15:23.4,-32:47:30,
1365,17:15:09.6,-37:00:04,
1366,17:15:37.8,-38:59:25.1,
1367,17:15:14.0,-39:02:57.1,
1368,17:15:40.9,-40:34:18,
1369,17:15:10.5,-42:54:54,
1370,17:15:48,+46:03,
1371,17:16:11.3,-37:20:44,
1372,17:16:42.0,-40:05:27,
1373,17:16:44.3,-41:11:09.5,
1374,17:16:01.1,-47:11:00.9,
1375,17:17:56,+03:11,
1376,17:17:20.2,-34:24:59.6,
1377,17:17:15.9,-37:37:36,
1378,17:17:18.4,-38:47:03,
1379,17:17:25.5,-39:53:55,
1380,17:17:47.9,-40:43:50,
1381,17:17:02.0,-40:43:31,
1382,17:17:52.3,-41:03:17.8,
1383,17:17:35.6,-58:00:05.4,
1384,17:18:18.5,-37:14:16,
1385,17:18:10.0,-37:18:53,
1386,17:18:13.5,-38:25:18.0,
1387,17:18:12,-41:07,
1388,17:18:11.9,-45:39:15.9,
1389,17:19:10.0,-14:38:00.9,
1390,17:19:36.1,-23:30:14,
1391,17:19:12.1,-34:58:22.4,
1392,17:19:01.7,-40:06:59.5,
1393,17:19:48.7,-43:02:11.4,
1394,17:20:55,+00:40,
1395,17:20:57.2,-02:12:23.9,
1396,17:20:25.2,-16:33:33.7,
1397,17:20:01.3,+21:50:12.8,
1398,17:20:22.4,-24:46:27,
1399,17:20:34.1,-29:33:16.2,
1400,17:20:54,-36:53,
1401,17:20:01.9,-36:59:06.5,
1402,17:21:01.4,-19:36:51,
1403,17:21:46.6,-19:39:49,
1404,17:21:05.4,-24:57:06.1,
1405,17:21:32.7,-35:32:49.6,
1406,17:22:02.9,-32:07:45.3,
1407,17:22:06,+35:18,
1408,17:22:09.8,-36:32:53.3,
1409,17:22:59.2,-37:12:04.5,
1410,17:22:46.5,-44:00:33.2,
1411,17:23:23.1,-28:37:57.1,
1412,17:23:58.2,-28:52:51,
1413,17:23:07.5,-36:59:14.2,
1414,17:23,-38:20,
1415,17:24:44.8,-31:49:04,
1416,17:24:43,-35:49,
1417,17:24:47.8,-35:05:36,
1418,17:24:25.8,-45:00:15,
1419,17:25:12.2,-07:32:59.2,
1420,17:25:09.9,-28:52:22,
1421,17:25:42.2,-35:46:16,
1422,17:25:00.1,-38:48:36,
1423,17:25:27.2,-38:53:04.2,
1424,17:25:41.4,-40:43:11,
1425,17:26:23,-00:15,
1426,17:26:36,-31:57,
1427,17:26:07.5,-35:29:58,
1428,17:26:49.6,-36:35:45.6,
1429,17:26:33.3,-40:06:02,
1430,17:26,-52:00,
1431,17:27:30.9,-27:38:53,
1432,17:27:19,-29:59,
1433,17:27:15.0,-29:46:36.7,
1434,17:27:00.4,-29:51:40.8,
1435,17:28:34.8,-00:07:45.0,
1436,17:28:46.2,-37:33:08,
1437,17:28:27.6,-40:28:10,
1438,17:29:10.8,-21:17:28,
1439,17:30:21.6,-23:04:31.1,
1440,17:30:08.2,-29:00:46,
1441,17:30:32.5,-33:50:39.4,
1442,17:30:55.5,-33:53:38,
1443,17:30:06,-34:48,
1444,17:31:17.6,-18:47:32.6,
1445,17:31:00.5,-31:23:43,
1446,17:31.8,-33:48,
1447,17:31:14.3,-33:22:45,
1448,17:31:42.1,-47:44:36.2,
1449,17:32:20.0,-19:30:09,
1450,17:32:33.5,-31:31:23,
1451,17:32:07.1,-34:26:05,
1452,17:32:30,-35:05,
1453,17:32:20.8,-37:29:05,
1454,17:32:50.0,-41:28:48,
1455,17:32:48.8,-41:56:29.6,
1456,17:32:47.7,-50:49:00.1,
1457,17:33:26.4,-22:28:37,
1458,17:33:25.8,-25:33:11,
1459,17:33:33.9,-28:37:33,
1460,17:33:58.8,-30:30:49,
1461,17:33:55.2,-33:22:03,
1462,17:33:26.7,-37:16:55.1,
1463,17:33:58.6,-40:05:39.7,
1464,17:33:00.4,-55:15:40,
1465,17:34:45.6,-02:12:39.1,
1466,17:34:41.6,-24:15:20,
1467,17:34:00.1,-28:59:53.4,
1468,17:34:50.8,-30:58:41.4,
1469,17:34:26.9,-33:33:20,
1470,17:35:48.1,-02:43:48,
1471,17:35:04.9,-07:24:52.1,
1472,17:35:56.9,-32:58:21.8,
1473,17:35:06.5,+63:20:00.0,
1474,17:36:54,+05:48,
1475,17:36:45.4,-24:57:50,
1476,17:36:24.7,-28:19:42,
1477,17:36:42.5,-28:43:51,
1478,17:36:02.7,-35:11:56,
1479,17:37:47.1,-08:11:08.8,
1480,17:37:33.7,-31:02:00.5,
1481,17:37:04.2,-31:37:21,
1482,17:37:10.5,-33:20:20,
1483,17:37:40.0,-35:55:43.8,
1484,17:38:53.9,+03:33:10.8,
1485,17:38:25,+04:20,
1486,17:38:08.8,-23:30:47,
1487,17:38:05.0,-26:47:46,
1488,17:38:14.6,-27:36:25.8,
1489,17:38:52.1,-29:55:57.4,
1490,17:38:47.4,-31:07:44,
1491,17:38:54.1,-32:11:53.6,
1492,17:38:34.4,-33:16:01.6,
1493,17:39:17.9,+06:12:28.4,
1494,17:39:57.8,-13:13:18.6,
1495,17:39:32.6,-25:21:56,
1496,17:39:34.2,-29:03:02.2,
1497,17:39:39.7,-30:23:12.9,
1498,17:39:23.2,-30:49:40,
1499,17:39:24.3,-31:31:15.3,
1500,17:39:48.6,-31:59:49,
1501,17:39:38.2,-39:52:00.3,
1502,17:40:25.9,+10:00:06.3,
1503,17:40:07.3,+13:11:56.6,
1504,17:40:45.3,-25:40:19,
1505,17:40:30,+27:13,
1506,17:40:33.8,-30:15:43.5,
1507,17:40:50.0,-30:52:04.3,
1508,17:40:25.7,-33:27:53.5,
1509,17:40:44.5,-53:40:40.9,
1510,17:41:22.5,-08:40:31.7,
1511,17:41:31.1,+13:51:44.1,
1512,17:41:06.8,-20:19:24,
1513,17:41:57.2,-20:54:11.8,
1514,17:41,-21:00,
1515,17:41:35.0,-27:19:23,
1516,17:41:01.3,-27:33:51,
1517,17:41:53.5,+27:58:09.0,
1518,17:41:14.4,-29:45:35,
1519,17:41:07.0,-30:16:31,
1520,17:41:54,-34:19,
1521,17:41:12.3,+38:55:09.9,
1522,17:41:18.0,-39:27:38.2,
1523,17:42:04.4,-39:57:22,
1524,17:42:26.1,-46:16:53.5,
1525,17:43:08.1,-03:39:11.5,
1526,17:43:16,+05:29,
1527,17:43:37.6,-13:51:38.0,
1528,17:43:20.1,-24:42:55,
1529,17:43:36.7,-31:50:22.7,
1530,17:43:15.5,-31:53:05.3,
1531,17:43:06,-35:32,
1532,17:43:05.2,-42:12:02.4,
1533,17:44:29.4,-11:34:54.6,
1534,17:44:16.5,-16:10:35.8,
1535,17:44:48.4,-23:35:55,
1536,17:44:05.6,-31:30:04,
1537,17:44:02.6,-39:22:21.1,
1538,17:44:38.9,-53:37:51,
1539,17:44:00.4,-76:19:14.7,
1540,17:45:02.0,-01:29:18.1,
1541,17:45:09.1,-09:52:39.6,
1542,17:45:33.8,+10:17:52.5,
1543,17:45:44.1,+12:52:38.3,
1544,17:45:16.7,-22:29:14,
1545,17:45.5,-23:25,
1546,17:45:40.1,-29:00:29.8,
1547,17:45:16,-29:10,
1548,17:45:47.8,-29:12:30.7,
1549,17:45:56.3,-30:40:22.9,
1550,17:45:15.4,-38:12:07.3,
1551,17:45:48,+42:53,
1552,17:46:00.8,+22:45:28.9,
1553,17:46:06.8,+25:40:37.5,
1554,17:46,-27:51,
1555,17:46:03.3,-28:50:13.3,
1556,17:46:06.6,-28:50:42,
1557,17:46:49.8,-28:56:58.9,
1558,17:46:54.9,-32:39:55.8,
1559,17:47:58.3,-10:30:05,
1560,17:47:30.8,-26:47:14,
1561,17:47:26.5,-28:02:37,
1562,17:47:22.8,-28:09:15.0,
1563,17:47:15.8,-29:58:01.0,
1564,17:47:48.7,-40:36:54.7,
1565,17:48:17.4,-13:00:52.0,
1566,17:48:52.6,-20:21:39.7,
1567,17:48:52.9,-20:21:38.8,
1568,17:48:51.1,-20:21:53.8,
1569,17:48:51.6,-20:21:07.4,
1570,17:48:52.8,-20:21:29.3,
1571,17:48:52.3,-20:21:39.3,
1572,17:48:48.5,-24:44:37,
1573,17:48:02.2,-24:46:36.9,
1574,17:48:04.8,-24:46:45,
1575,17:48:04.8,-24:46:45,
1576,17:48:04.8,-24:46:45,
1577,17:48:04.8,-24:46:45,
1578,17:48:04.8,-24:46:45,
1579,17:48:04.8,-24:46:45,
1580,17:48:04.8,-24:46:45,
1581,17:48:04.8,-24:46:45,
1582,17:48:04.8,-24:46:45,
1583,17:48:05.0,-24:46:34.8,
1584,17:48:03.6,-24:46:37.8,
1585,17:48,-24:46,
1586,17:48:04.5,-24:46:36,
1587,17:48:04.8,-24:46:45,
1588,17:48:04.8,-24:46:45,
1589,17:48:04.8,-24:46:45,
1590,17:48:04.8,-24:46:45,
1591,17:48:04.8,-24:46:45,
1592,17:48:04.8,-24:46:45,
1593,17:48:04.8,-24:46:45,
1594,17:48:04.8,-24:46:45,
1595,17:48:04.8,-24:46:45,
1596,17:48:04.8,-24:46:45,
1597,17:48:04.8,-24:46:45,
1598,17:48:04.8,-24:46:45,
1599,17:48:04.8,-24:46:45,
1600,17:48:04.8,-24:46:45,
1601,17:48:04.8,-24:46:45,
1602,17:48:04.8,-24:46:45,
1603,17:48:04.8,-24:46:45,
1604,17:48:04.8,-24:46:45,
1605,17:48:04.8,-24:46:45,
1606,17:48:04.8,-24:46:45,
1607,17:48:04.8,-24:46:45,
1608,17:48:04.8,-24:46:45,
1609,17:48:04.8,-24:46:45,
1610,17:48,-30:17,
1611,17:48:23.7,-30:09:12.2,
1612,17:49:29,+16:24,
1613,17:49:21.2,-21:46:31,
1614,17:49:15.6,-23:47:17,
1615,17:49:11.2,-26:29:10,
1616,17:49:13.4,-30:02:35,
1617,17:49:23.7,-49:31:59,
1618,17:49:47.0,-54:17:30.7,
1619,17:49:44.5,-56:05:19,
1620,17:49:33.2,+59:52:36.1,
1621,17:50:40,+07:33,
1622,17:50:18.4,-20:43:08,
1623,17:50:59.7,-24:38:58,
1624,17:50:22.9,-24:44:47,
1625,17:50:33.3,-25:36:43,
1626,17:50:04.0,-28:45,
1627,17:50:47.3,-31:57:44.1,
1628,17:50:44.5,-35:03:08.9,
1629,17:50:13.8,-37:03:10.9,
1630,17:50:12.1,-37:03:22.9,
1631,17:50:13.4,-37:03:05.5,
1632,17:50:13.0,-37:03:06.3,
1633,17:51:52.6,-25:16:43,
1634,17:51:12.6,-27:37:19.8,
1635,17:51:32.6,-28:57:46.5,
1636,17:51:32.7,-33:23:39.6,
1637,17:51:42.1,-46:57:26.5,
1638,17:52:35.4,+23:59:48.2,
1639,17:52:58.7,-24:10:26,
1640,17:52:58.6,-28:06:37.3,
1641,17:52:24.5,-28:21:10,
1642,17:52:53,-12:59,
1643,17:53:35.1,-19:14:58,
1644,17:53:39.8,-22:40:42,
1645,17:53:30.6,-25:00:25,
1646,17:53.1,-28:53,
1647,17:53,-38:49,
1648,17:54:52,+00:36:33,
1649,17:54:36.5,-24:22:24,
1650,17:54:30.1,-30:15:03,
1651,17:54:37.3,-34:43:53.9,
1652,17:54:54.6,-35:10:43.0,
1653,17:54:22.9,+52:01:12.2,
1654,17:55:10.3,-09:03:51.6,
1655,17:55:11.6,-16:50:41,
1656,17:55:35.8,-20:25:00,
1657,17:55:59.7,-25:21:27,
1658,17:55:19.3,-25:21:09,
1659,17:55:49.8,-25:34:39,
1660,17:55:38.4,-25:50:22.0,
1661,17:55:16.2,-26:00,
1662,17:55:41.8,-27:25:45,
1663,17:55:12,-33:31,
1664,17:55:35.4,-37:16:10.7,
1665,17:56:17.5,+18:22:55.3,
1666,17:56:25.5,-22:25:48,
1667,17:56:46.6,-22:51:59.3,
1668,17:56:57.9,-24:35:34,
1669,17:56:42,-25:28,
1670,17:57:19.3,-26:19:08,
1671,17:57:12.7,-15:00:28.5,
1672,17:57:25,-16:26,
1673,17:57:03.7,-18:54:03.3,
1674,17:57:50.7,-22:23:49,
1675,17:57:29.3,-24:22:07.4,
1676,17:57:54.7,-27:45,
1677,17:57:15.1,-53:22:26.3,
1678,17:58:05.6,-19:31:41,
1679,17:58:44.4,-22:06:45,
1680,17:58:31.9,-25:40:49,
1681,17:58:34.2,-26:30:10,
1682,17:58:15.4,-28:46:02,
1683,17:58:25.8,+30:30:24.0,
1684,17:59:34.3,-10:29:57,
1685,17:59:28.1,-17:36:10,
1686,17:59:41.7,-19:03:19,
1687,17:59:57.0,-19:40:29,
1688,17:59:35.4,-19:56:08,
1689,17:59:24.1,-22:05:33,
1690,17:59:49.2,-23:02:08,
1691,17:59:30.9,-23:07:17,
1692,17:59:24,-24:02,
1693,17:59:35.1,-25:49:07,
1694,17:59:48.2,-29:22:07,
1695,17:59:22.0,-31:07:21.8,
1696,18:00:22.0,-01:25:30.6,
1697,18:00:12.3,-21:14:19,
1698,18:00,-23:43,
1699,18:00:44.3,+50:34:21.7,
1700,18:01:22.6,-03:57:55.7,
1701,18:01:50.6,-08:57:31.8,
1702,18:01:50.5,-08:57:32.8,
1703,18:01:50.7,-08:57:32.7,
1704,18:01:55.3,-08:57:24.3,
1705,18:01:51.0,-14:17:34.5,
1706,18:01:22.3,-18:55:49,
1707,18:01:46.6,-19:09:36,
1708,18:01:32.4,-21:15:18,
1709,18:01:08.6,-21:54:07.1,
1710,18:01:19.8,-23:04:44.6,
1711,18:01:00.0,-24:51:27.5,
1712,18:01:46.8,-29:20:38.1,
1713,18:01:25.8,-32:10:53.7,
1714,18:01:52.6,-34:58:37,
1715,18:02:27.4,+01:28:23.7,
1716,18:02:44,+03:38,
1717,18:02:12.1,-05:23:29,
1718,18:02:14.8,-17:45:17,
1719,18:02:05.3,-21:24:03.6,
1720,18:02:03.1,-24:26:43,
1721,18:02:55.2,-33:46:45,
1722,18:03:34.6,-16:16:30,
1723,18:03:59.0,-18:57:19,
1724,18:03:29.4,-19:20:41,
1725,18:03:51.4,-21:37:07.3,
1726,18:03:09.6,-21:49:13,
1727,18:03:31.6,-27:12:06,
1728,18:03:34.1,-30:02:02,
1729,18:03:34.1,-30:02:02,
1730,18:03:34.1,-30:02:02,
1731,18:03:44.4,-33:29:10.7,
1732,18:04:49.8,-07:35:24.6,
1733,18:04:28.1,-22:28:18,
1734,18:04:21.1,-27:17:31.3,
1735,18:04:48,-28:07,
1736,18:04:19,-28:58:31,
1737,18:05:10.1,+03:06:30.2,
1738,18:05:55,+06:14,
1739,18:05:31.4,-06:19:45.4,
1740,18:05:06.1,-15:04:36,
1741,18:05:37.0,-20:32:51,
1742,18:05:28.1,-20:37:16,
1743,18:05:25.9,-24:47:30,
1744,18:05:42.4,-29:48:00,
1745,18:06:52.1,+10:23:18.3,
1746,18:06:06.7,-11:54:28.7,
1747,18:06:25.7,-16:18:38,
1748,18:06:06.6,-19:20:23,
1749,18:06:19.8,-21:27:55.5,
1750,18:06:25.0,+28:19:01.1,
1751,18:07:25,+04:05,
1752,18:07:51.2,+07:56:43.3,
1753,18:07:38.0,-08:47:43.2,
1754,18:07:20.3,-24:59:52.9,
1755,18:07:20.8,-25:00:01.9,
1756,18:07:13.6,-25:57:20,
1757,18:07:08.4,-27:15:03.0,
1758,18:08:19,+00:34,
1759,18:08:09.4,-08:13:01.8,
1760,18:08:45.6,-10:20:48.3,
1761,18:08:39.0,-15:17:40,
1762,18:08:42.3,-17:26:27,
1763,18:08:39.3,-20:24:39.8,
1764,18:08:06.3,-20:58:08,
1765,18:08:13.2,-27:01:21,
1766,18:08:04.4,-32:49:34,
1767,18:09:51.3,-01:19:29.0,
1768,18:09:35.9,-07:43:01.4,
1769,18:09:45.5,-14:29:25.0,
1770,18:09:06,+17:04,
1771,18:09:37.2,-18:50:55,
1772,18:09:43.1,-19:17:38.1,
1773,18:09:51.0,-19:43:51.9,
1774,18:09:15.8,-20:04:12,
1775,18:09:14.3,-21:09:02.9,
1776,18:09:50.2,-23:32:22.6,
1777,18:09:26.9,-35:47:18,
1778,18:10:47.0,+07:05:36.3,
1779,18:10:59.1,-14:41:33.6,
1780,18:10:28.2,-17:09:27,
1781,18:10:37.2,+17:44:37.3,
1782,18:10:55.5,-18:20:39,
1783,18:10:58.9,-20:05:08.2,
1784,18:10:44.4,-53:38:07.6,
1785,18:11:19.8,-01:54:30.9,
1786,18:11:20.4,+07:02:29.7,
1787,18:11:17.0,-10:49:03,
1788,18:11:26.5,-17:17:47,
1789,18:11:55.0,-17:36:37.7,
1790,18:11:29.7,-18:35:44,
1791,18:11:29.2,-19:25:28,
1792,18:11:19.8,-24:05:18.4,
1793,18:11:55.5,-24:39:53,
1794,18:11:27.1,-49:30:20.8,
1795,18:12:53.1,+02:26:57.1,
1796,18:12.6,-15:31,
1797,18:12:07.2,-17:18:29.5,
1798,18:12:15.8,-17:33:37.8,
1799,18:12:34.8,-19:10:39,
1800,18:12:36.5,-20:58.1,
1801,18:12:20.9,-21:02:36,
1802,18:12:32.3,-25:26:38,
1803,18:12:40.5,-27:48:03,
1804,18:12:44.9,-30:39:21,
1805,18:13:23.7,-12:45:59.2,
1806,18:13:35.1,-17:49:57.4,
1807,18:13:38.7,+18:22:15.0,
1808,18:13:39.8,-21:13:00.4,
1809,18:13:29.1,-22:42:06,
1810,18:13:40.5,-26:21:57.0,
1811,18:13:13.2,+40:13:39.0,
1812,18:14:26.1,-05:21:37.0,
1813,18:14:41.2,-06:18:01.7,
1814,18:14:42.7,+11:30:43.9,
1815,18:14:37.3,-16:49:28,
1816,18:14:43.1,-17:44:48,
1817,18:14:36,+22:23,
1818,18:15:14.6,-17:38:06.8,
1819,18:15:03.0,-19:10:00.4,
1820,18:15:05.7,+55:46:23.3,
1821,18:16:24.5,-07:55:22.5,
1822,18:16:29.1,-14:46:30,
1823,18:16:18.6,-17:29:02.7,
1824,18:16:35.3,-26:49:53,
1825,18:16:35.9,+45:10:33.8,
1826,18:16:36.4,-56:43:42.1,
1827,18:17:49.7,-07:43:18.9,
1828,18:17:36.2,-15:11:39,
1829,18:17:09.0,-17:42:01.1,
1830,18:17:06.8,-19:38:36,
1831,18:17,-23:11,
1832,18:17:05.8,-36:18:04.6,
1833,18:17:00.2,-38:37:59.7,
1834,18:18:25.7,-01:51:54.0,
1835,18:18:26.4,-11:16:29,
1836,18:18:23.7,-14:22:36.7,
1837,18:18:27.9,-14:48:38,
1838,18:18:14.6,-15:19:43,
1839,18:18:37.5,-15:41:45,
1840,18:18:51.9,-15:56:04,
1841,18:19:50.5,-09:25:49.9,
1842,18:19:39.9,-10:08:28,
1843,18:19:28.7,-11:14:43,
1844,18:19:58.1,-11:31:29,
1845,18:19:56.2,+13:05:15.2,
1846,18:19:43.6,-13:18:42,
1847,18:19:56.8,-14:08:01.6,
1848,18:19:34.1,-14:58:00.0,
1849,18:19:53.6,-15:10:20.6,
1850,18:19:30,-17:05,
1851,18:19:43.4,-17:17:16,
1852,18:19,-37:00,
1853,18:20:52.5,-04:27:37.7,
1854,18:20:22.7,-05:09:38.5,
1855,18:20:19.7,-13:46:15.3,
1856,18:20:41.3,-15:29:42.2,
1857,18:20:39.0,-18:18:03.3,
1858,18:21:38.8,+01:55:21.9,
1859,18:21:10.3,-02:56:38.6,
1860,18:21:44.7,-03:31:12.7,
1861,18:21:34.3,-14:19:26,
1862,18:21:39.7,-14:32:53.2,
1863,18:21:13.5,+17:15:47.0,
1864,18:21:52.3,+41:47:02.5,
1865,18:22,+02:00,
1866,18:22:18.4,+07:05:19.0,
1867,18:22:28.0,-07:19:55.0,
1868,18:22:51.8,-08:48:59.0,
1869,18:22:35.7,-09:02:59.1,
1870,18:22:39.8,-09:07:36,
1871,18:22:14.6,+11:20:56.2,
1872,18:22:41.7,-12:52:49,
1873,18:22:54.0,-14:00:02.4,
1874,18:22:18.0,-16:04:26.8,
1875,18:22:36.6,-16:17:35,
1876,18:22:58.9,-22:56:31,
1877,18:22:11.3,-42:09:10.9,
1878,18:23:52.1,-01:54:04.6,
1879,18:23:30.9,+05:50:24.3,
1880,18:23:40.3,-11:15:11,
1881,18:23:19.8,-11:26:04,
1882,18:23:24.2,-13:47:54,
1883,18:23:21.4,-15:26:22,
1884,18:23:09.6,-18:07:33,
1885,18:23:40.4,-30:21:40.1,
1886,18:23:41.5,-30:21:40.9,
1887,18:23:41.1,-30:21:38.4,
1888,18:23:40.5,-30:21:43.6,
1889,18:23:40.5,-30:21:40.2,
1890,18:23:40.5,-30:21:40.2,
1891,18:23:46.7,-31:06:49.7,
1892,18:24:53.4,-01:27:51.4,
1893,18:24:55.5,-01:32:24.0,
1894,18:24:05,+10:17,
1895,18:24:29.5,-11:18:42.6,
1896,18:24:56.1,-11:59:53.4,
1897,18:24:50.1,-13:50:21.0,
1898,18:24:57.3,-14:23:05.3,
1899,18:24:14.1,-15:00:33,
1900,18:24:00.5,-19:46:03.3,
1901,18:24:10.3,-22:33:11,
1902,18:24:28.6,-23:28:17,
1903,18:24:32.0,-24:52:10.8,
1904,18:24:32.8,-24:52:11.2,
1905,18:24:32.8,-24:52:11.2,
1906,18:24:32.8,-24:52:11.2,
1907,18:24:32.8,-24:52:11.2,
1908,18:24:32.8,-24:52:11.2,
1909,18:24:32.8,-24:52:11.2,
1910,18:24:32.8,-24:52:11.2,
1911,18:24:32.5,-24:52:08.6,
1912,18:24:32.8,-24:52:11.2,
1913,18:24:32.8,-24:52:11.2,
1914,18:24:32.8,-24:52:11.2,
1915,18:24:30.5,-25:37:19,
1916,18:25:15.3,+00:04:19.7,
1917,18:25:55.9,-03:19:57.5,
1918,18:25:30.5,-09:35:21.2,
1919,18:25:18.3,-11:08:54,
1920,18:25:02.9,-14:46:53.7,
1921,18:25:58,-31:02:20,
1922,18:26:02,-33:21,
1923,18:26:05.4,-11:31:43.6,
1924,18:26:08.5,-12:56:33.0,
1925,18:26:13.1,-13:34:46.8,
1926,18:26:42.3,-14:19:21.6,
1927,18:26:12.6,-15:26:03,
1928,18:26:36.0,-24:15:54.5,
1929,18:27:02.7,-07:50:19.2,
1930,18:27:45.8,-09:34:16.4,
1931,18:27:05.4,-09:58:43.1,
1932,18:27:24.6,-14:46:28,
1933,18:28:20.7,-06:11:51.5,
1934,18:28:28.0,+06:25:00.5,
1935,18:28:30.3,-10:07:10.1,
1936,18:28:33.2,-10:57:26.9,
1937,18:28:18.8,-11:01:50.8,
1938,18:28:42.8,-13:36:45,
1939,18:28:53.3,+13:59:35.3,
1940,18:28:21.5,-21:19:56,
1941,18:29:47.1,+00:00:08.5,
1942,18:29:05.3,-07:34:22,
1943,18:29:06.0,-10:11:25,
1944,18:29:43.1,-17:51:03.9,
1945,18:29:34.6,+24:56:18.1,
1946,18:30:30.7,-00:52:54.0,
1947,18:30:19.6,-01:31:48.1,
1948,18:30:06,-10:39,
1949,18:30:47.5,-10:59:26.5,
1950,18:30:01.7,-11:35:32,
1951,18:30:41.9,-13:13:16.2,
1952,18:30:00.3,-14:14:37,
1953,18:31.0,-04:29,
1954,18:31:36.3,-08:23:23.9,
1955,18:31:34.3,-09:52:01.7,
1956,18:31:12.8,-12:23:31,
1957,18:31:55.9,-13:29:56,
1958,18:31:29.1,-14:23:46,
1959,18:32:50.7,+00:29:27,
1960,18:32:42.6,-06:44:01.8,
1961,18:32:37.0,-08:27:03.7,
1962,18:32:27.5,-08:36:55.0,
1963,18:32:40.8,-10:21:32.7,
1964,18:32:10,+27:58,
1965,18:32:30,-28:43,
1966,18:33:05.4,-02:09:16.4,
1967,18:33:41.8,-03:39:04.2,
1968,18:33:38.8,-05:56:05,
1969,18:33:07.6,-05:59:25,
1970,18:33:40.2,-08:27:31.6,
1971,18:33:44.3,-08:31:07.7,
1972,18:33:33.5,-10:34:07.5,
1973,18:33:58.4,-10:55:31,
1974,18:33:14.8,-60:23:04,
1975,18:34:17.2,-00:10:53.3,
1976,18:34:51.0,-00:31:34.3,
1977,18:34:25.6,-04:26:15.8,
1978,18:34:37.9,-06:02:35,
1979,18:34:29.2,-06:33:01.1,
1980,18:34:15.9,-07:31:05.9,
1981,18:34:31.3,-07:42:20.6,
1982,18:34:29.8,-08:12:00,
1983,18:34:52.1,-08:45:56.0,
1984,18:34:36,-09:15,
1985,18:34:27,+10:44,
1986,18:34:23.1,-12:02:26.4,
1987,18:34:53.4,-17:10:50,
1988,18:34:45.9,-18:55:59,
1989,18:35:21.9,-01:14:33.6,
1990,18:35:12.9,-03:49:09.9,
1991,18:35:08.1,-05:22:08,
1992,18:35:20.2,-06:00:00,
1993,18:35:05.5,-06:43:06.4,
1994,18:35:45.7,-08:47:20,
1995,18:35:38.0,-09:24:27,
1996,18:35:21.8,-09:24:15.9,
1997,18:35:22.2,-09:28:02,
1998,18:35:46.6,-09:44:27.2,
1999,18:35:44.8,-09:46:38,
2000,18:35:57.5,-10:20:04.5,
2001,18:35:18.4,-11:06:16.1,
2002,18:35:50.3,-15:48:38,
2003,18:35:44,-32:59:25,
2004,18:36:51.7,-04:36:37.6,
2005,18:36:25.2,-05:17:35,
2006,18:36:53.9,-10:08:08.3,
2007,18:36:06,-11:17,
2008,18:36:52.2,-13:24:33.6,
2009,18:36:25.4,-23:54:52.3,
2010,18:36:24.3,-23:54:28.7,
2011,18:36:13.6,+59:25:30.1,
2012,18:37:32.1,-00:45:10.6,
2013,18:37:28.4,+00:53:13,
2014,18:37:23.6,-05:59:28.6,
2015,18:37:43.5,-06:04:49,
2016,18:37:14.6,-06:53:02.1,
2017,18:37:39.6,-08:22:12.4,
2018,18:37:07.1,+12:21:54.0,
2019,18:37:09.4,-12:43:56,
2020,18:37:54.2,-18:37:08,
2021,18:38:30,-01:01,
2022,18:38:39.4,-01:07:48.6,
2023,18:38:11.4,-04:53:25.3,
2024,18:38:56.0,-05:37:09,
2025,18:38:38.0,-05:49:12.1,
2026,18:38:51.7,-06:24:54,
2027,18:38:03.1,-06:55:33.4,
2028,18:38:26.4,-10:46:57,
2029,18:38:46.7,+15:23:25.4,
2030,18:38:43.0,+16:50:16.0,
2031,18:38:33.7,-18:49:59,
2032,18:39:06.9,-01:41:56.0,
2033,18:39:58.0,-02:23:09.5,
2034,18:39:37.5,-03:21:10.8,
2035,18:39:56.5,-03:32:58.6,
2036,18:39:51.0,-04:02:24.9,
2037,18:39:00.0,-04:36:57.5,
2038,18:39:42.6,-04:59:58.8,
2039,18:39:20.4,-06:27:34,
2040,18:39:09.8,-06:43:45.2,
2041,18:39:53.4,-09:05:14.1,
2042,18:39:43.7,-12:38:40.7,
2043,18:40:34.0,+02:14:54.7,
2044,18:40:45.5,-04:45:08,
2045,18:40:23.1,-05:59:16.2,
2046,18:40:16.3,-06:26:15.4,
2047,18:40:08.9,-06:43:36.0,
2048,18:40:47.6,-07:53:32,
2049,18:40:33.3,-08:09:03.6,
2050,18:40:13.7,-08:15:08.8,
2051,18:40:51.9,-08:40:29,
2052,18:40:24.0,-11:22:10.7,
2053,18:40:53.7,-12:07:32.6,
2054,18:40:33.0,-14:19:06.5,
2055,18:40:44.5,+56:40:54.8,
2056,18:41:17.7,+01:30:16.9,
2057,18:41:56.2,-01:57:54.6,
2058,18:41:25.8,-03:10:21,
2059,18:41:38.6,-03:48:42.6,
2060,18:41:10,-04:48,
2061,18:41:05.6,-04:25:19.5,
2062,18:41:19.3,-04:56:11.1,
2063,18:41:18.1,-05:00:19.5,
2064,18:41:49.3,-05:24:29.5,
2065,18:41:55.9,+09:12:07.3,
2066,18:41:34.3,-14:04:19,
2067,18:41:25.9,-78:45:15,
2068,18:42:57.8,-01:53:26.7,
2069,18:42:30.9,+02:57:58.8,
2070,18:42:19.0,-03:09:46,
2071,18:42:17.0,+03:58:35.3,
2072,18:42:26.4,-04:00:01.5,
2073,18:42:11.2,-04:15:38.2,
2074,18:42:43.0,-06:12:36,
2075,18:42:10.0,+06:38:15.0,
2076,18:42:54.9,-08:00:53.5,
2077,18:42:22.1,-09:05:30.0,
2078,18:42:29.9,+13:32:01.5,
2079,18:42:02,-27:58:19,
2080,18:43:27.9,-00:00:41.5,
2081,18:43:36.7,-00:50:10,
2082,18:43,+01:00,
2083,18:43:12.6,-01:37:46.3,
2084,18:43:30.3,-02:11:02.8,
2085,18:43:06.6,-03:55:56.6,
2086,18:43:43.4,-04:08:04,
2087,18:43:27.6,-04:59:30.4,
2088,18:43:09.7,-05:10:04.5,
2089,18:43:22.4,-07:02:54.6,
2090,18:43:05.4,-07:44:30.1,
2091,18:43:28.7,-08:06:44.9,
2092,18:43:41.2,-11:13:31.0,
2093,18:43:01.3,-14:48:12.6,
2094,18:43:33.6,-15:07:03.0,
2095,18:43:26.1,+20:24:54.6,
2096,18:43:03,-40:33:51,
2097,18:44:11,+00:35,
2098,18:44:41.0,-00:30:25.8,
2099,18:44:40.5,+01:15:34.9,
2100,18:44:44.9,-02:44:40.9,
2101,18:44:53,-02:56,
2102,18:44:57,-03:00:00,
2103,18:44:06.9,-03:02:11.2,
2104,18:44:45.4,-03:10:37.1,
2105,18:44:32.8,-03:46:30.6,
2106,18:44:33.4,-04:33:12.4,
2107,18:44:01.5,-04:52:20.9,
2108,18:44:33.9,-05:02:00.5,
2109,18:44:05.1,-05:38:34.1,
2110,18:44:54.8,+14:54:14.1,
2111,18:44:45,+41:17,
2112,18:45:52.9,-03:16:05,
2113,18:45:34.7,-04:34:29.8,
2114,18:45:38.4,-05:45:18.2,
2115,18:45:08.5,+06:23:57.6,
2116,18:45:07.4,-06:35:23.4,
2117,18:45:57.1,-07:43:38.5,
2118,18:45:05.6,-08:26:39.7,
2119,18:45:45.7,-11:14:11.0,
2120,18:45:11.5,-13:51:54.5,
2121,18:46:43.8,+00:51:39.0,
2122,18:46:15.4,-02:57:36.0,
2123,18:46:24.9,-02:58:30.1,
2124,18:46:19.7,-07:49:21.4,
2125,18:46:07.9,-07:49:13.2,
2126,18:46:26.0,+09:19:46,
2127,18:46,-42:49,
2128,18:46:13.7,-74:03:04,
2129,18:47:35.2,-01:30:46,
2130,18:47:22.8,-04:02:14.4,
2131,18:47:18.8,-04:27:59,
2132,18:47:37.9,-04:38:15.3,
2133,18:47:51.8,-04:43:36.2,
2134,18:47:21.0,-06:05:14.1,
2135,18:48:37.8,-00:23:17,
2136,18:48:45.5,-00:55:53,
2137,18:48:23.5,-01:23:58.3,
2138,18:48:42.2,+03:51:35.7,
2139,18:48:15.0,-05:11:38,
2140,18:48:20.3,-06:01:07.7,
2141,18:48:54.6,+06:04:46.8,
2142,18:48:56.0,+06:47:31.7,
2143,18:48:43.7,+08:26:35.9,
2144,18:48:11.8,-11:50:09.2,
2145,18:48:30,+12:50,
2146,18:48:18.0,-12:43:30,
2147,18:48:39.1,-14:14:17,
2148,18:48:56.1,+15:16:44.1,
2149,18:48:18.0,-19:52:31,
2150,18:49:01.6,-00:01:17.4,
2151,18:49:10.2,-00:40:20,
2152,18:49:44.1,+01:27:23,
2153,18:49:57.8,-03:17:31,
2154,18:49:03.4,+04:09:42.3,
2155,18:49:45.1,-06:14:31.5,
2156,18:49:06.4,-06:37:06.9,
2157,18:49:34.6,+24:23:45.9,
2158,18:49:47.5,+25:59:57.6,
2159,18:50:47.9,-00:06:26.1,
2160,18:50:14.7,-00:26:11.6,
2161,18:50:45.1,+00:26:25.6,
2162,18:50:33.3,-00:31:09,
2163,18:50:01.0,+01:24:34.6,
2164,18:50:41.6,+02:42:57.4,
2165,18:50:23.4,+04:23:09.2,
2166,18:50:35.4,+13:35:58.3,
2167,18:50:09,+15:32,
2168,18:51:55.0,-00:29:58.1,
2169,18:51:03.1,-00:53:07.3,
2170,18:51:16.4,-01:14:13.4,
2171,18:51:52.1,+01:18:59,
2172,18:51:09.1,+02:33:46.4,
2173,18:51:15.2,-02:41:31,
2174,18:51:03.2,+04:18:12.0,
2175,18:51.2,-06:38,
2176,18:51:41.6,-06:33:48.4,
2177,18:51:13.2,+12:59:35.2,
2178,18:52:42.7,+00:08:09.6,
2179,18:52:41.7,+00:13:57.1,
2180,18:52:27.4,+00:32:02,
2181,18:52:46.6,+00:33:20.9,
2182,18:52:38.5,+00:40:19.8,
2183,18:52:17.1,-01:18:14.8,
2184,18:52:03.6,-01:27:23.4,
2185,18:52:32.6,+03:05:05,
2186,18:52:57.4,-06:36:00.4,
2187,18:52:59.4,-26:10:12.7,
2188,18:53:23.0,-00:04:33.4,
2189,18:53:29.9,+00:11:30.6,
2190,18:53:32.6,+00:56:59,
2191,18:53,+03:00,
2192,18:53,+04:00,
2193,18:53:04.3,+05:05:26.1,
2194,18:53:58.4,+05:45:55.2,
2195,18:53:25.4,-06:49:25.9,
2196,18:53:22.0,+08:53:17,
2197,18:53:57.3,+13:03:44.0,
2198,18:54,+00:00,
2199,18:54:02.9,+03:06:14,
2200,18:54:29.0,+03:17:31,
2201,18:54:00.1,+03:19:12.8,
2202,18:54:55.3,-05:24:23.1,
2203,18:54:29.3,+10:46:42,
2204,18:54:44.2,-14:21:26.4,
2205,18:54:53.6,-15:57:47,
2206,18:55:42.0,+02:05:36.4,
2207,18:55:38.2,+03:06:22,
2208,18:55:26.6,+03:07:20.2,
2209,18:55:41.3,+04:22:47,
2210,18:55:15.0,+05:27:40.7,
2211,18:55:17.7,+07:00:37.1,
2212,18:55:15.6,-09:41:02,
2213,18:55:54.2,-14:36:08.9,
2214,18:56:28.5,+01:02:10.6,
2215,18:56:10.6,+01:13:21.3,
2216,18:56:50.9,+02:45:47,
2217,18:56:26.6,+04:04:26,
2218,18:56:21.9,-05:26:56.8,
2219,18:56,+09:00,
2220,18:56:35.4,-37:54:35.8,
2221,18:57:00.8,+00:57:16.8,
2222,18:57:33.0,+01:43:47.0,
2223,18:57:40.9,+02:10:58,
2224,18:57:43.6,+02:12:41.1,
2225,18:57:16.9,+03:00:26.0,
2226,18:57:15.8,+05:26:28.7,
2227,18:57:09.3,+08:09:04.3,
2228,18:57:36.3,+09:43:17.1,
2229,18:57:26.4,-10:27:01,
2230,18:58,+02:00,
2231,18:58:17.4,+02:15:38,
2232,18:58:53.8,+02:41:38,
2233,18:58:40.8,+03:19:21.5,
2234,18:58:22.3,+03:46:37.8,
2235,18:58:44.3,-07:37,
2236,18:58:17.8,-22:16:56.4,
2237,18:59:46,+00:35,
2238,18:59:45.7,+06:01:46.1,
2239,18:59:42.1,+06:03:54.5,
2240,18:59,+07:00,
2241,18:59:44.3,+15:26:11.0,
2242,18:59:36.0,+76:54:55.6,
2243,19:00:46.6,-00:51:08.4,
2244,19:00:26.1,-01:34:38.2,
2245,19:00:38.6,+02:27:32.0,
2246,19:00:50.5,+03:08:24.0,
2247,19:00:13.3,+04:38:46.8,
2248,19:00:28.0,+06:34:20.9,
2249,19:00:31.1,-09:33:48.1,
2250,19:00:47.5,-26:00:43.8,
2251,19:00:18,+30:53,
2252,19:00:24.4,-79:51:48.2,
2253,19:01:32,+00:26,
2254,19:01:52.5,+01:24:49.3,
2255,19:01:34.2,+01:56:38.2,
2256,19:01:26.9,+02:34:51.4,
2257,19:01:15.6,+02:54:41,
2258,19:01:59.6,+03:00:23.3,
2259,19:01:15.6,-03:12:29.5,
2260,19:01:16.3,-03:15:14.3,
2261,19:01:03.0,+03:20:18,
2262,19:01:31.7,+03:31:05.9,
2263,19:01:30.8,+03:55:58.9,
2264,19:01:10.3,+04:13:51,
2265,19:01:32.2,+04:35:23,
2266,19:01:17.4,+04:59:06.8,
2267,19:01:57.8,+05:10:34,
2268,19:01:42.9,+05:11:00.2,
2269,19:01:05.9,+06:21:19,
2270,19:01:38.9,+07:16:34.8,
2271,19:01:53.0,-09:06:11.1,
2272,19:01,+11:00,
2273,19:01:48.7,+13:06:48.3,
2274,19:01:18.0,-17:40:00,
2275,19:02,+02:00,
2276,19:02:50.2,+02:48:56,
2277,19:02:50.7,-03:40:18,
2278,19:02:42.6,+05:56:25.9,
2279,19:02:50.2,+06:16:33.4,
2280,19:02:13.5,+07:23:51,
2281,19:02:42.3,-10:36:13.0,
2282,19:02:02.8,-51:05:56.9,
2283,19:03:29.9,+01:35:38.5,
2284,19:03:30.3,-02:58:15.6,
2285,19:03:05.7,+03:27:19.2,
2286,19:03,+04:15,
2287,19:03:20.8,+06:01:34.0,
2288,19:03:37.9,-06:32:21.5,
2289,19:03:55.2,+06:54:39.4,
2290,19:03:11.2,-08:48:57.4,
2291,19:03:55.1,+09:25:55,
2292,19:03:52.9,+22:25:12.3,
2293,19:03:38.7,-70:51:43.4,
2294,19:04:12.7,+00:04:05.2,
2295,19:04:55.5,-01:50:32.5,
2296,19:04:31.3,+04:12:05.9,
2297,19:04:59.3,+04:51:54.9,
2298,19:04:07.5,+07:38:51.6,
2299,19:04:03.5,+08:00:52.6,
2300,19:04:02.4,+10:11:34.6,
2301,19:04:33.2,-12:24:01.3,
2302,19:04:51.3,-16:29:19,
2303,19:05:27.7,-00:56:40.8,
2304,19:05:15.4,+01:54:33,
2305,19:05:28.2,+04:00:10.8,
2306,19:05,+04:14,
2307,19:05:04.3,+06:00:59.9,
2308,19:05:06.8,+06:16:16.7,
2309,19:05:53.6,+07:09:19.4,
2310,19:05:19.5,+09:02:32.4,
2311,19:06:48.6,+00:55:07.8,
2312,19:06:57.7,+04:14:29.4,
2313,19:06:47.1,+04:54:09.0,
2314,19:06:56.4,+05:09:35.6,
2315,19:06:35.2,+06:41:02.9,
2316,19:06:11.9,+06:49:48.1,
2317,19:06:31.2,+07:22:55.8,
2318,19:06,+07:25,
2319,19:06:48.8,+07:46:25.9,
2320,19:06:28.4,+09:12:56.6,
2321,19:06:44.7,+18:54:08.5,
2322,19:07:42.0,+02:49:41,
2323,19:07:17.9,+02:55:02.7,
2324,19:07:14.5,+03:45:10.6,
2325,19:07,+05:00,
2326,19:07:23.3,+05:34:53,
2327,19:07:54.7,+06:02:16.9,
2328,19:07:03.8,+06:31:18.9,
2329,19:07:54.7,+07:31:21.9,
2330,19:07:44.1,+07:40:22.6,
2331,19:07:01.9,+08:59:43.8,
2332,19:07:22.4,+09:18:30.7,
2333,19:07:14.3,+09:19:20.1,
2334,19:07:37.7,+11:49:37.1,
2335,19:07:10.7,+12:47:35.9,
2336,19:07:06.7,-15:32:14.9,
2337,19:07:34.6,+40:02:05.7,
2338,19:07,+57:00,
2339,19:08:16.1,+04:57:41,
2340,19:08:05.1,+05:00:54.4,
2341,19:08:17.0,+07:34:14.3,
2342,19:08:20.9,+08:33:31.5,
2343,19:08:18.5,+08:39:59.2,
2344,19:08:07.4,+09:09:12.4,
2345,19:08:58.7,+09:16:14,
2346,19:08:31.9,+23:51:41.9,
2347,19:09:35.2,+00:07:57.7,
2348,19:09:38.3,+02:54:50.6,
2349,19:09:51.2,+06:16:51.8,
2350,19:09:29.0,+06:41:25.8,
2351,19:09:08.2,+07:49:32,
2352,19:09:19.9,+09:12:53.7,
2353,19:09:48.6,+11:02:03.0,
2354,19:09:31.3,+11:48:59.8,
2355,19:09:26.9,+14:50:58,
2356,19:09:18.6,+18:59:10.7,
2357,19:09:32,+21:03,
2358,19:09:47.4,-37:44:14.4,
2359,19:10:15.7,-01:12:06,
2360,19:10:10.3,+02:25:23.6,
2361,19:10:29.6,-03:09:54.1,
2362,19:10:09.0,+03:58:28.0,
2363,19:10:37.9,+05:17:56.1,
2364,19:10:26.5,+05:34:09,
2365,19:10:18.5,+07:14:11.8,
2366,19:10:22.0,+07:28:37.0,
2367,19:10,+10:27,
2368,19:10:13.5,+12:31:40.2,
2369,19:10:09.7,+12:56:25.4,
2370,19:10:42,+56:55,
2371,19:11:42.7,-59:58:26.9,
2372,19:10:52.0,-59:59:00.8,
2373,19:11:05.5,-60:00:59.7,
2374,19:10:52.4,-59:59:05.4,
2375,19:10:52.1,-59:59:02.0,
2376,19:11:48,+00:37,
2377,19:11:11.0,+01:02:09.7,
2378,19:11:12.5,+01:01:50.4,
2379,19:11,+09:00,
2380,19:11,+10:00,
2381,19:11:49.2,-11:14:22.4,
2382,19:11:55.2,+13:47:34.3,
2383,19:11:55.3,+17:58:45.7,
2384,19:12:46.3,+10:36:41.6,
2385,19:12:43.3,+21:04:33.9,
2386,19:12:18.6,+25:25:02.1,
2387,19:13:54.1,-04:40:47.6,
2388,19:13:50.8,+04:46:06,
2389,19:13:17.8,+06:18:08.2,
2390,19:13:32.9,+06:57:24.3,
2391,19:13:00.5,+08:32:05.1,
2392,19:13:21.0,+09:04:45.4,
2393,19:13:52.7,+09:36:41.8,
2394,19:13:03.5,+10:00:02.4,
2395,19:13:20.3,+10:11:22.9,
2396,19:13:35.3,+10:50:26.6,
2397,19:13:29.0,+11:02:05.7,
2398,19:13,+11:03,
2399,19:13:43.8,+11:45:33.1,
2400,19:13:17.9,+13:30:32.7,
2401,19:13:24.3,+14:00:52.5,
2402,19:13:27.8,+37:32:12.3,
2403,19:14:23.7,+02:19:47.8,
2404,19:14:17.2,+06:31:56.3,
2405,19:14:17.6,+07:01:11.0,
2406,19:14:18,+08:45,
2407,19:14:10.1,+11:22:03.7,
2408,19:15:02.1,+02:27:47.7,
2409,19:15:24.8,+07:38:31.4,
2410,19:15:01.9,+07:52:09.2,
2411,19:15:13.8,+08:38:59.7,
2412,19:15:29.9,+10:09:43.3,
2413,19:15,-11:30,
2414,19:15,+11:44,
2415,19:15,+11:49,
2416,19:15:35.4,+14:10:51.5,
2417,19:15:27.9,+16:06:27.3,
2418,19:15:19.1,+16:47:08.5,
2419,19:16:51.5,+07:48:00,
2420,19:16:19.0,+08:44:07.0,
2421,19:16:24.6,+08:52:36,
2422,19:16:32.3,+09:51:25.9,
2423,19:16:36.9,+10:23:03,
2424,19:16:11.7,+10:30:53.4,
2425,19:16:20.0,+12:25:53.9,
2426,19:16:58.6,+13:12:50.0,
2427,19:16:32.7,-29:39:27.8,
2428,19:16:03.4,+32:24:39.7,
2429,19:17:48.8,+08:34:54.6,
2430,19:17:39.7,+13:53:57.0,
2431,19:17:23.9,+17:37:31.6,
2432,19:17:44.2,+22:22:48.8,
2433,19:18:48.0,-06:42:34.9,
2434,19:18:48.2,-10:52:46.3,
2435,19:18,+13:10,
2436,19:18:23.6,+14:45:06.0,
2437,19:18:07.7,+15:41:15.2,
2438,19:19:50.6,+00:21:39.7,
2439,19:19:43.6,+01:34:56.5,
2440,19:19:32.9,+13:14:37.3,
2441,19:19:09.2,+16:45:22.7,
2442,19:19:43.3,+17:45:03.7,
2443,19:19:41.0,+26:21:29.4,
2444,19:20:55.9,-09:50:01.0,
2445,19:20:55.3,+10:40:31,
2446,19:20:13.3,+11:10:59,
2447,19:20:38.3,+26:50:38.4,
2448,19:21:30.3,+01:37:25.5,
2449,19:21:04,-05:23:08,
2450,19:21,-05:00,
2451,19:21:47.7,+08:12:51.8,
2452,19:21:24.1,+14:19:17.1,
2453,19:21:46.4,+15:44:17.4,
2454,19:21,+16:00,
2455,19:21:23.3,+19:29:22.2,
2456,19:21:03.7,+19:48:44.7,
2457,19:21:51.5,+20:03:20.8,
2458,19:21:44.8,+21:53:02.2,
2459,19:22:50.2,+11:31:58.5,
2460,19:22:53.2,+17:33:23.4,
2461,19:22:08.0,+20:17:57.3,
2462,19:22:53.5,+21:10:41.9,
2463,19:22,+58:28,
2464,19:23:07.8,+17:06:09.4,
2465,19:23:22.4,+25:15:40.5,
2466,19:23:15.2,+42:43:18.6,
2467,19:24,+16:28,
2468,19:24:54.8,+16:31:48.8,
2469,19:24:03.1,+16:39:40.7,
2470,19:24,+17:00,
2471,19:24:40,+20:40:03,
2472,19:25:06,-16:01:00,
2473,19:25:27.0,+17:20:27.3,
2474,19:25:26,+19:04,
2475,19:26:24.4,+04:31:31.5,
2476,19:26:37.0,-06:52:42.7,
2477,19:26:33.7,+07:37:07.2,
2478,19:26:53.8,-13:14:03.8,
2479,19:26:57.2,+14:34:55.3,
2480,19:26,+16:13,
2481,19:26:45.3,+16:48:32.7,
2482,19:26:22.8,+19:28:11.7,
2483,19:26:18.0,+20:16:01.1,
2484,19:27:25.6,+09:11:05.7,
2485,19:27:10.4,+18:52:08.5,
2486,19:27:24.9,+18:56:36.8,
2487,19:27:08.0,+22:34:57.3,
2488,19:28:45.3,+12:45:53.3,
2489,19:28:06.7,+14:43:11.3,
2490,19:28:20,+15:13,
2491,19:28:42.5,+17:46:29.6,
2492,19:28:05.1,+19:23:31.3,
2493,19:29:28,+00:26,
2494,19:29:10.6,+13:57:35.9,
2495,19:29:18,+16:21,
2496,19:29:16.7,+18:44:59.5,
2497,19:29:32,+19:05,
2498,19:29:17.5,+19:55:07.9,
2499,19:29:04.2,+21:21:22.6,
2500,19:29:07.0,+38:17:57.5,
2501,19:29,+62:16,
2502,19:30:00.9,+13:16:11.1,
2503,19:30,+14:00,
2504,19:30:44,+17:25,
2505,19:30:29.7,-18:51:46.2,
2506,19:30:30.1,+18:52:14.1,
2507,19:30:45.3,+24:41:01.5,
2508,19:31:32.0,-01:44:22.5,
2509,19:31:40.4,+14:39:38.7,
2510,19:31:55.7,+15:36:57.5,
2511,19:31:55.8,+19:52:11.5,
2512,19:31:28,+30:35,
2513,19:32:15,-01:08,
2514,19:32:14.0,+10:59:33.3,
2515,19:32:46.3,+15:00:22.2,
2516,19:32:07.2,+17:56:17.3,
2517,19:32:19.7,+19:16:39,
2518,19:32:08.0,+20:20:46.4,
2519,19:32:22.7,+22:20:51.5,
2520,19:32:06.1,-36:55:01.7,
2521,19:33:19.4,+07:58:07.0,
2522,19:33:22.5,+13:04:49.9,
2523,19:33:22.9,+17:26:49.6,
2524,19:33:37.8,+24:36:39.6,
2525,19:33:01.1,+53:35:43,
2526,19:33:32.4,-62:11:46.8,
2527,19:34,+19:00,
2528,19:34:46.1,+23:52:55.9,
2529,19:34:23.8,+52:19:57.6,
2530,19:35:16.0,+11:59:09.2,
2531,19:35:47.8,+16:16:39.9,
2532,19:35:03.9,+17:26:28.4,
2533,19:35:29.9,+17:45:12.2,
2534,19:35:41.9,+20:25:40.1,
2535,19:34:55.6,+21:53:48.2,
2536,19:36:01.5,+15:36:36.0,
2537,19:36,+20:00,
2538,19:36:29,+21:12,
2539,19:37:09,-00:17,
2540,19:37:16.3,+15:05:19,
2541,19:37:24.9,+16:58:42.5,
2542,19:37:01.2,+25:44:13.4,
2543,19:37:47.6,+29:50:01.8,
2544,19:37:53.4,+06:50:06.0,
2545,19:38:19,+14:42,
2546,19:38:08.3,+20:10:51.7,
2547,19:38:40.0,+20:12:50.8,
2548,19:38:14.1,+22:13:12.6,
2549,19:38:56.9,+66:04:31.7,
2550,19:39:11,+10:45,
2551,19:39:38.5,+21:34:59.1,
2552,19:39:05.5,+24:42:55.6,
2553,19:40:33,+02:36:41,
2554,19:40:27.6,+22:45:46.6,
2555,19:40:35.4,+23:37:46.5,
2556,19:40,-24:00,
2557,19:40:30,-24:03,
2558,19:41:16.0,+01:21:39.5,
2559,19:41:32.3,+10:26:25.6,
2560,19:41:04.8,+13:41:30.4,
2561,19:41:20.8,+25:25:05.3,
2562,19:41:00.4,-26:02:05.7,
2563,19:41:58.9,+43:20:06.3,
2564,19:42:27,+01:50:11,
2565,19:42:01.0,+17:43:28.3,
2566,19:42:54.6,+81:06:17.3,
2567,19:43:29.1,+06:09:57.6,
2568,19:43:25.4,-12:37:42.4,
2569,19:43:16.4,+22:10:23.1,
2570,19:44:09.3,+09:07:23.0,
2571,19:44,-10:17,
2572,19:44:05.2,-17:50:11,
2573,19:44:31.8,+17:55:42.4,
2574,19:44:01.0,+22:36:22.6,
2575,19:45:28.3,-00:40:58.1,
2576,19:45:55,+07:17,
2577,19:45:11.5,+12:11:46.2,
2578,19:45:36.1,+18:34:20.1,
2579,19:46:57.8,-13:12:36.4,
2580,19:46:52,+14:42,
2581,19:46:53.0,+18:05:41.2,
2582,19:46:14.1,+20:52:24.6,
2583,19:46:24.8,+22:44:59.4,
2584,19:46:00,+23:58,
2585,19:46:49.1,+25:35:51.5,
2586,19:46:45.8,+26:11:49.2,
2587,19:46:51.7,-29:13:47.1,
2588,19:46:25.1,+34:17:14.6,
2589,19:46:24,-54:02,
2590,19:47:46.2,+09:15:08.0,
2591,19:47:36,+10:44,
2592,19:47:31,-18:58:12,
2593,19:47:19.4,+19:57:08.3,
2594,19:47:06,-42:15,
2595,19:47,-43:00,
2596,19:48:19.3,+23:33:03.2,
2597,19:48:17.5,+25:51:51.9,
2598,19:48:25.0,+35:40:11.0,
2599,19:49:07.3,+23:06:55.5,
2600,19:49:25.4,-25:24:01,
2601,19:49:29.6,+31:06:03.8,
2602,19:49:13.6,+34:26:33.8,
2603,19:50:58,+05:35,
2604,19:50:45.0,+24:14:56.9,
2605,19:51:08.2,+11:23:25.2,
2606,19:52:06.1,+14:07:29.4,
2607,19:52:36.8,+26:30:28.0,
2608,19:52,+30:00,
2609,19:52:58.2,+32:52:40.5,
2610,19:53:47.4,+11:49:42.6,
2611,19:53:46,+18:46:42,
2612,19:53:07.8,+27:32:48.2,
2613,19:53:48,+30:13,
2614,19:54:36.8,+10:21:10.5,
2615,19:54:00.3,+24:07:14.0,
2616,19:54:19.1,+28:36:06,
2617,19:54:22.5,+29:23:17.2,
2618,19:54:01.0,+38:52:15.8,
2619,19:54:38.4,+43:57:37.3,
2620,19:55:59.3,+25:27:03.4,
2621,19:55:27.8,+29:08:43.4,
2622,19:55:18.7,+50:59:55.2,
2623,19:55:38.7,+67:08:15.1,
2624,19:56:35,+07:16,
2625,19:56:52.2,+08:38:16.8,
2626,19:56,-27:53,
2627,19:57:42.6,-00:02:06.8,
2628,19:57:34.6,+25:16:02.0,
2629,19:57:19.3,+28:31:43.8,
2630,19:57:38.9,+50:33:18,
2631,19:58:40.0,+28:45:54,
2632,19:58,+30:00,
2633,19:58:00,+56:49,
2634,19:59:36.7,+20:48:15.1,
2635,19:59:38.0,+36:20:29.1,
2636,20:00,+29:00,
2637,20:01:10.5,+42:58:06.2,
2638,20:02:47.7,+16:37:16.7,
2639,20:02:58,+30:35,
2640,20:02:04.4,+32:17:18.3,
2641,20:02:44.0,+40:50:53.9,
2642,20:04:59.0,+26:53:40.4,
2643,20:04:52.2,+31:37:10.0,
2644,20:04:46.9,+34:29:17.7,
2645,20:05:43.7,-00:20:21.9,
2646,20:05:17.4,+35:47:25.4,
2647,20:05:47.5,+35:52:24.3,
2648,20:06:16.3,-08:07:02.1,
2649,20:06:36,+22:04,
2650,20:06:11.0,+31:02:03,
2651,20:07:13.5,+08:09:33,
2652,20:07:58.1,+09:10:12.9,
2653,20:07,+20:21,
2654,20:07:15.8,+27:22:47.9,
2655,20:07:09.0,+31:20:51.5,
2656,20:08:35.4,+25:13:30.3,
2657,20:09:49.1,+33:26:10.2,
2658,20:10:45.9,-13:23:56.0,
2659,20:10:05.0,+28:45:29.1,
2660,20:10:03.9,+30:51:18.8,
2661,20:10:26.5,+32:30:07.3,
2662,20:11:04.9,+33:31:24.6,
2663,20:12:46.6,-20:29:31,
2664,20:13:17.7,-06:49:05.3,
2665,20:13:34.2,+30:58:50.6,
2666,20:13:10.3,+38:45:43.3,
2667,20:15:12.7,+25:24:31.3,
2668,20:16:57.4,+19:47:51.5,
2669,20:17:22.7,+06:03:05.5,
2670,20:17:46.1,-16:14:15.5,
2671,20:17:28.9,+20:43:31.9,
2672,20:17:55.8,+36:25:07.9,
2673,20:17:44.5,+59:06:46.9,
2674,20:18:03.8,+28:39:54.2,
2675,20:18:53.1,+34:31:00.5,
2676,20:19:31.9,+24:25:15.3,
2677,20:21:05.4,+36:51:04.8,
2678,20:21:29.9,+40:26:45.1,
2679,20:22:24,+21:11,
2680,20:22:37.0,+28:54:23.1,
2681,20:22:21.6,+38:42:14.8,
2682,20:22:49.8,+51:54:50.2,
2683,20:23:41.9,+50:37:34.8,
2684,20:24,+48:00,
2685,20:27:16.6,+21:46:04.4,
2686,20:27:16.2,+45:57:57.0,
2687,20:27:23.2,+75:02:29.3,
2688,20:28:19.8,+33:32:04.3,
2689,20:29:23.8,+37:44:08.1,
2690,20:30:40.4,+22:28:21.8,
2691,20:30:00.2,+36:41:27.1,
2692,20:30:51.3,+44:15:38.1,
2693,20:30,+55:00,
2694,20:32:13.1,+41:27:24.3,
2695,20:33:31.1,+00:42:24.1,
2696,20:33:27.5,+17:34:58.4,
2697,20:33:55.4,-19:38:59,
2698,20:36:46.3,+28:35:10.4,
2699,20:36:52.3,+66:46:20.7,
2700,20:37:14.5,+19:42:54.3,
2701,20:37:27.4,+36:21:24.1,
2702,20:38,+35:00,
2703,20:38:54.3,-38:16:15.6,
2704,20:38:03.1,+53:19:12.8,
2705,20:40:17.8,+16:57:30.4,
2706,20:42:11.0,+02:46:14.3,
2707,20:43:20.8,+17:11:28.9,
2708,20:43:43.5,+27:40:56,
2709,20:43,+70:45,
2710,20:44,+28:00,
2711,20:44:58.8,+46:14:54,
2712,20:45:47.3,+09:12:29.1,
2713,20:45:01.5,+36:33:01.4,
2714,20:46:00.1,-04:21:26.2,
2715,20:46:39.3,+15:40:33.5,
2716,20:46:46.6,+57:08:37.0,
2717,20:47,+10:53,
2718,20:47:54.6,+50:29:38.1,
2719,20:48:35.6,-16:16:44.5,
2720,20:48:45.8,+22:55:05.3,
2721,20:50:57.2,+12:59:09,
2722,20:51:07.5,-08:27:37.7,
2723,20:51:29.6,+12:48:21.5,
2724,20:52:47,+12:18,
2725,20:53:49.4,+17:18:44.6,
2726,20:53:52.6,+46:50:51.7,
2727,20:53:47.2,-72:00:42.4,
2728,20:55:39.1,+22:09:27.2,
2729,20:55:48.8,+25:40:02,
2730,20:55:31.3,+36:30:21.4,
2731,20:55:10.3,+38:29:30.9,
2732,20:57:48,+21:26,
2733,21:02,+38:00,
2734,21:05:27,+07:57,
2735,21:05:20,+19:21,
2736,21:06,+28:29,
2737,21:05:12.9,+62:23:05.5,
2738,21:08:30.4,-34:29:37.9,
2739,21:08:20.4,+44:41:48.8,
2740,21:11:33.1,+21:06:07.0,
2741,21:11,+40:00,
2742,21:11:24.1,+46:06:31.3,
2743,21:13:04.3,+27:54:01.1,
2744,21:13:24.3,+46:44:08.8,
2745,21:14,+67:02,
2746,21:15:11.7,+54:48:45.1,
2747,21:16:13.7,+14:14:21.0,
2748,21:22:39.0,+24:26:44.9,
2749,21:23:48,+36:24,
2750,21:23:21.6,+54:34:07.7,
2751,21:24:46.5,+14:07:19.3,
2752,21:24:43.8,-33:58:44.8,
2753,21:27:31.2,-66:48:28.1,
2754,21:29:45.0,-04:29:05.5,
2755,21:29:58.2,+12:10:01.2,
2756,21:29:58.6,+12:10:00.3,
2757,21:30:01.2,+12:10:38.2,
2758,21:29:58.2,+12:09:59.7,
2759,21:29:58.1,+12:10:08.6,
2760,21:29:57.1,+12:10:02.9,
2761,21:29:57.9,+12:09:57.3,
2762,21:29:58.1,+12:09:59.4,
2763,21:29:22.7,-57:21:14.2,
2764,21:36:00.2,-16:06:13.0,
2765,21:37:20.2,+64:28:41.8,
2766,21:38,+49:11,
2767,21:39:42,+00:36,
2768,21:39:26.9,+22:42:42.0,
2769,21:39:55.9,+47:16:13,
2770,21:40:22.4,-23:10:48.7,
2771,21:40:22,-23:10:47,
2772,21:43:03.3,+06:54:17.5,
2773,21:44:12.0,-39:33:56.8,
2774,21:44:35.6,-52:37:07.5,
2775,21:45:50.4,-07:50:18.5,
2776,21:49:58.7,+63:29:44.2,
2777,21:50:37.7,+52:47:49.5,
2778,21:51:28.9,+23:15:12.8,
2779,21:54:17.3,-28:12:41,
2780,21:55:15.8,+28:13:12.1,
2781,21:55:13.6,-31:18:54.7,
2782,21:55:01.4,-56:41:57,
2783,21:56:23.7,+26:18:30.4,
2784,21:57:01.8,+40:17:45.9,
2785,22:02:21,+21:47,
2786,22:03,+50:00,
2787,22:04:43.6,+27:00:54.6,
2788,22:05:17.2,+14:44:31.3,
2789,22:06:18.1,+61:51:58.1,
2790,22:08:01.9,+40:56:01.8,
2791,22:08:23.7,+55:00:08.4,
2792,22:09:54,+21:17,
2793,22:11,+57:29,
2794,22:12:23.3,+29:33:05.4,
2795,22:13,+53:00,
2796,22:14:38.8,+30:00:38.1,
2797,22:15:39.6,+15:38:34.8,
2798,22:15:32.6,+51:35:36.3,
2799,22:16:05.2,+57:59:53.7,
2800,22:17:55.0,+57:33:04.0,
2801,22:19:48.1,+47:54:53.9,
2802,22:22:05.9,-01:37:15.7,
2803,22:23:03.2,+29:23:58.6,
2804,22:22,+56:00,
2805,22:24:48,+35:30,
2806,22:25:52.8,+65:35:36.3,
2807,22:27:30,+30:36,
2808,22:28:40.5,+64:47:19.4,
2809,22:28:18,-65:11:47,
2810,22:29:50.8,+26:43:57.6,
2811,22:29:05.2,+61:14:09.3,
2812,22:29:41.8,+62:05:36.0,
2813,22:34:23.0,+06:11:28.6,
2814,22:34:46.8,+09:44:30.2,
2815,22:34:56.6,+21:14:18.8,
2816,22:35:43.7,+15:06:49.0,
2817,22:36:51.8,-55:27:48.8,
2818,22:38:28.2,+59:03:40.8,
2819,22:38,+60:21,
2820,22:40:42.9,+58:32:37.5,
2821,22:41:42.0,-52:36:36.2,
2822,22:41:20.3,+69:41:59.7,
2823,22:42:56.4,+69:50:52.1,
2824,22:43:09.7,+15:18:25.1,
2825,22:44,+63:00,
2826,22:48:26.8,-01:01:48.0,
2827,22:51:44.0,-37:11:48,
2828,22:53:14.5,+15:16:37.8,
2829,22:56:56.3,-10:24:34.3,
2830,22:57:57.7,+59:09:14.8,
2831,23:01:08.2,+58:52:44.4,
2832,23:02:46.9,+44:42:22.0,
2833,23:02:11.2,+60:28:00.2,
2834,23:05:58.3,+31:00:01.2,
2835,23:05:55.8,+47:07:45.3,
2836,23:06:12,+31:23,
2837,23:07:41.2,+22:25:50.1,
2838,23:08:13.8,+55:47:36.0,
2839,23:10:06.4,-05:55:35.9,
2840,23:10:42.0,+67:06:52.1,
2841,23:12:38.9,+69:31:04.0,
2842,23:13:08.6,+42:53:13.0,
2843,23:15,+58:00,
2844,23:17:09.2,+14:39:31.2,
2845,23:17:57.8,+21:49:48.0,
2846,23:19:35.2,+64:11:25.7,
2847,23:21:55.2,+60:24:30.7,
2848,23:22:22.3,+20:57:02.6,
2849,23:22:34.6,-26:50:58.3,
2850,23:23:21.6,+12:14:12.7,
2851,23:24:27.1,-60:54:05.7,
2852,23:25:15.3,-05:30:39,
2853,23:25:13.3,+63:16:52.3,
2854,23:26:58.6,+61:13:36.4,
2855,23:26,+61:00,
2856,23:27,+62:00,
2857,23:29:50,+16:57,
2858,23:29:31.5,+47:43:39.7,
2859,23:30:26.8,-20:05:29.6,
2860,23:33:19.4,+61:45:30.0,
2861,23:36:36,-01:51,
2862,23:37:05.7,+61:51:01.5,
2863,23:39:38.7,-05:33:05.3,
2864,23:40:45,+08:33:00,
2865,23:43,+62:21,
2866,23:46:50.4,-06:09:59.8,
2867,23:50:42,+31:39,
2868,23:51:03,+85:33:20.6,
2869,23:52,+65:00,
2870,23:54:26,-22:51:53,
2871,23:54:04.7,+61:55:46.8,
2872,23:55:49.8,+22:46:17,