#angDist,ra_epoch2000,dec_epoch2000,errHalfMaj,errHalfMin,errPosAng,source_id,ra,ra_error,dec,dec_error,parallax,parallax_error,pmra,pmra_error,pmdec,pmdec_error,duplicated_source,phot_g_mean_flux,phot_g_mean_flux_error,phot_g_mean_mag,phot_bp_mean_flux,phot_bp_mean_flux_error,phot_bp_mean_mag,phot_rp_mean_flux,phot_rp_mean_flux_error,phot_rp_mean_mag,bp_rp,radial_velocity,radial_velocity_error,rv_nb_transits,teff_val,a_g_val,e_bp_min_rp_val,radius_val,lum_val,phot_g_mean_mag_error,phot_bp_mean_mag_error,phot_rp_mean_mag_error,name,ra,dec
0.787977,5.6635220173247,-72.0430974488858,0.003,0.002,90,4689641878184890624,5.66359824706,0.0894,-72.04311014763,0.0725,0.2850,0.0905,5.458,0.187,-2.949,0.138,0,2.00676e+03,2.32479e+00,17.432129,1.36133e+03,1.89026e+01,17.516483,1.60421e+03,2.23846e+01,16.748764,0.767719,,,0,,,,,,0.001258,0.015076,0.015150,2CXO J002239.1-720234,5.663292211054227,-72.04289035033365
0.406977,5.6702516201784,-72.1562471747110,0.002,0.001,90,4689637200964271872,5.67032776015,0.0464,-72.15625711406,0.0419,0.2044,0.0510,5.419,0.101,-2.308,0.079,0,4.61411e+03,2.15074e+01,16.528145,2.34519e+03,7.90693e+01,16.925943,4.08199e+03,6.15885e+01,15.734740,1.191203,,,0,4885.00,,,,,0.005061,0.036606,0.016381,2CXO J002240.9-720922,5.670419236549037,-72.15614646657401
0.850231,5.6818214941616,-72.1607777460135,0.020,0.017,90,4689637205260969472,5.68191628955,0.6125,-72.16078719599,0.5661,1.2920,0.6510,6.745,1.268,-2.195,1.079,0,1.86847e+02,1.17702e+00,20.009651,2.82825e+02,3.83742e+01,19.222591,3.11299e+02,1.03892e+01,18.528975,0.693617,,,0,,,,,,0.006839,0.147314,0.036235,2CXO J002243.5-720939,5.681440574035548,-72.1609830785117
0.878479,5.6819290970216,-72.1611758220565,0.027,0.024,0,4689637205253867904,5.68202959214,0.7450,-72.16120222957,0.8029,-2.1190,0.8542,7.150,1.545,-6.133,1.757,0,1.11525e+02,1.22482e+00,20.569937,,,,,,,,,,0,,,,,,0.011924,,,2CXO J002243.5-720939,5.681440574035548,-72.1609830785117
0.824192,5.6924121403754,-72.0217805995922,0.010,0.009,90,4689642664178027776,5.69248905956,0.3607,-72.02179565130,0.3539,0.3687,0.4312,5.514,0.661,-3.496,0.580,0,2.50335e+02,1.15706e+00,19.692060,2.69234e+02,2.97446e+01,19.276064,4.44422e+02,1.03249e+01,18.142431,1.133633,,,0,,,,,,0.005018,0.119951,0.025224,2CXO J002246.1-720119,5.6924977094552105,-72.02200801323231
0.657269,5.6933821363154,-72.1726446191670,0.004,0.002,90,4689637136535115136,5.69338213632,3.6762,-72.17264461917,1.6181,,,,,,,0,8.57289e+01,2.26688e+00,20.855547,,,,,,,,,,0,,,,,,0.028709,,,2CXO J002246.2-721021,5.692876463151833,-72.17254783715339
0.620966,5.7284927356934,-72.1238379202835,0.016,0.011,90,4689637510222021504,5.72860148740,0.4827,-72.12385091222,0.3485,-0.0841,0.4020,7.753,1.057,-3.017,0.692,0,3.53717e+02,1.79069e+00,19.316725,2.99895e+02,5.54502e+01,19.158966,3.97157e+02,3.52432e+00,18.264515,0.894451,,,0,,,,,,0.005497,0.200751,0.009635,2CXO J002254.9-720726,5.728945120483104,-72.12394024237216
0.665716,5.7789357123696,-72.0982789853216,0.027,0.011,90,4689638648362441600,5.77924092688,0.4746,-72.09830634871,0.6036,5.2866,0.6995,21.790,1.720,-6.355,0.706,0,5.04846e+02,3.59534e+00,18.930470,,,,,,,,,,0,,,,,,0.007732,,,2CXO J002306.9-720554,5.778782726131396,-72.09845782726131
0.788641,5.8051725804652,-72.1424221138971,0.016,0.012,90,4689637548858634368,5.80526284579,0.3328,-72.14242997070,0.4487,1.4049,0.3919,6.429,1.009,-1.825,0.792,0,3.53311e+02,1.84690e+00,19.317972,4.30657e+02,2.06485e+01,18.766060,6.98821e+02,1.75155e+02,17.651005,1.115055,,,0,,,,,,0.005676,0.052057,0.272132,2CXO J002313.3-720832,5.80561266397433,-72.14224955100708
0.655247,5.8360290724337,-72.0044180355322,0.009,0.008,0,4689642324855365760,5.83607286431,0.2261,-72.00442737332,0.1949,0.1044,0.2359,3.142,0.512,-2.169,0.574,0,5.18867e+02,1.49720e+00,18.900726,4.53343e+02,2.44449e+01,18.710321,5.97587e+02,1.24632e+01,17.820917,0.889404,,,0,,,,,,0.003133,0.058545,0.022644,2CXO J002320.5-720015,5.835820292649203,-72.00424783477733
0.392070,5.8570744396920,-71.9578115788960,0.048,0.028,0,4689643458724013312,5.85716811623,0.6322,-71.95783186439,0.8961,1.0795,0.9905,6.739,1.798,-4.711,3.069,0,1.96137e+02,1.34319e+00,19.956966,,,,,,,,,,0,,,,,,0.007435,,,2CXO J002325.6-715728,5.856843965761357,-71.95789383280065
0.185372,5.8780493427424,-72.3454628522136,0.005,0.004,90,4689573021264770688,5.87804425944,0.1583,-72.34546325272,0.1264,-0.0130,0.1569,-0.358,0.339,-0.093,0.261,0,1.51594e+03,1.00116e+01,17.736664,1.32189e+03,2.32359e+01,17.548399,2.10688e+03,2.35678e+01,16.452822,1.095577,,,0,,,,,,0.007170,0.019085,0.012145,2CXO J002330.7-722043,5.878169734633218,-72.34542654362319
0.941376,5.8930351937761,-72.1420401099557,0.003,0.002,90,4689625827912472192,5.89311834790,0.0941,-72.14205507466,0.0702,0.3033,0.0896,5.923,0.225,-3.476,0.153,0,2.52166e+03,3.02803e+00,17.184149,1.90974e+03,3.96036e+01,17.148950,2.20458e+03,3.43377e+01,16.403605,0.745346,,,0,,,,,,0.001304,0.022516,0.016911,2CXO J002334.2-720832,5.892761715152119,-72.14228779051147
0.473167,5.9007265182346,-72.0677422682456,0.018,0.014,90,4689638850247661824,5.90091581059,0.4715,-72.06777885069,0.4732,-3.2226,0.5086,13.536,1.149,-8.497,0.917,0,3.25014e+03,2.63074e+01,16.908610,4.79413e+03,9.89311e+01,16.149612,5.30400e+03,1.00029e+02,15.450411,0.699202,,,0,5095.63,,,,,0.008788,0.022405,0.020476,2CXO J002336.2-720403,5.901094048933373,-72.0676754100641
0.148619,5.9042020225022,-72.0121072761939,0.006,0.005,90,4689642153062438400,5.90475727958,0.4060,-72.01208300064,0.1784,6.8125,0.4251,39.826,0.416,5.638,0.331,0,5.93425e+02,2.81379e+00,18.754950,,,,,,,,,,0,,,,,,0.005148,,,2CXO J002337.0-720043,5.904311334709632,-72.01213104032213
0.103015,5.9142847428349,-72.1172518961585,0.015,0.011,90,4689637682021722880,5.91445943310,0.9006,-72.11724246787,0.4114,-0.0196,0.9229,12.459,0.967,2.190,0.725,0,1.15554e+03,7.79281e+00,18.031408,1.48557e+03,7.97776e+01,17.421654,1.97379e+03,1.25370e+02,16.523664,0.897989,,,0,,,,,,0.007322,0.058306,0.068963,2CXO J002339.4-720702,5.914235638969785,-72.11727621659998
0.619390,5.9153274645630,-72.0278805074630,0.003,0.003,90,4689642080063085184,5.91540599868,0.1104,-72.02789115703,0.1060,-0.1172,0.1334,5.628,0.213,-2.473,0.194,0,1.76387e+03,7.94077e+00,17.572200,1.78178e+03,7.31150e+01,17.224250,2.07016e+03,4.72275e+01,16.471909,0.752342,,,0,,,,,,0.004888,0.044553,0.024769,2CXO J002339.5-720140,5.914804828760566,-72.02794048261217
0.963674,5.9144840744208,-72.0281892025343,0.001,0.001,90,4689642080063435776,5.91448407442,0.8195,-72.02818920253,0.7519,,,,,,,0,1.13190e+03,6.06299e+00,18.053846,,,,,,,,,,0,,,,,,0.005816,,,2CXO J002339.5-720140,5.914804828760566,-72.02794048261217
0.510607,5.9153486844368,-72.0674435478268,0.039,0.027,0,4689638785802423808,5.91534868444,27.0539,-72.06744354783,38.9194,,,,,,,0,2.95738e+03,1.82671e+01,17.011099,3.06390e+03,4.55065e+01,16.635702,4.17224e+03,1.07378e+02,15.710998,0.924705,,,0,5095.63,,,,,0.006706,0.016126,0.027943,2CXO J002339.6-720403,5.915264314533886,-72.06758298400665
0.443511,5.9156573353898,-71.9797963642205,0.017,0.017,90,4689642462291707136,5.91572144598,0.6082,-71.97980878708,0.5509,0.4271,0.5602,4.606,1.084,-2.885,1.076,0,3.05220e+02,1.61683e+00,19.476833,,,,,,,,,,0,,,,,,0.005751,,,2CXO J002339.7-715846,5.915696962468189,-71.97967377827386
0.955178,5.9148905790927,-71.9795833966267,0.004,0.003,90,4689643213919372544,5.91495509990,0.1457,-71.97959313228,0.1143,0.0770,0.1479,4.636,0.264,-2.261,0.226,0,9.82896e+02,2.60571e+00,18.207096,7.46762e+02,2.04601e+01,18.168432,8.87872e+02,1.58280e+01,17.391043,0.777390,,,0,,,,,,0.002878,0.029748,0.019355,2CXO J002339.7-715846,5.915696962468189,-71.97967377827386
0.391155,5.9210092151882,-72.1392923446513,0.001,0.001,0,4689625935263802112,5.92100921519,0.7469,-72.13929234465,1.0963,,,,,,,0,6.45647e+02,3.31705e+00,18.663378,,,,,,,,,,0,,,,,,0.005578,,,2CXO J002340.9-720821,5.9206598323710296,-72.13931032034574
0.851458,5.9226189569605,-72.1179857886950,0.020,0.013,90,4689637686297065344,5.92247048926,0.7439,-72.11795905665,0.3880,3.8244,0.6276,-10.588,1.310,6.209,0.867,1,2.99136e+03,2.58240e+01,16.998693,3.37617e+03,6.27744e+01,16.530327,4.12575e+03,7.61049e+01,15.723162,0.807165,,,0,5095.63,,,,,0.009373,0.020187,0.020028,2CXO J002341.3-720703,5.922383554187832,-72.1177605886171
0.873167,5.9419573490611,-72.1206125328383,0.002,0.001,90,4689637686297070848,5.94203842162,0.0584,-72.12062687255,0.0406,0.3108,0.0596,5.781,0.098,-3.331,0.083,0,5.31347e+03,7.91982e+00,16.374920,4.84605e+03,1.15394e+02,16.137918,4.82641e+03,5.77206e+01,15.552859,0.585059,,,0,5163.20,,,,,0.001618,0.025854,0.012985,2CXO J002346.2-720714,5.942569002091716,-72.12076604321668
0.564040,5.9433781505916,-72.0670721941240,0.003,0.002,0,4689638820160471936,5.94337815059,1.6402,-72.06707219412,2.8993,,,,,,,0,4.47681e+03,4.53468e+01,16.560944,,,,,,,,,,0,,,,,,0.010998,,,2CXO J002346.3-720401,5.9431300977591945,-72.06720899543481
0.219980,5.9550203769421,-72.0939163675978,0.001,0.001,0,4689637995534546560,5.95502037694,0.9805,-72.09391636760,1.0821,,,,,,,0,7.10550e+03,7.03336e+01,16.059380,8.82258e+03,4.10073e+02,15.487399,1.32237e+04,4.31646e+02,14.458535,1.028864,,,0,5095.63,,,,,0.010747,0.050465,0.035440,2CXO J002349.2-720538,5.955210561299964,-72.09393410770001
0.916900,5.9666123179024,-72.0997657110386,0.010,0.001,90,4689637785100430848,5.96661231790,9.8664,-72.09976571104,0.9258,,,,,,,0,5.04906e+03,5.87739e+01,16.430338,7.49850e+03,6.06252e+02,15.663952,9.84837e+03,1.61717e+03,14.778509,0.885443,,,0,5095.63,,,,,0.012639,0.087781,0.178285,2CXO J002351.7-720559,5.965820375035605,-72.099840678091
0.731698,5.9672577800444,-72.1233835466471,0.015,0.006,90,4689625965352259072,5.96737855922,0.4706,-72.12338836440,0.1782,-0.7542,0.3457,8.611,0.941,-1.119,0.397,0,1.59929e+03,6.74261e+00,17.678545,,,,,,,,,,0,,,,,,0.004577,,,2CXO J002352.2-720723,5.9677763248395195,-72.1232571626284
0.742026,5.9671071943959,-72.1232400100939,0.003,0.002,0,4689625965351074560,5.96710719440,1.9124,-72.12324001009,2.6727,,,,,,,0,2.60539e+03,8.37868e+01,17.148685,3.36614e+03,1.17981e+02,16.533558,4.17990e+03,3.00240e+01,15.709004,0.824554,,,0,,,,,,0.034916,0.038054,0.007799,2CXO J002352.2-720723,5.9677763248395195,-72.1232571626284
0.217889,5.9720668112437,-72.1957969529578,0.032,0.031,90,4689624590959682688,5.97207635097,0.9514,-72.19579897594,0.8742,0.6727,1.0323,0.677,2.066,-0.470,2.019,0,1.01106e+02,2.03853e+00,20.676418,,,,,,,,,,0,,,,,,0.021891,,,2CXO J002353.3-721144,5.972247876141523,-72.19577249630287
0.723790,5.9781168256607,-72.0656023315271,0.049,0.011,0,4689638059973784192,5.97811682566,10.9586,-72.06560233153,49.0714,,,,,,,0,3.86936e+03,1.04769e+02,16.719269,,,,,,,,,,0,,,,,,0.029398,,,2CXO J002354.5-720355,5.977497831393919,-72.06553836591475
0.483541,5.9901359171225,-72.1314192263932,0.004,0.003,90,4689625896630964352,5.99020869797,0.1149,-72.13142637013,0.0866,0.0708,0.1105,5.187,0.249,-1.659,0.170,0,3.15039e+03,6.44411e+00,16.942455,3.24976e+03,7.95275e+01,16.571758,4.56043e+03,6.98574e+01,15.614405,0.957354,,,0,5095.63,,,,,0.002221,0.026570,0.016631,2CXO J002357.5-720753,5.989810098408498,-72.1315089290702
0.639018,5.9899932265730,-72.0837887996789,0.000,0.000,90,4689637995526851840,5.98999322657,0.1950,-72.08378879968,0.1405,,,,,,,0,6.05950e+04,2.50041e+02,13.732274,5.75306e+04,4.26544e+03,13.451641,7.68442e+04,4.59428e+02,12.547893,0.903749,,,0,5095.63,,,,,0.004480,0.080499,0.006491,2CXO J002357.6-720502,5.990402224504862,-72.08391401110454
0.685716,5.9910004143219,-72.0707336539832,0.001,0.001,90,4689639541716250112,5.99100041432,0.9086,-72.07073365398,0.5041,,,,,,,0,6.58213e+03,2.31556e+02,16.142450,,,,,,,,,,0,,,,,,0.038196,,,2CXO J002357.7-720414,5.990531131836008,-72.07060951283236
0.563530,5.9971312346972,-71.9786807057402,0.006,0.005,90,4689643871049133440,5.99720400629,0.1865,-71.97869038441,0.1617,0.1026,0.2078,5.229,0.401,-2.248,0.330,1,6.29816e+02,1.73756e+00,18.690330,4.89787e+02,1.39136e+01,18.626371,6.67217e+02,6.96258e+01,17.701254,0.925118,,,0,,,,,,0.002995,0.030843,0.113300,2CXO J002359.2-715843,5.996899097236735,-71.97881979546507
0.760719,6.0024314898863,-72.0798808764517,0.000,0.000,90,4689639473004167168,6.00243148989,0.3524,-72.07988087645,0.2204,,,,,,,0,1.75316e+05,5.71314e+02,12.578809,1.44222e+05,7.47843e+03,12.453807,2.24689e+05,9.32348e+03,11.382965,1.070842,,,0,5095.63,,,,,0.003538,0.056299,0.045053,2CXO J002400.4-720448,6.001913589977448,-72.0800196533997
0.969575,6.0065654904250,-72.0794917121984,0.008,0.008,90,4689639473003168896,6.00660217646,0.4389,-72.07951513469,0.2640,-2.7383,0.4190,2.622,0.546,-5.440,0.526,0,5.69411e+05,1.17877e+03,11.299802,2.40620e+05,2.63572e+03,11.898060,5.80942e+05,2.50429e+03,10.351587,1.546473,,,0,4443.43,,,,,0.002248,0.011893,0.004680,2CXO J002401.3-720445,6.005778610442803,-72.07937375517554
0.064698,6.0057517362886,-72.1139203923809,0.009,0.003,90,4689627447081746176,6.00577740855,0.2104,-72.11393516918,0.0811,0.5679,0.1224,1.831,0.549,-3.432,0.174,0,9.15022e+04,1.29651e+02,13.284786,4.85432e+04,2.59817e+02,13.636067,8.07632e+04,1.75240e+02,12.493886,1.142181,,,0,4987.00,,,,,0.001538,0.005811,0.002356,2CXO J002401.3-720650,6.0058102204023385,-72.11392097919835
0.235297,6.0087431965426,-72.0259045118730,0.010,0.008,90,4689640572515403136,6.00870417146,0.2737,-72.02589822817,0.3031,-0.5893,0.3514,-2.797,0.654,1.459,0.534,0,1.63292e+03,1.18199e+01,17.655954,1.96349e+03,7.62190e+01,17.118814,2.04293e+03,5.07356e+01,16.486288,0.632526,,,0,,,,,,0.007859,0.042146,0.026964,2CXO J002402.0-720133,6.008611501884616,-72.02595570199736
0.664230,6.0212941216614,-72.0817712992792,0.002,0.002,0,4689639266844741376,6.02136425834,0.0722,-72.08178171515,0.0515,0.3030,0.0769,5.012,0.105,-2.419,0.115,0,5.34922e+05,8.00610e+02,11.367639,2.68340e+05,6.40220e+03,11.779674,5.91877e+05,4.93431e+03,10.331341,1.448333,,,0,4777.00,,,,,0.001625,0.025904,0.009051,2CXO J002404.9-720454,6.0207635288144274,-72.0816853031033
0.968431,6.0212684937185,-72.0838268961367,0.011,0.008,90,4689639266844757632,6.02139691179,0.3834,-72.08384231933,0.2508,1.7674,0.2816,9.175,0.703,-3.582,0.509,0,5.75909e+05,1.70773e+03,11.287481,3.69755e+05,7.68801e+03,11.431603,7.21700e+05,2.58530e+03,10.116028,1.315576,,,0,5143.45,,,,,0.003220,0.022575,0.003889,2CXO J002405.0-720502,6.021204585344606,-72.08409518551117
0.801982,6.0228619890163,-71.9446734974200,0.002,0.001,90,4689644725765143808,6.02286198902,1.5764,-71.94467349742,1.0496,,,,,,,0,8.03964e+01,1.44650e+00,20.925274,1.08085e+02,8.74576e+00,20.266980,1.36369e+02,7.22844e+00,19.425130,0.841848,,,0,,,,,,0.019535,0.087853,0.057551,2CXO J002405.5-715640,6.023328359382447,-71.94450398538781
0.611079,6.0231720347324,-72.0844436430542,0.006,0.002,90,4689639266845709952,6.02324823380,0.1440,-72.08446684466,0.1461,0.3054,0.2182,5.444,0.375,-5.389,0.136,0,1.85590e+05,7.56470e+02,12.516980,,,,,,,,,,0,,,,,,0.004425,,,2CXO J002405.6-720504,6.023684383579962,-72.0845066780803
0.411599,6.0248193500533,-72.0629430092872,0.011,0.005,90,4689639541714749056,6.02485711964,0.2831,-72.06295441338,0.1618,0.7198,0.2131,2.702,0.683,-2.649,0.291,0,9.20539e+04,3.00461e+02,13.278261,6.10101e+04,1.07359e+03,13.387884,1.08375e+05,1.15396e+03,12.174593,1.213291,,,0,5143.45,,,,,0.003544,0.019106,0.011561,2CXO J002406.0-720346,6.025092006977786,-72.06286541475438
0.079709,6.0301253494326,-72.0818275979545,0.000,0.000,90,4689639266845709696,6.03012534943,0.2321,-72.08182759795,0.1480,,,,,,,0,2.08244e+05,8.72503e+02,12.391935,1.77188e+05,1.90815e+03,12.230303,2.73848e+05,5.23174e+03,11.168146,1.062157,,,0,5095.63,,,,,0.004549,0.011692,0.020743,2CXO J002407.2-720454,6.030196989796195,-72.08182548861483
0.209919,6.0322095073932,-72.0754234465556,0.003,0.002,90,4689639473003129984,6.03228801797,0.0687,-72.07543413412,0.0527,0.2353,0.0660,5.612,0.168,-2.482,0.118,0,7.70145e+05,5.14698e+03,10.971934,1.55580e+05,5.01133e+03,12.371505,1.09119e+06,2.65443e+04,9.667164,2.704341,,,0,4031.06,,,,,0.007256,0.034972,0.026412,2CXO J002407.7-720431,6.032338072629955,-72.07538061513691
0.521176,6.0351377049913,-72.0766446067454,0.002,0.001,90,4689639468699968384,6.03519705110,0.0456,-72.07665358331,0.0299,0.1197,0.0412,4.242,0.100,-2.085,0.068,0,3.55061e+05,2.17904e+02,11.812607,2.01513e+05,5.44735e+03,12.090632,4.21351e+05,8.40469e+03,10.700310,1.390322,,,0,5025.33,,,,,0.000666,0.029350,0.021657,2CXO J002408.3-720435,6.034675421732686,-72.07661778720566
0.673833,6.0342945885634,-72.0755501994232,0.003,0.003,90,4689639473003129856,6.03436700842,0.0689,-72.07555465744,0.0646,0.2115,0.0818,5.177,0.165,-1.035,0.164,0,8.37114e+05,4.85858e+03,10.881405,3.04917e+05,1.26944e+04,11.640934,9.95966e+05,1.94564e+04,9.766309,1.874625,,,0,4045.47,,,,,0.006302,0.045202,0.021210,2CXO J002408.3-720431,6.034720257866809,-72.07541651218435
0.402301,6.0413351662505,-72.0633143139741,0.004,0.001,0,4689639541714729472,6.04133516625,1.2256,-72.06331431397,3.5634,,,,,,,1,7.18858e+03,1.33529e+02,16.046757,1.66892e+04,2.77526e+02,14.795297,1.81597e+04,1.31538e+02,14.114148,0.681149,,,0,5095.63,,,,,0.020168,0.018055,0.007864,2CXO J002409.8-720347,6.040972347304262,-72.06331251879703
0.711306,6.0468601690933,-72.0810766587088,0.000,0.000,0,4689639266845737728,6.04686016909,0.0884,-72.08107665871,0.3373,,,,,,,0,2.82620e+05,9.08924e+02,12.060358,1.78631e+05,5.23567e+03,12.221496,3.70222e+05,5.68807e+03,10.840764,1.380732,,,0,5143.45,,,,,0.003492,0.031823,0.016681,2CXO J002411.3-720451,6.047112813449246,-72.08089500616154
0.355364,6.0571788392419,-72.0595801402863,0.010,0.007,90,4689639576074353280,6.05743793366,0.5310,-72.05959464104,0.2321,-2.0647,0.3808,18.536,0.653,-3.368,0.450,0,3.69981e+03,7.86344e+01,16.767918,,,,,,,,,,0,,,,,,0.023076,,,2CXO J002413.7-720334,6.057498901022768,-72.0595751889461
0.824077,6.0581228904161,-72.0504746466871,0.003,0.002,0,4689639571797065856,6.05818972802,0.0519,-72.05048503618,0.0682,0.1288,0.0757,4.784,0.103,-2.413,0.165,0,1.27591e+04,1.62165e+01,15.423814,7.47387e+03,1.19532e+02,15.667525,1.14503e+04,6.49055e+01,14.614877,1.052649,,,0,5095.63,,,,,0.001380,0.017365,0.006154,2CXO J002413.8-720302,6.057576036864248,-72.05062956003316
0.383044,6.0602291087322,-71.9803463566752,0.004,0.003,90,4689643699250419840,6.06011082611,0.1128,-71.98038703979,0.0936,18.7891,0.1131,-8.498,0.238,-9.449,0.199,0,5.30842e+06,1.86921e+03,8.875954,2.65740e+06,3.13076e+03,9.290245,3.73060e+06,6.33820e+03,8.332474,0.957771,37.24,0.44,4,5358.67,0.0295,0.0245,0.91,0.617,0.000382,0.001279,0.001845,2CXO J002414.4-715848,6.060001550406014,-71.98026657010672
0.287556,6.0603441955101,-72.1148726936609,0.001,0.001,0,4689627408431590272,6.06043525120,0.0401,-72.11488358054,0.0402,0.2126,0.0494,6.495,0.078,-2.529,0.078,0,5.22387e+04,3.43894e+01,13.893386,2.75015e+04,1.06278e+02,14.252997,4.19732e+04,1.28424e+02,13.204489,1.048509,,,0,5153.16,,,,,0.000715,0.004196,0.003322,2CXO J002414.5-720653,6.06057851931098,-72.11490735808984
0.813157,6.0641078264230,-72.1127881277867,0.003,0.002,90,4689627412732060032,6.06419715961,0.1027,-72.11279462616,0.0820,-0.7442,0.1320,6.373,0.171,-1.509,0.155,0,4.21389e+04,7.55679e+01,14.126658,2.27813e+04,1.09300e+02,14.457442,3.74873e+04,1.60644e+02,13.327209,1.130234,,,0,4987.00,,,,,0.001947,0.005209,0.004653,2CXO J002415.4-720646,6.064260030304979,-72.11300911428062
0.816845,6.0709047284874,-72.0740101787702,0.040,0.009,90,4689639301194992640,6.07090472849,39.7941,-72.07401017877,9.1236,,,,,,,0,1.47485e+04,1.78775e+02,15.266493,,,,,,,,,,0,,,,,,0.013161,,,2CXO J002416.9-720427,6.070791153353753,-72.07423437130886
0.044577,6.0719144172803,-72.0507971974716,0.002,0.001,90,4689639571797454080,6.07191441728,1.5800,-72.05079719747,1.3219,,,,,,,0,3.73832e+03,5.76280e+01,16.756676,6.30261e+03,6.73597e+02,15.852587,6.27157e+03,2.12990e+02,15.268479,0.584107,,,0,5095.63,,,,,0.016737,0.116039,0.036873,2CXO J002417.2-720302,6.071884966365701,-72.05078877424772
0.892141,6.0760520056357,-72.1051581891243,0.002,0.001,0,4689627481442962688,6.07605200564,0.8568,-72.10515818912,1.7474,,,,,,,0,2.56170e+03,1.22008e+01,17.167046,3.63455e+03,1.95102e+02,16.450262,4.49839e+03,3.03872e+01,15.629277,0.820985,,,0,,,,,,0.005171,0.058282,0.007334,2CXO J002418.1-720619,6.075443904814165,-72.10532097725608
0.163957,6.0779478054140,-72.0404312283200,0.003,0.003,90,4689640331988311424,6.07915432639,0.0969,-72.04054762405,0.0793,4.2679,0.0995,86.406,0.199,-27.033,0.162,0,7.48203e+04,8.56309e+01,13.503317,3.14726e+04,1.12514e+02,14.106556,6.83191e+04,1.63082e+02,12.675565,1.430991,,,0,4521.48,0.4748,0.2480,0.74,0.206,0.001243,0.003881,0.002592,2CXO J002418.7-720225,6.077990311986298,-72.04047484510382
0.258121,6.0779528562049,-72.0404040809873,0.001,0.000,0,4689640331996347648,6.07795285620,0.4211,-72.04040408099,0.6360,,,,,,,0,2.55382e+03,8.83988e+01,17.170391,,,,,,,,,,0,,,,,,0.037582,,,2CXO J002418.7-720225,6.077990311986298,-72.04047484510382
0.915794,6.0814821626942,-72.0752662029058,0.016,0.001,90,4689639301198250624,6.08148216269,16.4226,-72.07526620291,1.4821,,,,,,,0,5.80581e+04,1.05595e+02,13.778708,3.47779e+04,1.41840e+02,13.998131,5.11309e+04,3.70105e+02,12.990212,1.007918,,,0,5247.97,,,,,0.001975,0.004428,0.007859,2CXO J002419.4-720431,6.080870530742743,-72.0754373131646
0.664753,6.0856672641397,-72.2026840353355,0.002,0.002,90,4689623049045590144,6.08639516767,0.0699,-72.20264699069,0.0503,4.9053,0.0687,51.674,0.139,8.604,0.103,0,5.19117e+03,4.70810e+00,16.400204,1.21952e+03,1.13067e+01,17.635912,6.69185e+03,1.02409e+02,15.198055,2.437857,,,0,3585.82,0.1933,0.1090,,,0.000985,0.010066,0.016616,2CXO J002420.4-721209,6.085069898006907,-72.20271159606426
0.892077,6.0879820446613,-72.0886789365802,0.001,0.001,0,4689639232475761408,6.08798204466,0.5017,-72.08867893658,0.7742,,,,,,,0,5.00059e+03,1.20904e+02,16.440811,1.20905e+04,1.36363e+02,15.145277,1.22586e+04,3.99551e+02,14.540821,0.604456,,,0,5095.63,,,,,0.026251,0.012246,0.035388,2CXO J002420.9-720518,6.087209029521603,-72.08860904044886
0.279896,6.0966731659849,-72.1229461672186,0.010,0.006,90,4689627202289201024,6.09679000088,0.3816,-72.12295616585,0.2070,0.3968,0.3027,8.330,0.641,-2.322,0.358,0,1.09748e+03,2.32094e+01,18.087380,,,,,,,,,,0,,,,,,0.022961,,,2CXO J002423.2-720722,6.096890283489643,-72.12298620099385
0.927862,6.0981736646653,-72.1420895097202,0.010,0.006,90,4689626377656384256,6.09827328149,0.4207,-72.14209980214,0.2066,0.1200,0.3326,7.095,0.658,-2.390,0.391,0,8.05953e+02,3.02739e+00,18.422590,,,,,,,,,,0,,,,,,0.004078,,,2CXO J002423.5-720830,6.09808022970094,-72.14183336777145
0.297282,6.1013663918657,-72.1290072145106,0.008,0.007,90,4689627137854210944,6.10145407591,0.2416,-72.12901488114,0.1436,-0.4975,0.2352,6.250,0.485,-1.781,0.425,0,1.79263e+03,5.33617e+00,17.554636,,,,,,,,,,0,,,,,,0.003232,,,2CXO J002424.2-720744,6.101112951006883,-72.12903496842927
0.063445,6.1049740725791,-72.0853731318549,0.001,0.000,0,4689639228197338112,6.10497407258,0.1784,-72.08537313185,0.6824,,,,,,,0,3.49653e+03,4.26897e+01,16.829273,,,,8.20326e+03,9.44721e+02,14.976954,,,,0,,,,,,0.013256,,0.125038,2CXO J002425.1-720507,6.104920055072512,-72.08536725755185
0.161442,6.1076433820756,-72.1176404779400,0.003,0.003,90,4689627206573622528,6.10771696569,0.1269,-72.11765221063,0.0988,0.7696,0.1380,5.248,0.224,-2.725,0.214,0,1.11456e+04,5.93474e+01,15.570607,6.63968e+03,1.23290e+02,15.796021,1.08167e+04,1.49057e+02,14.676683,1.119337,,,0,5143.45,,,,,0.005781,0.020161,0.014962,2CXO J002425.8-720703,6.107757311980663,-72.11766853507785
0.627529,6.1249926503434,-72.1118841599030,0.001,0.000,90,4689627305368487680,6.12499265034,0.6073,-72.11188415990,0.3965,,,,,,,0,1.39392e+03,1.91686e+01,17.827772,,,,,,,,,,0,,,,,,0.014931,,,2CXO J002429.9-720643,6.124865336924756,-72.11205403045817
0.682973,6.1269824684198,-72.0920622458485,0.015,0.013,0,4689627584530668544,6.12712450299,0.3465,-72.09209423095,0.4000,3.6138,0.4291,10.144,0.815,-7.429,0.990,0,4.06059e+03,5.89316e+01,16.666893,6.92561e+03,1.37931e+02,15.750243,8.75805e+03,3.53371e+02,14.905901,0.844342,,,0,5095.63,,,,,0.015757,0.021624,0.043807,2CXO J002430.5-720532,6.127189608658341,-72.09224094921345
0.997673,6.1279880546182,-72.0923695056438,0.000,0.000,0,4689627584520491648,6.12798805462,0.4089,-72.09236950564,0.4371,,,,,,,0,2.89835e+03,4.63595e+01,17.032990,,,,,,,,,,0,,,,,,0.017367,,,2CXO J002430.5-720532,6.127189608658341,-72.09224094921345
0.232399,6.1324227999258,-72.1581856690060,0.002,0.001,90,4689626210131354880,6.13249118876,0.0606,-72.15819823364,0.0411,0.2363,0.0617,4.867,0.100,-2.918,0.084,0,5.13367e+03,1.38373e+01,16.412296,2.72633e+03,3.03924e+01,16.762440,4.39721e+03,4.96378e+01,15.653976,1.108463,,,0,5009.25,,,,,0.002927,0.012103,0.012256,2CXO J002431.8-720929,6.1326291852672625,-72.15819866141501
0.728451,6.1419806122757,-72.0591681199859,0.006,0.004,90,4689639399998561536,6.14205016771,0.2023,-72.05917858948,0.2036,-0.0020,0.2427,4.976,0.416,-2.432,0.287,0,2.37085e+03,1.23057e+01,17.251106,2.74488e+03,9.34501e+01,16.755081,3.11600e+03,3.74485e+01,16.027927,0.727154,,,0,,,,,,0.005635,0.036964,0.013049,2CXO J002434.1-720333,6.14242599231568,-72.05931685774017
0.421525,6.1440658007540,-72.0598983124277,0.010,0.004,90,4689639404282845312,6.14406580075,10.2695,-72.05989831243,4.2492,,,,,,,1,1.76482e+03,2.03221e+01,17.571615,,,,,,,,,,0,,,,,,0.012502,,,2CXO J002434.5-720335,6.144024847372293,-72.05978190350677
0.328028,6.1453757360481,-72.0113614146159,0.009,0.006,90,4689640533870277632,6.14543756995,0.2989,-72.01137197515,0.2066,0.3673,0.2634,4.435,0.589,-2.453,0.368,0,7.77852e+02,4.70396e+00,18.461124,1.04055e+03,2.53102e+01,17.808228,1.14947e+03,2.24092e+01,17.110680,0.697548,,,0,,,,,,0.006566,0.026409,0.021167,2CXO J002434.9-720040,6.145508378371119,-72.01128002271047
0.964654,6.1482637234553,-72.2458744816656,0.001,0.001,90,4689621915173727104,6.14839485098,0.0207,-72.24586948728,0.0164,1.5116,0.0208,9.287,0.042,1.160,0.034,0,4.68357e+05,3.05555e+02,11.511922,2.38008e+05,4.96771e+02,11.909907,3.27325e+05,4.97812e+02,10.974473,0.935434,-22.15,1.83,6,5378.50,,,3.34,8.391,0.000708,0.002266,0.001651,2CXO J002435.3-721444,6.14740726793525,-72.24581450927218
0.375706,6.1548603274283,-72.0881248209677,0.009,0.005,0,4689627584521450240,6.15485836010,0.1115,-72.08813864105,0.1495,-0.6111,0.1335,-0.141,0.328,-3.210,0.597,0,2.43212e+03,9.52263e+00,17.223406,,,,,,,,,,0,,,,,,0.004251,,,2CXO J002437.1-720516,6.154885719826211,-72.08802075077033
0.509591,6.1570756118837,-72.0234477287414,0.005,0.005,90,4689640469434621440,6.15715450350,0.1425,-72.02345717111,0.1204,0.4813,0.1411,5.655,0.353,-2.193,0.300,0,1.31595e+03,3.09899e+00,17.890265,1.03191e+03,3.01241e+01,17.817282,1.26364e+03,1.43692e+01,17.007860,0.809422,,,0,,,,,,0.002557,0.031695,0.012346,2CXO J002437.8-720124,6.157514336803274,-72.02348900131955
0.770165,6.1614671151117,-72.0128273832482,0.020,0.017,90,4689640533870313728,6.16157807312,0.4720,-72.01284645097,0.3347,1.3255,0.4500,7.958,1.305,-4.429,1.087,0,5.82181e+02,3.01505e+00,18.775723,7.44559e+02,2.08910e+00,18.171640,1.34672e+03,2.14349e+02,16.938730,1.232910,,,0,,,,,,0.005623,0.003046,0.172810,2CXO J002438.8-720046,6.162069924371167,-72.01293281797692
0.168365,6.1721337929940,-72.1032779889668,0.002,0.001,0,4689627344013613056,6.17213379299,0.8656,-72.10327798897,1.6844,,,,,,,0,1.03045e+03,6.39237e+00,18.155798,1.12101e+03,4.04765e+01,17.727365,1.77582e+03,1.10381e+02,16.638424,1.088942,,,0,,,,,,0.006735,0.039203,0.067487,2CXO J002441.3-720611,6.172250166319429,-72.1032478502222
0.236676,6.1771631477588,-71.9899217179984,0.001,0.001,90,4689640744312412032,6.17723614599,0.0361,-71.98993047173,0.0321,0.1080,0.0376,5.242,0.086,-2.033,0.067,0,8.41791e+03,1.56510e+01,15.875356,4.11496e+03,3.26615e+01,16.315474,6.54787e+03,4.80817e+01,15.221670,1.093803,,,0,5007.11,,,,,0.002019,0.008618,0.007973,2CXO J002442.5-715923,6.177198142474197,-71.98985687107627
0.219525,6.1780789389722,-72.1057606599206,0.004,0.004,0,4689627344012518784,6.17816960615,0.1366,-72.10577476255,0.1302,0.9184,0.1555,6.470,0.263,-3.275,0.284,0,2.56586e+03,7.61908e+00,17.165285,2.69455e+03,1.45779e+02,16.775173,3.78993e+03,3.23638e+01,15.815343,0.959830,,,0,,,,,,0.003224,0.058740,0.009272,2CXO J002442.7-720620,6.178248795385798,-72.10579219766683
0.975516,6.1961804793030,-72.2097433523776,0.006,0.005,90,4689622838601312384,6.19617550950,0.1962,-72.20974601174,0.1529,0.0673,0.2004,-0.353,0.373,-0.618,0.297,1,6.89027e+02,4.77673e+00,18.592775,7.85469e+02,2.34084e+02,18.113565,5.45929e+02,5.47637e+01,17.919079,0.194487,,,0,,,,,,0.007527,0.323569,0.108913,2CXO J002446.8-721235,6.195294441806084,-72.20975528213975
0.161839,6.2180279138045,-72.0492236136891,0.000,0.000,0,4689639812315906944,6.21802791380,0.3654,-72.04922361369,0.3853,,,,,,,0,6.19169e+02,2.85620e+00,18.708841,,,,,,,,,,0,,,,,,0.005008,,,2CXO J002452.3-720257,6.218072427010952,-72.04918080299986
0.818502,6.2379520948214,-72.1363974413181,0.002,0.000,90,4689626244490880384,6.23795209482,1.7677,-72.13639744132,0.4160,,,,,,,0,4.49046e+02,2.50099e+00,19.057638,,,,,,,,,,0,,,,,,0.006047,,,2CXO J002456.9-720810,6.237426457885363,-72.13623714576313
0.515719,6.2763312432035,-72.1352553156455,0.006,0.006,90,4689626622457730048,6.27633124320,6.4946,-72.13525531565,6.2404,,,,,,,0,2.25716e+02,3.14604e+00,19.804460,3.90459e+02,4.48062e+01,18.872448,5.20696e+02,1.46204e+01,17.970459,0.901989,,,0,,,,,,0.015133,0.124591,0.030486,2CXO J002506.2-720806,6.275865017298486,-72.13524718913135
0.542216,6.2755595015372,-72.1351292869505,0.003,0.001,90,4689626618174450176,6.27555950154,2.9200,-72.13512928695,0.7998,,,,,,,0,2.30582e+02,2.17120e+00,19.781300,3.97260e+02,2.58818e+01,18.853700,4.54749e+02,1.99421e+01,18.117490,0.736210,,,0,,,,,,0.010223,0.070736,0.047613,2CXO J002506.2-720806,6.275865017298486,-72.13524718913135
0.585900,6.3248702545461,-72.0519212533639,0.003,0.002,90,4689628031207177728,6.32537800487,0.0821,-72.05185015659,0.0713,6.9311,0.0920,36.340,0.164,16.513,0.149,0,1.90193e+04,2.09925e+01,14.990379,6.55338e+03,4.88842e+01,15.810226,2.14124e+04,5.55565e+01,13.935256,1.874970,,,0,4100.00,,,,,0.001198,0.008099,0.002817,2CXO J002518.0-720306,6.325398350349133,-72.05192343768046
0.865968,6.3457702306276,-72.0541358115701,0.027,0.023,90,4689628061286697216,6.34580247069,0.8016,-72.05414503279,0.6283,-0.2281,0.6505,2.307,1.721,-2.142,1.452,0,1.93830e+02,1.31777e+00,19.969816,,,,,,,,,,0,,,,,,0.007381,,,2CXO J002523.1-720315,6.346469113777459,-72.05424301354414
0.604082,6.3465043618555,-72.0490790418251,0.011,0.008,90,4689628061286570112,6.34656286864,0.4243,-72.04908432892,0.3219,0.0392,0.4299,4.188,0.732,-1.228,0.504,0,4.47942e+02,1.76954e+00,19.060312,3.34287e+02,2.98607e+01,19.041092,3.84736e+02,9.44020e+00,18.299013,0.742079,,,0,,,,,,0.004289,0.096985,0.026641,2CXO J002523.1-720257,6.346531890277163,-72.04924662774816
0.089756,6.3721706042505,-72.0902923216261,0.045,0.028,90,4689627034764033664,6.37223777528,1.1043,-72.09030615748,0.7166,0.3406,0.8252,4.798,2.928,-3.213,1.774,0,2.05934e+02,2.63135e+00,19.904045,,,,,,,,,,0,,,,,,0.013873,,,2CXO J002529.3-720524,6.3722243489633,-72.09027365470044
0.934284,6.4088784250863,-72.2566505419148,0.033,0.024,90,4689575078559682304,6.40891332397,0.8617,-72.25666054074,0.7271,0.4680,0.8361,2.470,2.124,-2.322,1.553,0,1.09045e+02,1.16447e+00,20.594349,8.10900e+01,5.31652e+00,20.578970,1.10194e+02,1.25070e+01,19.656527,0.922443,,,0,,,,,,0.011594,0.071184,0.123231,2CXO J002537.9-721523,6.4081785573073375,-72.25650268897047
0.836088,6.4510075164641,-72.0660670385196,0.005,0.003,0,4689632944642528512,6.45100751646,3.4154,-72.06606703852,4.5321,,,,,,,0,7.97882e+01,1.54350e+00,20.933520,,,,,,,,,,0,,,,,,0.021003,,,2CXO J002548.0-720357,6.450323578906307,-72.06596912654494
0.857227,6.4588310492627,-72.0390334751580,0.006,0.005,90,4689633764982939648,6.45890080832,0.1680,-72.03903992762,0.1462,-0.7316,0.1816,4.996,0.380,-1.499,0.293,0,1.12496e+03,2.68348e+00,18.060520,6.79850e+02,1.35157e+01,18.270355,8.64829e+02,1.28660e+01,17.419594,0.850761,,,0,,,,,,0.002590,0.021585,0.016152,2CXO J002549.9-720220,6.458087028647412,-72.0389697500212