index,class,livetime,significance,likelihood,gti_obs,var_inter_sigma,var_inter_prob,var_inter_index,var_max,var_min,var_mean,var_sigma,kp_prob,ks_prob,var_prob,var_index,flux_aper_hilim,flux_aper_lolim,flux_aper,photflux_aper_hilim,photflux_aper_lolim,photflux_aper,hard_hm,hard_hs,hard_ms,flux_powlaw,powlaw_gamma,powlaw_nh,powlaw_ampl,powlaw_stat,flux_bb,flux_bb_hilim,flux_bb_lolim,bb_kt,bb_nh,bb_ampl,bb_stat,flux_brems,brems_kt,brems_nh,brems_stat,hard_hm_hilim,hard_hm_lolim,hard_hs_hilim,hard_hs_lolim,hard_ms_hilim,hard_ms_lolim,flux_powlaw_hilim,flux_powlaw_lolim,powlaw_gamma_hilim,powlaw_gamma_lolim,powlaw_nh_hilim,powlaw_nh_lolim,powlaw_ampl_hilim,powlaw_ampl_lolim,bb_ampl_lolim,bb_ampl_hilim,flux_brems_lolim,flux_brems_hilim,brems_kt_hilim,brems_kt_lolim,brems_nh_hilim,brems_nh_lolim,bb_kt_hilim,bb_kt_lolim,bb_nh_hilim,bb_nh_lolim
0,PULSAR,49484.3,15.5,755.179,2003-04-13T10:26:27,,,,0.0034891400000000004,0.00262942,0.0028550800000000003,0.000192942,0.73,0.6628000000000001,0.364,0.6,13.56574735192373,13.645868501580791,13.603887869388522,8.3744e-06,6.8042e-06,7.5960000000000015e-06,0.3036,0.05,-0.2586,13.297569463554474,1.257,1.815,6.546e-06,0.931,13.452717692036696,13.41510365586255,13.500312917381596,0.7137,5.064e-07,1.414e-05,3.025,13.261774551857496,95.3,0.6618,0.936,0.3754,0.2305,0.1218,-0.0244,-0.1843,-0.3292,13.263364502313179,13.330683119433887,1.44,1.121,7.443,,7.878e-06,5.753e-06,1.316e-05,1.808e-05,13.428524096318057,13.144905048841379,4544.0,20.05,5.112,,0.7702,0.6584,0.667,
0,PULSAR,3903.9,6.39,409.5469,2011-08-29T04:49:28,1.295925e-06,0.53925,2.25,0.0024975,0.000667,0.0011019,0.00050265,0.974,0.777,0.77,3.5,13.834862553746632,14.241224318867527,14.01196750941144,9.440800000000001e-06,2.8308400000000003e-06,4.491e-06,0.0862,-0.6296,-0.6533,,,,,,,,,,,,,,,,,0.4691,-0.3467,-0.3804,-0.8351,-0.4354,-0.8264,,,,,,,,,,,,,,,,,,,,
1,PULSAR,12791.8,6.39,409.5469,2011-11-28T00:50:56,1.295925e-06,0.53925,2.25,0.0021053,0.0013373999999999999,0.001486,0.0001737525,0.6357499999999999,0.548,0.43724999999999997,0.5,14.067434921317274,14.305043997750182,14.199255435594894,7.66928e-06,3.577478e-06,5.66372e-06,-0.5884,-0.9157,-0.7021,,,,,,,,,,,,,,,,,-0.2592,-0.8501,-0.8301,-0.9813,-0.5778,-0.8076,,,,,,,,,,,,,,,,,,,,
0,PULSAR,9643.5,4.89,140.7185,2013-02-17T01:03:49,,,,0.0026279999999999997,0.0019303333333333334,0.0020126666666666665,0.00012991999999999998,0.3506666666666667,0.16533333333333333,0.28633333333333333,0.0,13.635960516324065,13.875789316563782,13.739499302260912,8.201e-06,4.8485749999999996e-06,6.526500000000001e-06,-0.4447,-0.8095,-0.5572,,,,,,,,,,,,,,,,,-0.1743,-0.6889,-0.6765,-0.9088,-0.3991,-0.6914,,,,,,,,,,,,,,,,,,,,
0,PULSAR,9219.4,1.84,85.76846,2012-09-25T02:15:46,,,,0.0005933,0.0004154,0.0004283,3.02e-05,0.404,0.6,0.473,0.0,14.221776373233904,14.76573587562121,14.410441327958495,1.8626e-06,4.83975e-07,1.097e-06,0.9981,-0.9994,-0.9994,,,,,,,,,,,,,,,,,1.0,-0.258,-0.7352,-1.0,-0.7914,-1.0,,,,,,,,,,,,,,,,,,,,
0,PULSAR,19917.4,14.54,1398.947,2009-12-11T19:32:20,,,,0.0061584,0.005612400000000001,0.0058814,0.00021953799999999997,0.6704,0.7858,0.2904,0.4,13.38741956784321,13.482252673875752,13.432004908403044,2.5006000000000004e-05,1.94202e-05,2.2230200000000003e-05,0.0974,-0.7295,-0.7708,13.205651396103917,3.391,3.157e-06,2.122e-05,1.548,13.349304020239389,13.311847244408433,13.407046428452134,0.174,2.623e-06,0.007895,3.803,13.30803489723264,0.4614,1.28e-06,2.678,0.2317,-0.0431,-0.6765,-0.7789,-0.7277,-0.8089,13.183559832043862,13.23995467203419,3.596,3.208,1.938,,2.294e-05,1.984e-05,0.005637,0.01119,13.448306084872776,13.191721490417232,0.5227,0.4097,1.286,,0.1856,0.1631,1.175,
0,PULSAR,18796.2,29.9,5200.666,2004-02-07T13:19:39,4.35455e-07,0.099,0.0,0.029058999999999998,0.0280405,0.02854975,0.000506533,0.489,0.499,0.242,0.5,,,,,,,,,,12.520568662802264,2.131,7.884e-07,7.717e-05,1.222,12.774949303861952,12.756961951313706,12.80271944187438,0.303,1.586e-07,0.002223,4.87,12.572351628813067,3.63,2.924e-07,2.52,,,,,,,12.50251746263263,12.538351431936546,2.198,2.071,0.394,,7.974e-05,7.48e-05,0.002147,0.002699,12.595166283380062,12.554395796726402,4.01,3.312,3.858,,0.318,0.2888,0.1865,
1,PULSAR,103680.0,29.9,5200.666,2013-01-25T08:14:32,4.35455e-07,0.099,0.0,0.00034744999999999996,0.00017745,0.00022825,5.457425e-05,0.715,0.6972499999999999,0.63475,1.0,15.166024628720093,inf,15.684187036129115,2.7989999999999996e-07,2.262e-08,1.5072999999999997e-07,0.4622,-0.0962,-0.5609,,,,,,,,,,,,,,,,,0.8326,-0.0256,0.4054,-0.5615,-0.0531,-0.8926,,,,,,,,,,,,,,,,,,,,
2,PULSAR,22762.4,29.9,5200.666,2013-03-27T04:17:49,4.35455e-07,0.099,0.0,0.0003287333333333333,0.00022552666666666665,0.0002312733333333333,1.3848333333333334e-05,0.15333333333333335,0.12633333333333333,0.47266666666666673,0.0,12.855414377392728,13.79621582057806,13.1008984467666,2.0767533333333334e-05,6.012666666666667e-07,1.0613166666666667e-05,,,,,,,,,,,,,,,,,,,,,,,,,,,,,,,,,,,,,,,,,,,,,
3,PULSAR,96253.7,29.9,5200.666,2013-04-22T17:56:01,4.35455e-07,0.099,0.0,0.00026586666666666666,0.00018491000000000002,0.0001879933333333333,9.119666666666668e-06,0.4506666666666666,0.43733333333333335,0.44166666666666665,0.0,15.251986501376274,inf,inf,1.469525e-07,0.0,1.99225e-08,0.9994,0.2399,-0.6908,,,,,,,,,,,,,,,,,1.0,0.0468,0.9313,-0.1805,0.1818,-1.0,,,,,,,,,,,,,,,,,,,,
4,PULSAR,47036.7,29.9,5200.666,2013-03-24T12:49:27,4.35455e-07,0.099,0.0,0.000557575,0.000336125,0.000346175,2.4772499999999997e-05,0.42874999999999996,0.45525000000000004,0.482,0.25,14.559492353745783,15.162600975657977,14.769806621130954,7.733749999999999e-07,2.0461250000000002e-07,4.8915e-07,-0.1012,-0.2923,-0.1686,,,,,,,,,,,,,,,,,0.3042,-0.5465,0.2117,-0.7089,0.3117,-0.5365,,,,,,,,,,,,,,,,,,,,
5,PULSAR,23753.9,29.9,5200.666,2013-03-19T05:59:03,4.35455e-07,0.099,0.0,,,,,,,,,14.36963654501527,15.42458120878564,14.655214877367339,4.883666666666667e-07,0.0,1.7123333333333335e-07,0.2661,,,,,,,,,,,,,,,,,,,0.6977,-0.4553,,,,,,,,,,,,,,,,,,,,,,,,
6,PULSAR,18796.2,5.47,1038.675,2004-02-07T13:19:39,3.0318e-07,0.25325,1.5,,,,,,,,,,,,,,,,,,,,,,,,,,,,,,,,,,,,,,,,,,,,,,,,,,,,,,,,,,,
7,PULSAR,103680.0,5.47,1038.675,2013-01-25T08:14:32,3.0318e-07,0.25325,1.5,0.00015041249999999998,0.000103465,0.000104705,4.28375e-06,0.35025,0.29275,0.47225,0.0,14.693199818310687,15.157640426669325,14.865424493641141,5.81475e-07,2.130625e-07,4.0077500000000004e-07,0.0537,-0.1237,-0.1711,,,,,,,,,,,,,,,,,0.3904,-0.3279,0.3092,-0.5078,0.2455,-0.4978,,,,,,,,,,,,,,,,,,,,
8,PULSAR,22762.4,5.47,1038.675,2013-03-27T04:17:49,3.0318e-07,0.25325,1.5,0.00019560499999999998,0.00011283500000000001,0.000130195,1.9918e-05,0.7833333333333333,0.8156666666666667,0.512,0.5,13.972378618447975,15.300451322051513,14.909271804146556,1.4389366666666666e-05,2.011e-07,5.663666666666667e-07,,,,,,,,,,,,,,,,,,,,,,,,,,,,,,,,,,,,,,,,,,,,,
9,PULSAR,96253.7,5.47,1038.675,2013-04-22T17:56:01,3.0318e-07,0.25325,1.5,0.00018321,0.000124505,0.00013267999999999998,1.129375e-05,0.3765,0.48175,0.48550000000000004,0.25,14.532687937019448,14.8835915193701,14.671477694122665,7.738e-07,3.6099999999999996e-07,5.687e-07,0.1611,-0.015,-0.1836,,,,,,,,,,,,,,,,,0.4528,-0.1418,0.3404,-0.3392,0.1718,-0.4878,,,,,,,,,,,,,,,,,,,,
10,PULSAR,47036.7,5.47,1038.675,2013-03-24T12:49:27,3.0318e-07,0.25325,1.5,0.0001624,6.75575e-05,0.00010498250000000001,3.9033500000000005e-05,0.6875,0.6835,0.62375,2.0,14.788218904243957,15.63344163872329,15.072437173194519,7.098249999999999e-07,1.570275e-07,4.344e-07,0.0125,-0.4497,-0.426,,,,,,,,,,,,,,,,,0.4591,-0.4778,0.0356,-0.8126,0.0431,-0.7689,,,,,,,,,,,,,,,,,,,,
11,PULSAR,23753.9,5.47,1038.675,2013-03-19T05:59:03,3.0318e-07,0.25325,1.5,0.0003095,0.0001415,0.0001875,5.6035e-05,0.739,0.9265,0.5790000000000001,1.0,14.417747195653705,15.353661635276325,14.84842587200564,8.136333333333334e-07,1.148e-07,4.0873333333333335e-07,-0.9994,,,,,,,,,,,,,,,,,,,-0.2405,-1.0,,,,,,,,,,,,,,,,,,,,,,,,
12,PULSAR,36584.8,90.71,46705.49,2012-12-01T17:25:33,5.02394e-05,0.594,3.6,0.0136404,0.013561400000000001,0.013602,3.93382e-05,0.461,0.4544,0.13080000000000003,0.0,12.470959967324157,12.546608264270974,12.506023614634818,0.000204718,0.000159116,0.00018260800000000004,0.08,-0.2299,-0.3036,12.453087356818758,1.775,1.233e-06,7.158e-05,1.215,12.61243222058281,12.596193389452578,12.631155493174179,0.6007,1.95e-08,0.0001881,3.777,12.489053051327026,5.864,4.985e-07,1.424,0.1168,0.0418,-0.1918,-0.2667,-0.2692,-0.3392,12.439854160150952,12.466355021201236,1.829,1.719,1.273,,7.485e-05,6.864e-05,0.0001822,0.0002161,12.507099988891296,12.474307475494989,6.608,5.254,1.416,,0.6232,0.5771,0.265,
13,PULSAR,30661.5,90.71,46705.49,2013-08-25T20:34:16,5.02394e-05,0.594,3.6,0.012987599999999998,0.012758199999999997,0.0128162,6.07166e-05,0.36099999999999993,0.4659999999999999,0.125,0.0,12.401669191564539,12.49650348428373,12.446369374206592,0.00023018599999999998,0.00017011,0.00020098799999999998,0.0512,-0.2011,-0.2498,12.475214550678778,1.791,4.071,7.369e-05,1.199,12.613857891069182,12.594995334949632,12.634699251362013,0.608,4.949e-07,0.0001792,3.098,12.483464626104201,5.8,1.803e-07,1.212,0.0931,0.0094,-0.1568,-0.2442,-0.208,-0.2904,12.45742352373947,12.494850021680094,1.914,1.675,9.753,,8.459e-05,6.484e-05,0.0001729,0.0002087,12.501000636419846,12.468904453129973,6.725,5.053,1.655,,0.6344,0.5822,0.3816,
14,PULSAR,37080.0,90.71,46705.49,2013-09-16T04:06:44,5.02394e-05,0.594,3.6,0.0138858,0.0135054,0.0135496,4.9596000000000004e-05,0.5641999999999999,0.42799999999999994,0.12620000000000003,0.0,12.329427620865523,12.41613498756837,12.37048235045445,0.000265376,0.00020578400000000003,0.000236528,0.0312,-0.2036,-0.2324,12.437588167050272,1.706,2.944e-06,7.075e-05,1.185,12.594482893023624,12.577738549186398,12.614930223668065,0.5996,4.374e-07,0.0001966,3.42,12.458046525541764,6.07,4.339e-06,1.285,0.0681,-0.0069,-0.163,-0.2417,-0.1943,-0.2692,12.422738046414185,12.450506286784988,1.78,1.653,2.935,,7.645e-05,6.779e-05,0.0001904,0.0002249,12.475474063373625,12.442613117940493,6.999,5.364,0.7333,,0.6224,0.5769,0.3017,
15,PULSAR,62242.4,90.71,46705.49,2012-11-28T22:34:53,5.02394e-05,0.594,3.6,0.013417599999999998,0.013369399999999998,0.0133962,2.24948e-05,0.5302,0.4506,0.07039999999999999,0.0,12.611619013854073,12.64171766598645,12.626366306387585,0.000188478,0.00015418399999999997,0.00017136999999999998,0.0325,-0.2561,-0.2861,12.462684726887991,1.845,2.093e-06,7.339e-05,1.247,12.625985259708088,12.61261017366127,12.640733835393252,0.5668,2.057e-07,0.0002292,3.821,12.505984625242856,5.352,1.874e-06,1.538,0.0618,0.0031,-0.2267,-0.2842,-0.258,-0.3129,12.451979305094468,12.473789996158336,1.888,1.803,0.7011,,7.572e-05,7.16e-05,0.0002233,0.0002492,12.518270803039984,12.493765640387874,5.795,4.961,2.645,,0.5833,0.5503,0.1652,
16,PULSAR,19806.1,90.71,46705.49,2013-08-28T13:43:04,5.02394e-05,0.594,3.6,0.0131804,0.0128849,0.013021,0.000123604,0.7657999999999999,0.8235999999999999,0.17760000000000004,0.2,12.433204377291654,12.546351477020382,12.484878879156515,0.00022285599999999995,0.000152412,0.00018766399999999998,0.1512,-0.1936,-0.3348,12.453580733164808,1.728,2.426e-06,6.926e-05,1.064,12.577246058698652,12.555174800490253,12.603975103391408,0.6884,7.65e-07,0.0001195,3.233,12.477816682381313,6.46,4.708e-06,1.126,0.2017,0.1006,-0.1393,-0.2442,-0.2842,-0.3829,12.435452288244052,12.473273132685364,1.803,1.654,1.671,,7.346e-05,6.526e-05,0.0001143,0.000143,12.50210325708678,12.456925764966467,7.734,5.228,1.107,,0.7247,0.6528,0.5262,
17,PULSAR,44480.5,90.71,46705.49,2013-08-30T12:52:59,5.02394e-05,0.594,3.6,0.0130548,0.01247964,0.012696299999999999,0.00022713,0.6612,0.622,0.281,0.4,12.474341133003433,12.557742922736633,12.514057224905832,0.000191514,0.000147306,0.00016942999999999998,0.015,-0.2486,-0.2623,12.484523558617624,1.87,0.5466,7.458e-05,0.866,12.610479534153622,12.597051170655595,12.628193541492584,0.5845,7.311e-07,0.0002094,2.891,12.511026475273491,5.029,1.651e-05,0.996,0.0506,-0.0206,-0.213,-0.2842,-0.228,-0.2954,12.450628847666822,12.519274621011512,1.961,1.812,4.36,,8.23e-05,7.09e-05,0.0002003,0.0002376,12.525783735923746,12.497709472085226,5.477,4.631,4.358,,0.6025,0.5639,0.2519,
18,PULSAR,59277.7,90.71,46705.49,2013-09-20T13:45:35,5.02394e-05,0.594,3.6,0.013414599999999999,0.013339600000000002,0.0133518,1.6182e-05,0.4302,0.2364,0.0612,0.0,12.161289402046853,12.244301945783933,12.200794585407301,0.00024823,0.00020066200000000002,0.000225172,0.0362,-0.2598,-0.2936,12.44490555142168,1.834,2.568e-06,7.608e-05,0.908,12.609948503541013,12.59567953277827,12.624885315307775,0.5813,3.048e-07,0.0002148,3.768,12.486249849918176,5.472,1.011e-07,1.203,0.0656,0.0056,-0.2305,-0.2892,-0.2655,-0.3217,12.433562507804929,12.456304367690755,1.879,1.793,1.003,,7.893e-05,7.44e-05,0.0002093,0.0002432,12.498256270372005,12.475603877896159,5.953,5.07,2.565,,0.5988,0.5611,0.1664,
19,PULSAR,18796.2,90.71,46705.49,2004-02-07T13:19:39,5.02394e-05,0.594,3.6,,,,,,,,,,,,,,,,,,,,,,,,,,,,,,,,,,,,,,,,,,,,,,,,,,,,,,,,,,,
20,PULSAR,103680.0,90.71,46705.49,2013-01-25T08:14:32,5.02394e-05,0.594,3.6,0.012844999999999999,0.012828800000000001,0.0128362,7.96106e-06,0.606,0.6581999999999999,0.0534,0.0,12.651729219694715,12.674222730442512,12.66259565297757,5.9594999999999994e-05,5.668e-05,5.8160000000000006e-05,0.0437,-0.2061,-0.2486,12.47237009912866,1.759,1.886e-06,6.809e-05,1.169,12.621420423884226,12.611188586526476,12.632085261206248,0.5921,2.811e-07,0.0001933,3.837,12.497572880015568,5.633,1.318e-05,1.27,0.0656,0.0231,-0.1843,-0.228,-0.228,-0.2692,12.46318913400846,12.482012796974923,1.813,1.727,2.198,,7.217e-05,6.668e-05,0.0001896,0.0002099,12.507658746745026,12.487449007095789,6.024,5.277,0.8915,,0.6047,0.5831,0.1044,
21,PULSAR,22762.4,90.71,46705.49,2013-03-27T04:17:49,5.02394e-05,0.594,3.6,0.012679000000000001,0.012038200000000002,0.0123082,0.00027201800000000006,0.6006,0.614,0.2144,0.0,12.470227546771762,12.569441230477242,12.516698047641833,0.00029401666666666667,0.00020816333333333333,0.00025239,,,,12.497709472085226,1.755,0.08786,6.556e-05,0.936,12.64493179365115,12.623058242853242,12.669383332705562,0.5823,6.09e-07,0.0002002,2.812,12.511590311096802,5.293,1.676e-06,0.983,,,,,,,12.478600371884625,12.52128924448724,1.895,1.685,6.321,,7.672e-05,6.19e-05,0.0001919,0.0002364,12.53595779456119,12.492009275180308,6.311,4.651,1.503,,0.6103,0.5549,0.5494,
22,PULSAR,96253.7,90.71,46705.49,2013-04-22T17:56:01,5.02394e-05,0.594,3.6,0.012645800000000002,0.012603600000000001,0.0126246,2.0987600000000002e-05,0.3694,0.3118,0.11120000000000001,0.0,12.64889973996858,12.672871047104563,12.660474029422678,5.8790000000000005e-05,5.5715e-05,5.7277499999999995e-05,-0.0112,-0.2661,-0.2548,12.48932096896779,1.873,1.482,7.268e-05,1.37,12.658961368322476,12.648977147415875,12.67223251009727,0.5409,1.71e-07,0.0002559,4.279,12.524764777395871,5.201,5.775e-06,1.637,0.0119,-0.0356,-0.2417,-0.2879,-0.233,-0.2767,12.480040819247932,12.4990777608097,1.939,1.813,3.991,,7.781e-05,6.853e-05,0.0002508,0.0002702,12.534319788401723,12.514562518923698,5.54,4.894,3.201,,0.5543,0.5262,0.1129,
23,PULSAR,47036.7,90.71,46705.49,2013-03-24T12:49:27,5.02394e-05,0.594,3.6,0.0122628,0.01207104,0.01212806,6.187799999999999e-05,0.4796,0.5566,0.1432,0.0,12.649688974760371,12.68526400609209,12.666582955869648,5.76875e-05,5.338249999999999e-05,5.55625e-05,-0.0162,-0.2623,-0.2473,12.509900994936695,1.854,0.000122,6.772e-05,1.248,12.66655272550325,12.651111276928562,12.682981898951889,0.5534,1.834e-07,0.0002311,3.473,12.54500278269054,5.067,1.269e-06,1.448,0.0169,-0.0506,-0.2292,-0.2954,-0.2155,-0.2792,12.496209316942819,12.52360317327467,1.95,1.805,3.935,,7.51e-05,6.519e-05,0.0002224,0.0002652,12.560825260156532,12.530767257493387,5.539,4.65,3.946,,0.5717,0.5325,0.2508,
24,PULSAR,23753.9,90.71,46705.49,2013-03-19T05:59:03,5.02394e-05,0.594,3.6,0.012171999999999999,0.012014,0.0120476,4.3014000000000005e-05,0.1466,0.22899999999999995,0.11239999999999999,0.0,12.614006667913467,12.660681086763525,12.63640682114173,5.978e-05,5.411666666666666e-05,5.695e-05,-0.0037,,,12.523748203992966,1.897,5.058,7.259e-05,1.196,12.666955970176513,12.641874714723352,12.693360558975739,0.5791,8.764e-07,0.0001961,3.106,12.533280628318401,4.758,2.276e-06,1.258,0.0456,-0.0531,,,,,12.503901007867428,12.544089759617258,2.036,1.764,11.06,,8.442e-05,6.262e-05,0.000188,0.000235,12.556111453222629,12.513994813637758,5.57,4.114,2.072,,0.6081,0.5502,0.5131,
0,PULSAR,9929.4,6.7,197.327,2011-09-16T17:08:38,,,,0.003425,0.00267875,0.00293275,0.00026656,0.5425,0.522,0.40225,0.5,13.410050398674292,13.588666551387433,13.489300869410608,1.319225e-05,8.893e-06,1.10535e-05,0.1886,-0.3835,-0.5309,,,,,,,,,,,,,,,,,0.3629,0.0044,-0.233,-0.5215,-0.3966,-0.649,,,,,,,,,,,,,,,,,,,,
0,PULSAR,9939.9,4.57,97.72061,2013-08-25T17:07:54,,,,0.0023960500000000003,0.001197925,0.0013401,0.0002111525,0.64375,0.68925,0.485,0.25,13.67445868200224,13.935954037135517,13.783431670795,7.192000000000001e-06,4.0412e-06,5.65125e-06,0.1387,-0.6408,-0.7083,,,,,,,,,,,,,,,,,0.4191,-0.1643,-0.4666,-0.7789,-0.5578,-0.8239,,,,,,,,,,,,,,,,,,,,
0,PULSAR,33398.4,11.04,477.2194,2006-09-16T08:43:16,3.4655350000000003e-07,0.45674999999999993,2.75,0.003188525,0.0014767,0.001616275,0.00023271600000000003,0.6112500000000001,0.52975,0.5115,1.0,13.633380207221586,13.81371793712833,13.755190174521022,4.0425799999999995e-06,2.9379600000000002e-06,3.3942599999999996e-06,0.5996,0.8695,0.5597,,,,,,,,,,,,,,,,,0.6765,0.5166,0.9238,0.8064,0.7239,0.3816,,,,,,,,,,,,,,,,,,,,
1,PULSAR,58387.1,11.04,477.2194,2007-11-10T13:53:44,3.4655350000000003e-07,0.45674999999999993,2.75,0.0016891999999999999,0.0013800499999999999,0.0014119750000000002,4.78355e-05,0.33875,0.49599999999999994,0.28675,0.0,13.678469090282041,13.782090918557051,13.733725017176623,5.03394e-06,3.25118e-06,3.66086e-06,0.4847,0.8507,0.6171,13.420559402860203,1.537,109.9,1.104e-05,0.414,13.442974277613617,13.383839687152417,13.538801711377507,1.131,24.38,2.845e-06,0.682,13.396855627379818,13.58,104.1,0.42,0.5565,0.4091,0.9126,0.7801,0.7614,0.4616,13.364616795952502,13.527389802403956,1.937,1.175,155.2,73.47,1.942e-05,6.588e-06,1.783e-06,4.574e-06,13.480434499119491,13.335264031481294,795.1,6.586,124.3,71.94,1.297,0.9934,48.07,5.328
0,PULSAR,56793.4,19.93,1782.775,2002-03-31T08:13:40,9.348539999999999e-07,0.6044,2.8,0.00416175,0.002621525,0.0028147999999999997,0.00024166825,0.5800000000000001,0.63525,0.42674999999999996,1.5,13.738256698491963,13.817343100505333,13.775472634794793,5.99452e-06,5.04086e-06,5.52268e-06,-0.05,0.6071,0.6371,13.42712839779952,3.095,121.8,6.225e-05,1.273,13.503762454833264,13.460798400705873,13.579879151914296,0.5644,49.68,4.698e-05,2.282,13.44490555142168,1.828,89.53,1.533,0.0156,-0.1156,0.6727,0.5328,0.6952,0.5703,13.390725827595412,13.471211808225103,3.396,2.822,137.9,107.5,8.498e-05,4.652e-05,3.164e-05,7.224e-05,13.50626319772316,13.4071573168689,2.223,1.518,100.7,79.63,0.6162,0.5142,60.8,39.98
1,PULSAR,60538.8,19.93,1782.775,2004-10-31T08:56:55,9.348539999999999e-07,0.6044,2.8,0.00397775,0.0031915000000000003,0.0032683249999999994,0.0001069225,0.5565,0.719,0.299,0.5,13.66524877860353,13.735900300399914,13.698566298162136,6.9292e-06,5.7917200000000005e-06,6.3708999999999994e-06,-0.0512,0.6034,0.6334,13.37716452047848,3.059,120.1,6.741e-05,1.228,13.481486060122112,13.439495584804943,13.594312213327223,0.5335,51.77,6.565e-05,2.417,13.392866795608434,1.891,86.36,1.572,0.0106,-0.1143,0.6677,0.5365,0.6927,0.5753,13.338187314462738,13.4185054577091,3.372,2.778,137.2,105.2,9.345e-05,4.987e-05,4.12e-05,0.0001107,13.442853857681637,13.359021942641668,2.328,1.551,97.64,76.46,0.5907,0.4792,64.98,40.62
2,PULSAR,18896.8,19.93,1782.775,2004-11-02T20:13:59,9.348539999999999e-07,0.6044,2.8,0.0041119749999999995,0.0022857999999999997,0.00252395,0.00031228,0.436,0.42874999999999996,0.419,0.5,13.672573627471541,13.816758635577633,13.739656666566221,5.81084e-06,4.11772e-06,4.883999999999999e-06,-0.015,0.5347,0.5422,,,,,,,,,,,,,,,,,0.1118,-0.1468,0.669,0.3904,0.6702,0.4116,,,,,,,,,,,,,,,,,,,,
0,PULSAR,19952.1,10.27,855.8119,2012-07-10T06:07:51,,,,0.00346688,0.0018236200000000002,0.00263258,0.00066909,0.6559999999999999,0.6479999999999999,0.6910000000000001,3.0,13.521145032471336,13.66199397182798,13.585173668888853,1.1825000000000001e-05,7.6086e-06,9.7566e-06,0.1162,-0.1537,-0.2636,,,,,,,,,,,,,,,,,0.2355,-0.0094,-0.0356,-0.2692,-0.1543,-0.3679,,,,,,,,,,,,,,,,,,,,
0,PULSAR,43607.1,144.29,62909.28,2000-03-11T00:36:25,9.7122e-06,0.7828,5.0,0.045308,0.0450704,0.045112,4.6872e-05,0.5404,0.4518,0.1224,0.0,12.46845415567127,12.490022892678821,12.479087232293459,9.610539999999999e-05,9.116580000000001e-05,9.36418e-05,0.1936,0.3273,0.1424,12.115204636051018,1.754,38.61,0.0002123,0.866,12.175028538876306,12.165579296318468,12.187554597127244,0.7978,1.583,0.0001656,1.765,12.120216219909585,7.416,31.6,0.904,0.213,0.173,0.3492,0.3054,0.1668,0.1193,12.104577453960593,12.12528631124222,1.809,1.701,40.87,36.43,0.0002249,0.0002005,0.000153,0.0001794,12.132532512140948,12.11069829749369,8.433,6.592,33.29,29.97,0.8162,0.7796,2.985,0.2428
1,PULSAR,159127.1,144.29,62909.28,2006-10-16T18:09:38,9.7122e-06,0.7828,5.0,0.03449386,0.03445524,0.034461900000000004,1.003988e-05,0.5702,0.4998,0.1032,0.0,12.479697297173635,12.497747725564466,12.488563189617079,9.623e-05,9.025e-05,9.3242e-05,0.1711,0.3798,0.2236,12.132886220168023,2.005,55.4,0.0002895,1.242,12.174054856796152,12.169090700453557,12.17966715510059,0.8047,3.18e-05,0.0001593,2.586,12.136142038116027,5.313,40.5,1.357,0.183,0.1593,0.3979,0.3616,0.2442,0.203,12.127435856909349,12.139242876918457,2.046,1.964,58.11,52.77,0.0003042,0.0002757,0.0001547,0.0001668,12.142607189079099,12.130005999878259,5.666,4.999,42.42,38.61,0.8135,0.7947,1.159,
2,PULSAR,44298.4,144.29,62909.28,2006-10-02T05:51:55,9.7122e-06,0.7828,5.0,0.0421475,0.041977499999999994,0.042065,8.487325e-05,0.5702499999999999,0.5395,0.07075000000000001,0.0,12.452611779468947,12.498472445513404,12.474918895239774,9.572199999999999e-05,8.4748e-05,9.023399999999999e-05,0.1849,0.401,0.2336,12.144299169164563,1.98,60.92,0.0002823,1.013,12.183294816333484,12.171404543628297,12.198664904325453,0.831,2.622,0.0001401,1.722,12.146788665496683,5.67,45.61,1.081,0.2067,0.1605,0.4366,0.3666,0.2755,0.1943,12.132709330145117,12.156082361993608,2.061,1.901,66.57,55.61,0.0003115,0.0002564,0.000126,0.000156,12.16045910703103,12.135845043997975,6.466,5.009,49.72,41.82,0.8547,0.8079,5.805,
3,PULSAR,153953.6,144.29,62909.28,2006-10-03T14:23:33,9.7122e-06,0.7828,5.0,0.03507334,0.03503854,0.03504902,1.03138e-05,0.3298,0.3982,0.1004,0.0,12.47381171789028,12.489133409266364,12.482257947383802,9.747000000000001e-05,9.1526e-05,9.454399999999998e-05,0.1949,0.3573,0.1749,12.1170772093974,1.96,53.6,0.0002839,0.878,12.15676722190199,12.150826366901173,12.163359458427227,0.8132,2.935e-05,0.000159,2.089,12.120158944013438,5.601,39.96,0.962,0.2067,0.183,0.3754,0.3404,0.1955,0.1555,12.1114274031424,12.122974384132752,2.0,1.921,56.3,51.0,0.000298,0.0002707,0.0001546,0.0001659,12.126505017743831,12.11429961987167,5.981,5.256,41.91,38.09,0.8221,0.8038,1.031,
4,PULSAR,39349.5,144.29,62909.28,2006-09-13T15:59:39,9.7122e-06,0.7828,5.0,0.043137499999999995,0.043015,0.043082499999999996,5.5785499999999996e-05,0.58175,0.6015,0.054,0.0,12.438996462942638,12.485261040491055,12.461514239841625,0.00010231199999999999,8.9656e-05,9.5994e-05,0.1899,0.341,0.1611,12.13864483980674,1.848,46.37,0.0002323,1.23,12.184887341810187,12.17134010346468,12.197705288602537,0.8316,7.996e-07,0.000138,1.936,12.140561464544943,6.893,34.84,1.272,0.2142,0.1655,0.3766,0.3054,0.2017,0.1218,12.126563136777962,12.149844077577908,1.929,1.771,51.48,41.63,0.0002557,0.0002116,0.0001346,0.0001478,12.15422003288811,12.129479049987236,8.075,5.977,38.54,31.36,0.8541,0.8142,0.7959,
5,PULSAR,64959.1,144.29,62909.28,2006-10-20T12:28:37,9.7122e-06,0.7828,5.0,0.043695,0.043637499999999996,0.043664999999999995,2.816975e-05,0.17175,0.4315,0.041499999999999995,0.0,12.308865440510584,12.394128477564589,12.349399159982895,9.8112e-05,8.9e-05,9.361599999999999e-05,0.1899,0.3735,0.1974,12.124533584133614,1.912,52.3,0.0002641,1.062,12.165388579277312,12.155771418698372,12.174314291978241,0.8241,1.159e-06,0.0001485,1.816,12.12644690648638,6.16,38.89,1.111,0.2092,0.1718,0.4016,0.3454,0.2292,0.1655,12.115261262230367,12.133594501621944,1.977,1.849,56.72,48.14,0.0002858,0.0002444,0.0001459,0.0001575,12.135370275454488,12.1170772093974,6.885,5.538,42.05,35.96,0.838,0.8099,1.06,
6,PULSAR,47700.4,144.29,62909.28,2006-10-07T11:42:03,9.7122e-06,0.7828,5.0,0.034320300000000005,0.034204439999999996,0.03423766,3.136e-05,0.5254000000000001,0.5648,0.1484,0.2,12.47002070771845,12.502480444197277,12.485962544212,9.932999999999999e-05,8.814e-05,9.3726e-05,0.2249,0.3748,0.1636,12.129479049987236,1.851,51.47,0.0002435,0.941,12.167171870460647,12.157265981051731,12.17947015147648,0.8476,1.693e-06,0.0001329,1.501,12.133240216504891,6.65,40.03,0.959,0.2467,0.203,0.4079,0.3429,0.2017,0.1255,12.119072134732916,12.139542204576529,1.924,1.781,56.57,46.71,0.0002664,0.0002232,0.0001306,0.0001438,12.145693958198919,12.122743866886413,7.647,5.855,43.82,36.49,0.8648,0.8293,2.017,
0,PULSAR,9936.3,9.99,634.4813,2012-12-14T05:44:19,,,,0.007411000000000001,0.0058152,0.00615775,0.00031638500000000003,0.744,0.661,0.3305,0.25,13.066373537504404,13.183941075673763,13.120058729367665,2.85535e-05,2.2138750000000002e-05,2.5405750000000003e-05,-0.4035,-0.8407,-0.6596,,,,,,,,,,,,,,,,,-0.2467,-0.5553,-0.7864,-0.8888,-0.5928,-0.7202,,,,,,,,,,,,,,,,,,,,
0,PULSAR,59224.3,18.02,1099.559,2009-10-08T07:13:01,,,,0.00469675,0.0035554999999999996,0.00369725,0.00020385500000000002,0.653,0.607,0.32225000000000004,0.5,13.414877813693185,13.483662979376387,13.447757771643298,1.3948e-05,1.205325e-05,1.3008249999999999e-05,-0.0537,-0.381,-0.3348,13.21140744407964,2.332,11.93,2.22e-05,1.26,13.427942010073696,13.38923340522673,13.49839307758117,0.3744,1.488e-06,0.0002113,3.501,13.224025668870631,3.036,5.585e-06,1.487,0.0156,-0.1243,-0.3217,-0.4403,-0.278,-0.3879,13.180587688790675,13.240181122625174,2.545,2.139,17.79,6.501,2.65e-05,1.87e-05,0.0001421,0.0003004,13.256098449514822,13.196611175016386,3.607,2.5,3.148,,0.4145,0.3428,1.004,
0,PULSAR,9920.7,3.0,41.15043,2010-05-12T23:10:44,,,,0.0013269,0.0007016,0.0008284333333333332,0.00012301333333333334,0.633,0.5963333333333334,0.4843333333333333,0.3333333333333333,14.04418000959742,14.456046748646827,14.201004265556119,4.227e-06,1.625025e-06,2.9260000000000004e-06,0.2848,-0.0037,-0.3073,,,,,,,,,,,,,,,,,0.594,-0.0593,0.3829,-0.3729,0.0993,-0.6452,,,,,,,,,,,,,,,,,,,,
0,PULSAR,9933.4,12.86,603.3304,2002-09-16T19:46:41,4.19955e-07,0.3745,1.5,0.0036525000000000004,0.003025,0.003181,0.00018015000000000001,0.10999999999999999,0.22349999999999998,0.2415,0.0,13.14063750525044,13.325102440039895,13.221819797615952,4.47382e-06,2.725472e-06,3.4962199999999994e-06,0.9094,0.9994,0.9994,,,,,,,,,,,,,,,,,0.9663,0.8301,1.0,0.9438,1.0,0.2804,,,,,,,,,,,,,,,,,,,,
1,PULSAR,89511.6,12.86,603.3304,2010-12-08T07:35:51,4.19955e-07,0.3745,1.5,0.0017381333333333334,0.0016597333333333332,0.0016871333333333333,2.6365666666666667e-05,0.8866666666666667,0.8533333333333334,0.25166666666666665,0.0,13.528980659366214,13.609191315705809,13.572767140884016,4.57374e-06,3.0266400000000002e-06,3.3134500000000004e-06,0.9044,0.9831,0.6896,13.278766629982723,0.034,197.4,1.912e-06,0.852,13.319120825573188,13.234480456902048,13.724688645458189,3.287,119.6,2.571e-07,0.954,13.286173575619475,100.0,439.8,1.473,0.9313,0.8751,0.9975,0.965,0.8988,0.4229,13.224098421108327,13.414764936634224,0.489,-0.404,293.4,117.0,3.977e-06,9.37e-07,9.941e-08,5.34e-07,13.331800515801339,13.24741382125959,,44.37,519.7,379.3,5.77,2.342,182.1,68.78
0,PULSAR,24735.6,4.19,63.20605,2012-12-13T00:06:11,,,,0.001607,0.000743,0.000798,0.0001137,0.462,0.315,0.6315,1.5,13.932541354843755,14.17387334433727,14.03494418619313,1.76532e-06,7.2148e-07,1.02602e-06,0.6783,0.8707,0.446,,,,,,,,,,,,,,,,,0.8226,0.4991,0.9725,0.7252,0.7876,0.0294,,,,,,,,,,,,,,,,,,,,
0,PULSAR,9841.8,3.88,65.95003,2012-09-30T01:27:45,,,,0.0020176666666666667,0.0009110333333333332,0.0012854000000000001,0.00031097,0.511,0.6333333333333334,0.5186666666666667,0.3333333333333333,13.675408914239073,13.956989623389234,13.789989314850317,4.756e-06,2.3599999999999994e-06,3.58725e-06,0.3473,0.4647,0.0999,,,,,,,,,,,,,,,,,0.5603,0.1068,0.7302,0.1668,0.4778,-0.243,,,,,,,,,,,,,,,,,,,,
0,PULSAR,93870.5,14.23,767.5616,2013-09-15T00:57:39,3.409975e-07,0.45625,2.5,0.0009649249999999999,0.0007682925,0.0007780275000000001,2.487525e-05,0.2005,0.23274999999999998,0.3005,0.0,13.835810035190244,13.933786856732215,13.8814095925041,2.924875e-06,2.28965e-06,2.61295e-06,0.5297,0.7433,0.3398,,,,,,,,,,,,,,,,,0.6052,0.4503,0.8314,0.6465,0.5278,0.1493,,,,,,,,,,,,,,,,,,,,
1,PULSAR,39617.4,14.23,767.5616,2003-02-09T13:01:32,3.409975e-07,0.45625,2.5,0.0030894750000000004,0.00103035,0.001145975,0.000252665,0.45875,0.4885,0.676,1.0,13.740077180454238,13.864510355787212,13.797718117233021,2.7191600000000003e-06,1.9680400000000003e-06,2.31776e-06,0.5222,0.7883,0.451,,,,,,,,,,,,,,,,,0.6152,0.4229,0.8613,0.7064,0.6165,0.2742,,,,,,,,,,,,,,,,,,,,
2,PULSAR,93868.3,14.23,767.5616,2013-06-14T11:01:00,3.409975e-07,0.45625,2.5,0.0010193,0.0009394075000000001,0.0009522075,1.5163999999999999e-05,0.63475,0.5807500000000001,0.2525,0.0,13.757035167126162,13.844910790891626,13.798751080056377,3.55705e-06,2.856275e-06,3.2066499999999996e-06,0.5397,0.7608,0.366,13.588717086982616,1.729,128.1,9.69e-06,1.101,13.613322716039162,13.564474148501345,13.688034339631633,1.069,34.3,2.386e-06,1.245,13.570570735618212,9.49,113.6,1.094,0.6065,0.4703,0.8351,0.6802,0.5315,0.1993,13.538201442474891,13.670805584911548,2.107,1.379,171.5,91.58,1.641e-05,5.897e-06,1.55e-06,3.69e-06,13.626904012921273,13.527389802403956,35.02,5.115,145.7,85.67,1.204,0.954,58.85,13.98
0,PULSAR,9467.9,94.01,60347.81,2003-04-21T17:22:10,8.061540000000001e-05,0.8455999999999999,6.2,0.06320224999999999,0.061499750000000006,0.062365250000000004,0.0008518035,0.46125000000000005,0.43799999999999994,0.2605,0.5,11.899341399491146,11.938859329588821,11.918649091095691,0.000174836,0.00015645996,0.0001656486,0.7445,0.9357,0.6259,11.603103550857476,-0.143,38.43,5.5e-05,1.182,11.613679426105953,11.59108197915322,11.6613443344213,3.498,8.639,9.028e-06,1.408,11.709520186669327,100.0,185.6,2.603,0.7639,0.7239,0.9488,0.92,0.6989,0.5515,11.586197483230649,11.620875853929608,-0.02,-0.264,49.97,28.04,6.593e-05,4.594e-05,6.785e-06,1.169e-05,11.726998727936262,11.693146251306992,,89.65,201.3,171.4,4.134,3.038,15.71,2.263
1,PULSAR,9892.3,94.01,60347.81,2003-04-28T06:24:30,8.061540000000001e-05,0.8455999999999999,6.2,0.073798,0.07364325,0.07365374999999999,2.0980000000005203e-05,0.61775,0.52175,0.0185,0.0,11.819499943738998,11.851463666531503,11.835223467629106,0.000163932,0.00014865659999999998,0.000154916,0.752,0.9194,0.5409,11.624336386039115,-0.169,37.2,5.018e-05,1.241,11.638649975647734,11.617082864912469,11.675717544702307,3.344,9.48,9.273e-06,1.404,11.724919101543142,100.0,203.9,2.66,0.7714,0.7314,0.935,0.9038,0.6177,0.4628,11.606424796730412,11.64359167296102,-0.046,-0.29,49.62,26.24,6.031e-05,4.191e-05,7.037e-06,1.193e-05,11.743282254022512,11.708409174341998,,89.53,222.3,187.8,3.916,2.925,17.07,2.745
2,PULSAR,19133.8,94.01,60347.81,2003-10-18T00:43:12,8.061540000000001e-05,0.8455999999999999,6.2,0.05899775,0.0569075,0.05764425,0.0007852,0.6880000000000001,0.7360000000000001,0.3175,0.5,11.95210237648559,11.977905004543292,11.964848139054277,0.00016188000000000002,0.00014787600000000002,0.00015496,0.7158,0.9232,0.6121,11.65915945018767,0.137,54.11,7.469e-05,1.332,11.670805584911548,11.657182685364267,11.688458041598805,2.478,16.69,1.591e-05,1.6,11.737311655698303,100.0,173.0,2.345,0.7314,0.7002,0.935,0.9126,0.664,0.5603,11.646468440922238,11.671416550285798,0.228,0.048,63.24,45.7,8.534e-05,6.551e-05,1.353e-05,1.858e-05,11.751046384504292,11.726767165956954,,93.45,182.9,163.7,2.678,2.307,22.0,11.79
0,PULSAR,9909.2,2.63,84.06728,2011-02-02T18:25:14,,,,0.0010834500000000001,0.0005643,0.0005976,6.7505e-05,0.7155,0.675,0.5415,0.5,14.44456695794534,15.058707260373076,14.677202031653612,2.77108e-06,4.69178e-07,9.411800000000001e-07,-0.2174,-0.5397,-0.3385,,,,,,,,,,,,,,,,,0.233,-0.6315,-0.1518,-0.8351,0.0244,-0.6427,,,,,,,,,,,,,,,,,,,,
0,PULSAR,9911.3,3.31,27.89532,2008-01-04T12:26:59,,,,0.001621,0.0009973,0.00104565,9.43e-05,0.1835,0.2665,0.4275,0.0,13.76157750411452,14.098396393169095,13.895717792905561,6.4449200000000005e-06,1.17182e-06,1.8294000000000002e-06,0.1537,0.9994,0.9994,,,,,,,,,,,,,,,,,0.4179,-0.1343,1.0,0.644,1.0,0.5615,,,,,,,,,,,,,,,,,,,,
0,PULSAR,19769.6,9.04,515.3331,2007-04-26T01:13:25,,,,0.0021877,0.00205466,0.00209382,4.0604e-05,0.19540000000000002,0.27880000000000005,0.2934,0.0,13.949860080724374,14.106882114237761,14.020934443002002,8.129719999999999e-06,5.47426e-06,6.803779999999999e-06,-0.6533,-0.8607,-0.466,,,,,,,,,,,,,,,,,-0.4853,-0.7976,-0.7826,-0.9238,-0.3679,-0.5565,,,,,,,,,,,,,,,,,,,,
0,PULSAR,9906.6,4.26,69.38681,2011-01-25T04:44:47,,,,0.002269,0.0014262666666666668,0.0015275333333333333,0.00015890999999999998,0.6213333333333333,0.5033333333333333,0.3993333333333333,0.0,14.154480278701088,14.500224967911489,14.315980942371558,6.7987199999999995e-06,2.030486e-06,4.42402e-06,-0.5122,-0.7608,-0.376,,,,,,,,,,,,,,,,,-0.188,-0.7926,-0.5453,-0.92,-0.1555,-0.5678,,,,,,,,,,,,,,,,,,,,
0,PULSAR,10384.1,2.61,23.55095,2004-05-04T21:54:39,,,,0.0011469499999999999,0.00064545,0.00068695,7.599e-05,0.3025,0.2695,0.513,0.5,14.156414280410072,14.653744850638615,14.33423144928062,1.6485999999999998e-06,4.7932e-07,8.8864e-07,0.3385,0.9994,0.9994,,,,,,,,,,,,,,,,,0.6327,-0.0281,1.0,0.6802,1.0,0.4966,,,,,,,,,,,,,,,,,,,,
0,PULSAR,9909.7,15.54,605.2857,2009-01-30T03:27:56,4.25444e-07,0.26159999999999994,0.0,0.00367725,0.0024818500000000003,0.0027388249999999994,0.000262025,0.54825,0.5539999999999999,0.3625,0.0,13.445937469722137,13.669939488229197,13.570748496669307,1.4071e-05,5.7254e-06,7.2304e-06,0.2174,0.2673,0.0475,,,,,,,,,,,,,,,,,0.3716,0.0543,0.4591,0.0718,0.263,-0.158,,,,,,,,,,,,,,,,,,,,
1,PULSAR,39544.0,15.54,605.2857,2011-07-17T08:08:24,4.25444e-07,0.26159999999999994,0.0,0.0042955,0.0034982499999999996,0.0035652500000000003,0.0001092,0.537,0.47950000000000004,0.2615,0.25,13.441033568703519,13.520082225990565,13.479181213924482,8.3622e-06,6.6548e-06,7.508620000000001e-06,0.3011,0.2361,-0.07,13.200314909090899,1.229,8.475,8.439e-06,1.239,13.315154638355587,13.27115943166003,13.36211018341921,0.8088,3.494e-06,1.188e-05,2.398,13.193820026016112,100.0,8.015,1.24,0.3704,0.228,0.3142,0.158,0.0181,-0.1543,13.161402747183343,13.239276027858049,1.428,1.04,16.48,1.349,1.049e-05,6.798e-06,1.1e-05,1.501e-05,13.239502124773473,13.156082361993608,,20.77,14.15,4.065,0.872,0.7494,1.199,
0,PULSAR,63325.5,14.8,1476.828,2007-07-22T01:07:47,,,,0.0018619139999999999,0.001820238,0.0018270540000000003,7.80247358e-06,0.42119999999999996,0.3586,0.2496,0.2,14.063136550023968,14.151957520650523,14.1048339070682,5.38856e-06,4.3311800000000004e-06,4.87156e-06,-0.7458,-0.8745,-0.3685,13.790484985457368,5.49,66.57,5.51e-05,1.72,13.813891620186794,13.773915884024175,13.911509529817604,0.2645,10.82,0.0005244,1.488,13.818442226137213,0.4893,33.24,1.565,-0.6627,-0.8251,-0.8301,-0.9151,-0.3092,-0.4266,13.760200181552902,13.83209218999852,6.032,5.02,77.62,56.7,7.618e-05,4.065e-05,0.0003274,0.0008793,13.901702463505302,13.773915884024175,0.56,0.4274,40.24,26.87,0.2853,0.2441,17.41,4.938
0,PULSAR,20451.3,6.27,493.068,2011-06-28T01:01:35,,,,0.001795,0.0009674750000000001,0.0012313250000000001,0.00023435750000000001,0.89925,0.7895000000000001,0.577,1.25,14.0266033366419,14.239984858625006,14.122709299850175,4.4866e-06,2.26006e-06,3.3759999999999995e-06,-0.2049,-0.376,-0.1811,,,,,,,,,,,,,,,,,-0.0044,-0.4066,-0.188,-0.5528,-0.0144,-0.3379,,,,,,,,,,,,,,,,,,,,
0,PULSAR,50404.6,33.38,8299.161,2013-07-22T05:10:13,,,,0.011689799999999998,0.011579167999999999,0.011607524000000001,3.14944e-05,0.21639999999999998,0.3498,0.2468,0.2,12.646318763081926,12.675136596312601,12.66085038392716,3.43808e-05,3.121478e-05,3.282358000000001e-05,0.7745,0.9719,0.797,12.308476477831846,0.995,197.0,7.038e-05,1.076,12.320118057887138,12.3040807471686,12.33866065999396,1.543,99.43,1.38e-05,1.032,12.309981219211306,100.0,236.7,1.116,0.7901,0.7589,0.9788,0.9638,0.8476,0.7439,12.29200425357707,12.32947584221792,1.141,0.856,222.4,174.3,8.827e-05,5.676e-05,1.171e-05,1.628e-05,12.328827157284916,12.294906389452127,,64.88,249.4,224.7,1.63,1.463,112.5,87.78
0,PULSAR,73884.4,12.96,554.7271,2007-07-26T16:23:08,,,,0.0017447749999999998,0.0014683550000000002,0.00152263,6.309775e-05,0.6335,0.726,0.40475000000000005,0.75,13.333728564010508,13.406411214123379,13.368498734744731,5.68104e-06,3.6559799999999997e-06,4.686599999999999e-06,0.7395,0.9232,0.5709,13.281166281696137,0.57,88.36,3.775e-06,0.841,13.299469343021409,13.248105311956254,13.398048595866479,1.857,25.5,8.335e-07,0.958,13.292259545726228,100.0,170.5,1.21,0.7839,0.6914,0.9575,0.8838,0.7402,0.3941,13.233512793760307,13.361011840656317,0.902,0.262,132.4,53.13,6.187e-06,2.363e-06,5.231e-07,1.296e-06,13.34170234969181,13.250031916490597,,43.11,200.4,145.4,2.241,1.581,50.0,5.768
0,PULSAR,26959.6,10.02,703.7994,2002-03-06T02:48:51,,,,983.0023866000001,0.00256318,1.7517401999999997,41.42003768599999,0.4282,0.5206,0.19339999999999996,0.0,13.740238933201336,13.862215605865838,13.795755175625665,1.2799600000000002e-05,1.0165e-05,1.15176e-05,-0.0437,-0.6184,-0.5871,,,,,,,,,,,,,,,,,0.1305,-0.218,-0.5228,-0.7089,-0.5041,-0.6652,,,,,,,,,,,,,,,,,,,,
0,PULSAR,49502.7,20.56,3096.73,2005-06-28T22:57:48,,,,0.00617455,0.005976175,0.0060551,8.0990975e-05,0.63775,0.647,0.249,0.0,13.111508240968298,13.159664543156483,13.13460722373903,1.3736600000000002e-05,1.203678e-05,1.2898919999999999e-05,0.5946,0.9457,0.802,12.818728228440538,1.15,121.0,2.497e-05,1.31,12.850472986245652,12.821886747685369,12.891096872332687,1.307,53.76,6.726e-06,1.795,12.816730156317195,100.0,128.0,1.33,0.6277,0.5603,0.96,0.9288,0.8551,0.7439,12.789949150124862,12.848323769152952,1.34,0.969,140.3,103.9,3.232e-05,1.941e-05,5.199e-06,8.683e-06,12.849550590539119,12.789949150124862,,41.15,139.1,118.5,1.422,1.206,65.31,43.57
0,PULSAR,42587.4,34.31,7081.538,2001-06-21T20:15:47,8.8114e-07,0.599,3.0,0.0037438400000000004,0.00322942,0.0032706,7.7086e-05,0.5066,0.5128,0.22399999999999998,0.0,13.63761932494814,13.719107630810148,13.676199446606171,9.116e-06,7.551e-06,8.3414e-06,-0.03,-0.2498,-0.2211,13.341416284592936,1.941,10.09,1.22e-05,0.514,13.55113915439256,13.514988785421426,13.600845666041783,0.4397,7.85e-07,8.034e-05,2.654,13.351054817834328,4.826,2.811,0.561,0.0531,-0.1143,-0.1755,-0.3229,-0.1543,-0.2867,13.306009389539224,13.375821074251977,2.143,1.755,15.17,5.353,1.451e-05,1.027e-05,6.037e-05,0.0001058,13.403732873604485,13.318758762624412,6.941,3.551,6.262,,0.4777,0.4058,0.6685,
1,PULSAR,166935.3,34.31,7081.538,2008-08-15T17:18:06,8.8114e-07,0.599,3.0,0.00320086,0.0026401800000000002,0.0026934399999999996,8.098440000000001e-05,0.6856,0.6482,0.32680000000000003,0.8,13.663636341916607,13.71011686133051,13.686238203707564,8.072399999999999e-06,7.1262e-06,7.6036e-06,0.02,-0.2523,-0.2711,13.37706103078851,1.933,8.809,1.089e-05,1.305,13.596022036330645,13.57577192930402,13.617622696531887,0.4218,2.261e-07,8.345e-05,3.536,13.41016205685254,5.21,0.8507,1.464,0.0643,-0.0256,-0.213,-0.2929,-0.2355,-0.3054,13.357733381097326,13.39707228714081,2.054,1.818,11.91,5.832,1.21e-05,9.81e-06,8.067e-05,9.786e-05,13.517841304588723,13.37345434097287,6.459,4.258,2.937,,0.4414,0.4038,0.2695,
0,PULSAR,9906.6,3.82,154.5027,2011-07-30T11:57:00,,,,0.0017222333333333333,0.0011084666666666668,0.0011622333333333335,0.00010223666666666666,0.07466666666666667,0.397,0.408,0.0,14.158437197170958,14.485452247339714,14.314840695927158,3.4108e-06,1.33588e-06,1.9534e-06,-0.9994,-0.9994,-0.3498,,,,,,,,,,,,,,,,,-0.3317,-1.0,-0.5965,-1.0,-0.1081,-0.564,,,,,,,,,,,,,,,,,,,,
0,PULSAR,24736.0,2.97,31.3659,2013-01-05T13:02:13,,,,0.0005623,0.0003278,0.00033915,2.9955e-05,0.202,0.10300000000000001,0.5145,0.5,14.228305244730166,14.934361287965052,14.68845380253231,1.41084e-06,2.93386e-07,5.251799999999999e-07,0.6346,0.3086,-0.4222,,,,,,,,,,,,,,,,,0.8513,0.3442,0.6102,-0.0269,-0.0194,-0.7439,,,,,,,,,,,,,,,,,,,,
0,PULSAR,27885.5,8.11,293.4485,2010-02-01T19:25:13,1.85635e-06,0.9,5.75,0.005491666666666666,0.0036906666666666663,0.003907333333333333,0.00028984333333333334,0.894,0.915,0.3313333333333333,0.6666666666666666,13.374265809003099,13.541226219194314,13.448446320497148,1.5112599999999998e-05,3.544e-06,4.9706e-06,0.1674,0.1624,-0.0137,,,,,,,,,,,,,,,,,0.4116,-0.0556,0.4853,-0.0906,0.3529,-0.3267,,,,,,,,,,,,,,,,,,,,
1,PULSAR,4913.0,8.11,293.4485,2002-08-11T20:08:30,1.85635e-06,0.9,5.75,0.001206,0.0004881,0.0008167,0.0003115,0.819,0.918,0.667,1.0,14.009421416889765,14.92107216631928,14.419508395078346,7.790439999999999e-06,4.3135999999999997e-07,1.2403999999999998e-06,0.2261,0.9994,0.9994,,,,,,,,,,,,,,,,,0.6165,-0.238,1.0,0.2442,1.0,0.0981,,,,,,,,,,,,,,,,,,,,
2,PULSAR,48728.6,8.11,293.4485,2004-07-19T02:19:47,1.85635e-06,0.9,5.75,0.0011842749999999998,0.0007281500000000001,0.00082955,9.600500000000001e-05,0.5255000000000001,0.631,0.45275,0.75,14.041350126384344,14.21758471222325,14.133499997327828,3.3494e-06,1.90084e-06,2.284e-06,-0.0037,0.1062,0.1087,,,,,,,,,,,,,,,,,0.1343,-0.1443,0.2755,-0.0618,0.2717,-0.0468,,,,,,,,,,,,,,,,,,,,
3,PULSAR,29370.4,8.11,293.4485,2010-02-22T15:56:29,1.85635e-06,0.9,5.75,0.00197,0.0014676666666666666,0.0015353333333333332,7.327666666666668e-05,0.24033333333333337,0.44166666666666665,0.23833333333333337,0.0,13.864126657426981,14.118261659981261,14.021773818325475,7.4674799999999995e-06,2.691406e-06,3.3748399999999997e-06,0.1237,0.7433,0.6746,,,,,,,,,,,,,,,,,0.2717,-0.0294,0.8951,0.5603,0.8576,0.4641,,,,,,,,,,,,,,,,,,,,
4,PULSAR,29171.5,8.11,293.4485,2010-02-11T14:13:38,1.85635e-06,0.9,5.75,0.002144333333333333,0.0016224666666666667,0.0016582666666666668,7.297666666666667e-05,0.11333333333333333,0.10099999999999999,0.26166666666666666,0.3333333333333333,13.624003706772765,13.784573423288661,13.711074588898141,6.19434e-06,2.8704199999999994e-06,3.4516800000000002e-06,0.5247,0.8332,0.5347,,,,,,,,,,,,,,,,,0.6277,0.4129,0.9213,0.7252,0.7464,0.2929,,,,,,,,,,,,,,,,,,,,
5,PULSAR,28305.8,8.11,293.4485,2010-02-01T11:14:49,1.85635e-06,0.9,5.75,0.0036275,0.0032290000000000005,0.0033385,0.000113615,0.61475,0.5245,0.21225,0.0,13.47771229721511,13.678951775735136,13.566386156192847,7.609999999999999e-06,4.136000000000001e-06,5.887e-06,0.2686,0.371,0.1074,13.220042948753093,2.083,23.03,2.174e-05,0.938,13.33771448427787,13.278601624478494,13.418961051227832,0.5766,5.115e-06,4.465e-05,1.699,13.243059763953276,4.094,11.15,0.995,0.5003,0.0481,0.5878,0.1455,0.3979,-0.1993,13.157453163504986,13.278189384787453,2.475,1.737,40.65,8.355,3.238e-05,1.499e-05,3.187e-05,6.312e-05,13.395557933739276,13.179732842839035,7.845,2.589,23.76,0.2964,0.6348,0.5216,4.205,
0,PULSAR,9936.3,2.8,37.30776,2012-12-18T11:20:58,,,,0.002002,0.0006707,0.000745,0.00016903,0.837,0.7190000000000001,0.7070000000000001,1.5,14.121573958987529,14.518390183584978,14.271835671219138,2.8684999999999997e-06,1.1295e-06,1.978975e-06,-0.9994,-0.9994,-0.6596,,,,,,,,,,,,,,,,,-0.4154,-1.0,-0.8176,-1.0,-0.4091,-0.8413,,,,,,,,,,,,,,,,,,,,
0,PULSAR,4903.4,3.75,153.7,2012-08-08T13:03:19,5.57175e-07,0.8009999999999999,5.25,,,,,,,,,14.43262069234902,15.330776126069194,14.681936665037238,2.9717399999999997e-06,1.3058e-07,5.44e-07,0.9994,-0.9994,-0.9994,,,,,,,,,,,,,,,,,1.0,-0.1943,-0.3841,-1.0,-0.5315,-1.0,,,,,,,,,,,,,,,,,,,,
1,PULSAR,17737.3,3.75,153.7,2012-08-11T00:06:57,5.57175e-07,0.8009999999999999,5.25,0.0009598333333333333,0.0005056666666666666,0.000538,6.205e-05,0.6923333333333334,0.5459999999999999,0.5106666666666666,0.6666666666666666,14.134940464311985,14.470479818594317,14.268717524432912,1.93024e-06,6.510199999999999e-07,1.0240400000000001e-06,0.1424,0.3223,0.1761,,,,,,,,,,,,,,,,,0.4129,-0.1505,0.6215,-0.0131,0.5028,-0.153,,,,,,,,,,,,,,,,,,,,
0,PULSAR,8922.2,5.69,667.2423,2009-07-05T08:50:30,2.8466199999999997e-06,0.5366000000000001,3.2,0.0009619,0.00052345,0.00055325,6.752e-05,0.5455,0.4205,0.5385,0.5,14.562883906951921,15.193091158966755,14.840492962522678,2.50024e-06,3.85e-07,1.4405399999999998e-06,-0.9994,-0.9994,0.1299,,,,,,,,,,,,,,,,,-0.4528,-1.0,-0.3217,-1.0,0.5141,-0.2542,,,,,,,,,,,,,,,,,,,,
1,PULSAR,8644.3,5.69,667.2423,2009-07-05T11:33:44,2.8466199999999997e-06,0.5366000000000001,3.2,0.0006968,0.0002708,0.0004569,0.0001783,0.524,0.824,0.68,2.0,14.43732060703653,15.283767042108767,14.680581610952272,3.14196e-06,4.940000000000001e-07,1.8135199999999998e-06,-0.9994,-0.9994,-0.1961,,,,,,,,,,,,,,,,,-0.1918,-1.0,-0.3204,-1.0,0.2567,-0.589,,,,,,,,,,,,,,,,,,,,
2,PULSAR,8647.5,5.69,667.2423,2009-07-05T14:12:10,2.8466199999999997e-06,0.5366000000000001,3.2,0.00093095,0.000597,0.00062795,6.097000000000001e-05,0.5900000000000001,0.203,0.482,0.0,14.431211787684653,15.00646457650783,14.696102292235535,2.0514999999999998e-06,4.36102e-07,9.2378e-07,-0.03,-0.5122,-0.456,,,,,,,,,,,,,,,,,0.4329,-0.5053,-0.1156,-0.8201,-0.0893,-0.7489,,,,,,,,,,,,,,,,,,,,
3,PULSAR,9026.6,5.69,667.2423,2009-03-30T09:42:14,2.8466199999999997e-06,0.5366000000000001,3.2,0.0011082,0.0006945333333333333,0.0007293666666666667,6.952e-05,0.343,0.421,0.4746666666666666,0.3333333333333333,14.43871968570971,14.902135588585486,14.656296068216788,3.05956e-06,6.9968e-07,1.1914e-06,-0.9994,-0.9994,-0.3485,,,,,,,,,,,,,,,,,-0.4491,-1.0,-0.6702,-1.0,-0.0369,-0.6152,,,,,,,,,,,,,,,,,,,,
4,PULSAR,9048.7,5.69,667.2423,2009-03-22T11:17:51,2.8466199999999997e-06,0.5366000000000001,3.2,0.0026885,0.00106835,0.0011998500000000001,0.00025925000000000004,0.593,0.597,0.692,2.0,13.660022159133593,14.150735719079158,13.835725235004071,2.80856e-06,9.7754e-07,1.5948400000000002e-06,0.2761,-0.5646,-0.6996,,,,,,,,,,,,,,,,,0.6502,-0.1843,-0.2817,-0.7989,-0.4691,-0.8726,,,,,,,,,,,,,,,,,,,,
0,PULSAR,29774.9,17.47,2179.05,2004-12-19T23:34:38,,,,0.007105200000000001,0.0069271,0.0069814000000000005,5.1982000000000005e-05,0.4976,0.6026,0.1224,0.0,13.40616033891873,13.486228561494755,13.443866424379916,2.6733800000000005e-05,2.2438e-05,2.4616599999999997e-05,-0.5309,-0.8095,-0.4884,13.236572006437063,3.685,21.44,4.337e-05,0.845,13.320208829019645,13.295677859177765,13.352910571283445,0.2751,1.643e-07,0.0009789,1.754,13.252976822548373,0.9371,2.987,0.811,-0.4466,-0.6127,-0.7714,-0.8463,-0.4428,-0.5328,13.211619484680437,13.264161665682927,3.979,3.421,26.93,16.31,5.22e-05,3.621e-05,0.0009065,0.001231,13.284581677404944,13.225556031075035,1.079,0.8128,6.6,,0.2902,0.2609,0.6364,
0,PULSAR,24732.6,3.2,47.97266,2013-03-03T09:09:15,,,,0.0004727,0.00027193333333333335,0.0002793,2.0748e-05,0.3383333333333334,0.17233333333333334,0.5033333333333333,0.3333333333333333,14.242359559534625,14.769934448793954,14.515136655522245,1.7160200000000003e-06,3.1204e-07,5.479999999999999e-07,0.1062,0.1099,0.0,,,,,,,,,,,,,,,,,0.4216,-0.2405,0.4666,-0.2605,0.3654,-0.3442,,,,,,,,,,,,,,,,,,,,
0,PULSAR,19639.3,7.83,371.8149,2009-08-27T19:20:41,,,,0.002259875,0.00187055,0.00202865,0.00014153,0.5487500000000001,0.528,0.3445,0.0,13.658403263589308,13.834441124688173,13.744023543565657,1.23144e-05,5.26898e-06,6.2754e-06,-0.3623,-0.8132,-0.6334,,,,,,,,,,,,,,,,,-0.1568,-0.559,-0.7314,-0.8826,-0.5428,-0.7139,,,,,,,,,,,,,,,,,,,,
0,PULSAR,16833.0,10.37,670.8565,2011-05-16T04:38:18,,,,0.00689675,0.001652275,0.003577,0.00148805,0.98475,0.93875,0.841,4.75,13.42047248403529,13.538789697865054,13.475471207890303,9.665600000000001e-06,6.7006e-06,8.194599999999998e-06,0.2898,0.2361,-0.06,,,,,,,,,,,,,,,,,0.3941,0.1855,0.3529,0.1205,0.0706,-0.1868,,,,,,,,,,,,,,,,,,,,
0,PULSAR,19930.0,8.23,425.7239,2009-08-30T03:18:52,,,,0.0027615,0.001815975,0.002008575,0.0002282775,0.5780000000000001,0.62775,0.4455,0.5,12.780169321112547,13.538864787770578,13.00345155446677,1.31156e-05,4.9345200000000005e-06,9.0368e-06,-0.5009,-0.7495,-0.3948,,,,,,,,,,,,,,,,,-0.3404,-0.6577,-0.6502,-0.8389,-0.2817,-0.4953,,,,,,,,,,,,,,,,,,,,
