#														
#   VizieR Astronomical Server vizier.u-strasbg.fr														
#    Date: 2021-08-14T10:59:04 [V1.99+ (14-Oct-2013)]														
#   In case of problem, please report to:	cds-question@unistra.fr													
#														
#														
#Coosys	J2000:	eq_FK5 J2000												
#INFO	votable-version=1.99+ (14-Oct-2013)													
#INFO	-ref=VIZ6117a0e22b8d18													
#INFO	-out.max=unlimited													
#INFO	queryParameters=23													
#-oc.form=dec														
#-out.max=unlimited														
#-out.add=_RAJ,_DEJ														
#-nav=cat:J/A+A/620/A89&tab:{J/A+A/620/A89/catalog}&key:source=J/A+A/620/A89&HTTPPRM:&														
#-c.eq=J2000														
#-c.r=  2														
#-c.u=arcmin														
#-c.geom=r														
#-source=J/A+A/620/A89/catalog														
#-order=I														
#-out=GOS														
#-out=XMM														
#-out=GaiaDR2														
#-out=RAJ2000														
#-out=DEJ2000														
#-out=DistG														
#-out=b_DistG														
#-out=B_DistG														
#-out=FX														
#-out=logFbol														
#-out=logLX														
#-out=logLbolG														
#-out=SimbadName														
#														
														
#RESOURCE=yCat_36200089														
#Name: J/A+A/620/A89														
#Title: X-ray catalog of Galactic O stars (Nebot Gomez-Moran+, 2018)														
#Table	J_A_A_620_A89_catalog:													
#Name: J/A+A/620/A89/catalog														
#Title: GOSXMM catalog														
#Column	_RAJ2000	(F12.8)	Right ascension (FK5, Equinox=J2000.0) (computed by VizieR, not part of the original data. The format may include more digits than the original data because of internal accuracy requirements in VizieR and across other CDS services)	[ucd=pos.eq.ra]										
#Column	_DEJ2000	(F12.8)	Declination (FK5, Equinox=J2000.0) (computed by VizieR, not part of the original data. The format may include more digits than the original data because of internal accuracy requirements in VizieR and across other CDS services)	[ucd=pos.eq.dec]										
#Column	GOS	(A16)	GOS name (LLL.ll+BB.bb_ii, ii: index, <GOS GLLL.ll+BB.bb NN> in Simbad) (gos)	[ucd=meta.id]										
#Column	XMM	(A21)	3XMM-DR7 name (3XMM JHHMMSS.s+DDMMSS) (xmm_name)	[ucd=meta.id]										
#Column	GaiaDR2	(I19)	Gaia source identifier, identical to the Gaia-DR2 source_id (GaiaDR2_source_id)	[ucd=meta.id;meta.main]										
#Column	RAJ2000	(A12)	Right ascension (J2000) (RAH)	[ucd=pos.eq.ra;meta.main]										
#Column	DEJ2000	(A12)	Declination (J2000) (DECD)	[ucd=pos.eq.dec;meta.main]										
#Column	DistG	(F9.3)	Estimated distance distance_Gaia (distance_Gaia) (4)	[ucd=pos.distance;pos.heliocentric]										
#Column	b_DistG	(F8.3)	Lower bound on the confidence interval of the estimated distance (min_distance_Gaia)	[ucd=pos.distance;stat.fit.param]										
#Column	B_DistG	(F9.3)	Upper bound on the confidence interval of the estimated distance (max_distance_Gaia)	[ucd=pos.distance;stat.fit.param]										
#Column	FX	(D12.5)	Unabsorbed flux in the 0.2-12keV band in erg/s/cm^2^ (fx)	[ucd=phot.flux;em.X-ray]										
#Column	logFbol	(F6.3)	Bolometric flux in erg/s/cm^2^ (log_fbol)	[ucd=phot.flux.bol]										
#Column	logLX	(F6.3)	X-ray luminosity in erg/s (log_Lx)	[ucd=phys.luminosity;em.X-ray]										
#Column	logLbolG	(F6.3)	Bolometric luminosity in erg/s (log_Lbol_Gaia)	[ucd=phys.luminosity]										
#Column	SimbadName	(a24)	Simbad column added by the CDS	[ucd=meta.id]										
_RAJ2000	_DEJ2000	GOS	XMM	GaiaDR2	RAJ2000	DEJ2000	DistG	b_DistG	B_DistG	FX	logFbol	logLX	logLbolG	SimbadName
deg	deg	 	 	 	h:m:s	d:m:s	kpc	kpc	kpc	mW/m2	mW/m2	[10-7W]	[10-7W]	
------------	------------	----------------	---------------------	-------------------	------------	------------	---------	--------	---------	------------	------	------	------	------------------------
270.968525	-24.36073333	 006.01-01.20_01	3XMM J180352.4-242138	4.06602259114753E+018	18 03 52.446	-24 21 38.64	1155.761	1036.357	1305.609	4.365E-12	-5.098	32.844	39.106	 9 Sgr
270.98684583	-24.31253056	 006.06-01.20_01	3XMM J180356.8-241844	4.06602341578126E+018	18 03 56.843	-24 18 45.11	1155.491	1066.392	1260.507	2.285E-13	-5.956	31.562	38.248	 HD 164816
270.5981375	-23.03085	 007.00-00.25_01	3XMM J180223.4-230150	4.06926865869133E+018	18 02 23.553	-23 01 51.06	1529.731	1337.221	1785.202	3.361E-13	-6.02	31.974	38.427	 HD 164492 A
275.14372083	-16.16995833	 015.07-00.70_01	3XMM J182034.5-161012	4.0978153821649E+018	18 20 34.493	-16 10 11.85	1630.645	1480.863	1813.271	1.142E-12	-5.905	32.56	38.598	 ALS 19618
275.25929583	-16.01692778	 015.26-00.73_01	3XMM J182102.2-160100	4.09800597563174E+018	18 21 02.231	-16 01 00.94	1682.591	1565.553	1818.109	5.903E-13	-5.918	32.301	38.612	 BD -16 4826
274.86847917	-15.31285278	 015.70-00.06_01	3XMM J181928.3-151846	4.09812770787374E+018	18 19 28.435	-15 18 46.27	3013.201	2498.303	3770.363	4.787E-13	-5.967	32.716	39.069	 ALS 4923
276.41206667	-14.75158333	 016.90-01.12_01	3XMM J182538.9-144506	4.1042015862323E+018	18 25 38.896	-14 45 05.70	1570.676	1484.782	1666.899	5.317E-13	-6.024	32.196	38.446	 BD -14 5040
274.65017917	-13.79346111	 016.94+00.84_01	3XMM J181835.9-134736	4.14659916688881E+018	18 18 36.043	-13 47 36.46	1802.245	1588.627	2079.98	2.378E-13	-5.946	31.966	38.644	 HD 168075
274.65175417	-13.80066111	 016.94+00.84_02	3XMM J181836.4-134802	4.14659913252907E+018	18 18 36.421	-13 48 02.38	5061.945	3142.81	7951.094	9.104E-13	-5.467	33.446	40.02	 GOS  016.94+00.84 02
274.73412083	-13.80863333	 016.97+00.76_01	3XMM J181856.2-134830	4.14659968228482E+018	18 18 56.189	-13 48 31.08	1961.244	1698.868	2315.481	2.193E-13	-6.144	32.004	38.519	 HD 168137
274.66704583	-13.75516111	 016.98+00.85_01	3XMM J181840.0-134517	4.14661249416947E+018	18 18 40.091	-13 45 18.58	1563.326	1417.639	1741.526	1.445E-13	-5.842	31.626	38.624	 BD -13 4927
274.656225	-13.72760833	 017.00+00.87_01	3XMM J181837.3-134338	4.14661287213311E+018	18 18 37.494	-13 43 39.39	1388.341	1269.047	1531.811	2.398E-13	-6.181	31.743	38.182	 ALS 15360
274.5245625	-12.24258333	 018.25+01.68_01	3XMM J181805.8-121433	4.15365737875064E+018	18 18 05.895	-12 14 33.30	1976.592	1581.732	2612.91	1.08E-11	-5.136	33.703	39.534	 MY Ser
274.51296667	-12.24285556	 018.25+01.69_01	3XMM J181803.1-121435	4.15365734439092E+018	18 18 03.112	-12 14 34.28	1766.574	1629.126	1928.717	1.979E-13	-6.138	31.869	38.434	 BD -12 4979
274.3903	-12.09522222	 018.32+01.87_01	3XMM J181733.6-120542	4.15367510837578E+018	18 17 33.672	-12 05 42.80	2060.163	1875.966	2283.303	4.92E-13	-6.037	32.398	38.669	 ALS 4880
274.67028333	-12.10649444	 018.44+01.62_01	3XMM J181840.8-120623	4.15366610612449E+018	18 18 40.868	-12 06 23.38	2437.091	2097.434	2900.791	3.051E-12	-5.452	33.336	39.4	 HD 168112
273.10273333	-10.73139722	 018.92+03.63_01	3XMM J181224.6-104352	4.15706136363409E+018	18 12 24.656	-10 43 53.03	1887.833	1682.772	2147.947	1.986E-11	-5.104	33.928	39.526	 HD 166734
276.42977917	-9.75306111	 021.33+01.20_01	3XMM J182543.1-094511	4.15600744740309E+018	18 25 43.147	-09 45 11.02	1680.732	1521.079	1876.805	2.846E-13	-5.786	31.983	38.743	 HD 169582
298.0906875	18.671875	 056.48-04.33_01	3XMM J195221.7+184019	1.82159675528389E+018	19 52 21.765	+18 40 18.75	1786.053	1641.479	1957.847	3.182E-13	-5.519	32.084	39.063	 9 Sge
301.41583333	35.60777222	 072.47+02.02_01	3XMM J200539.7+353628	2.0590701356324E+018	20 05 39.800	+35 36 27.98	1936.406	1827.293	2059.083	2.792E-13	-5.799	32.098	38.853	 HD 190864
304.3737625	37.30864722	 075.19+00.96_01	3XMM J201729.6+371831	2.06064772864856E+018	20 17 29.703	+37 18 31.13	2068.989	1946.139	2207.992	1.954E-12	-5.742	33	38.968	 HDE 228766
304.62371667	38.87771111	 076.60+01.68_01	3XMM J201829.5+385237	2.0613497324678E+018	20 18 29.692	+38 52 39.76	1637.222	1565.232	1716.005	3.281E-13	-5.845	32.022	38.661	 HDE 228841
304.52907083	40.73205556	 078.10+02.78_01	3XMM J201807.0+404355	2.06236062601154E+018	20 18 06.977	+40 43 55.40	988.055	845.496	1186.753	2.207E-12	-5.347	32.411	38.721	 HD 193322 A
307.9983875	41.24736111	 080.03+00.94_01	3XMM J203159.5+411449	2.06782746654147E+018	20 31 59.613	+41 14 50.50	1759.877	1688.392	1837.543	3.246E-13	-5.071	32.08	39.498	 2MASS J20315961+4114504
308.13142917	41.23561389	 080.08+00.85_01	3XMM J203231.5+411408	2.06782959684603E+018	20 32 31.543	+41 14 08.21	1309.241	1214.451	1419.649	1.966E-11	-4.548	33.606	39.764	 [CPR2002] A11
308.36145417	41.18319722	 080.14+00.68_01	3XMM J203326.8+411100	2.06778005440182E+018	20 33 26.749	+41 10 59.51	1731.3	1644.975	1826.96	6.063E-13	-5.112	32.337	39.443	 ALS 15134
308.28999167	41.21681667	 080.14+00.74_01	3XMM J203310.2+411254	2.0677819055284E+018	20 33 09.598	+41 13 00.54	1474.844	1399.301	1558.811	1.572E-11	-5.116	33.612	39.299	 Schulte 50
308.29214583	41.21947222	 080.14+00.74_02	3XMM J203310.3+411309	2.06778190982771E+018	20 33 10.115	+41 13 10.10	1785.341	1671.278	1915.648	1.928E-11	-5.354	33.867	39.227	 Schulte 51
308.294725	41.25229167	 080.17+00.76_01	3XMM J203310.7+411508	2.06778362351535E+018	20 33 10.734	+41 15 08.25	1586.811	1507.04	1675.293	4.749E-11	-4.962	34.156	39.517	 Schulte 9
308.32283333	41.28591667	 080.21+00.76_01	3XMM J203317.4+411715	2.06778379961333E+018	20 33 17.480	+41 17 09.30	1751.411	1632.609	1888.319	9.73E-12	-5.175	33.553	39.39	 Schulte 24
308.312825	41.31403056	 080.22+00.79_01	3XMM J203315.0+411850	2.06778462424706E+018	20 33 15.078	+41 18 50.51	1545.967	1457.694	1645.34	6.366E-11	-5.098	34.26	39.358	 Schulte 8 A
308.05759583	41.45333056	 080.22+01.02_01	3XMM J203213.7+412711	2.06783568281836E+018	20 32 13.823	+41 27 11.99	1431.49	1359.539	1511.301	1.051E-12	-5.512	32.411	38.878	 Schulte 4
308.3088	41.33941111	 080.24+00.80_01	3XMM J203314.1+412021	2.06778507092366E+018	20 33 14.112	+41 20 21.88	1529.825	1462.624	1603.355	3.448E-12	-5.194	32.985	39.253	 Schulte 7
308.20837917	41.39575278	 080.24+00.90_01	3XMM J203249.9+412343	2.06783296839897E+018	20 32 50.011	+41 23 44.71	1391.338	1321.126	1469.254	3.032E-13	-5.938	31.847	38.427	 Schulte 17
308.16072917	41.42048889	 080.24+00.94_01	3XMM J203238.5+412514	2.06783320462069E+018	20 32 38.575	+41 25 13.76	1514.475	1437.512	1599.946	1.611E-13	-6.353	31.646	38.086	 Schulte 16
308.1893625	41.42708333	 080.26+00.93_01	3XMM J203245.4+412538	2.06783324327708E+018	20 32 45.447	+41 25 37.50	1487.13	1412.014	1570.493	3.344E-13	-5.822	31.947	38.601	 Schulte 6
308.32519167	41.36025	 080.27+00.81_01	3XMM J203318.1+412135	2.06778520836283E+018	20 33 18.046	+41 21 36.90	1571.265	1470.861	1685.99	2.551E-13	-6.448	31.877	38.023	 ALS 15115
308.246625	41.407075	 080.27+00.88_01	3XMM J203259.1+412424	2.06783262480178E+018	20 32 59.190	+41 24 25.47	1625.236	1532.517	1729.599	7.15E-13	-4.401	32.354	40.099	 ALS 15111
308.49803333	41.29318889	 080.29+00.66_01	3XMM J203359.6+411736	2.06787402828566E+018	20 33 59.528	+41 17 35.48	1387.832	1279.25	1515.962	3.217E-13	-5.497	31.87	38.866	 Schulte 27
308.591375	41.28377778	 080.32+00.60_01	3XMM J203422.0+411659	2.06786241469409E+018	20 34 21.930	+41 17 01.60	1574.758	1436.396	1741.598	3.451E-12	-4.746	33.01	39.726	 Schulte 73
308.44212917	41.55029167	 080.47+00.85_01	3XMM J203345.9+413300	2.06792866026931E+018	20 33 46.111	+41 33 01.05	1600.26	965.519	2885.016	4.978E-13	-5.134	32.183	39.352	 Schulte 10
308.40033333	43.98539167	 082.41+02.33_01	3XMM J203336.0+435907	2.06981954539058E+018	20 33 36.080	+43 59 07.41	1577.009	1503.258	1658.205	2.794E-12	-5.109	32.92	39.365	 BD +43 3654
317.95097917	59.98660833	 098.52+07.99_01	3XMM J211148.2+595911	2.19228703313997E+018	21 11 48.235	+59 59 11.79	2044.456	397.581	4940.241	4.971E-13	-5.336	32.396	39.363	 GOS  098.52+07.99 01
332.87743333	59.41451389	 103.83+02.61_01	3XMM J221130.5+592452	2.19990444971085E+018	22 11 30.584	+59 24 52.25	612.343	567.136	665.237	2.489E-12	-4.714	32.048	38.938	 {lambda} Cep
341.7254625	58.08431944	 107.07-00.90_01	3XMM J224654.1+580503	2.00741655681109E+018	22 46 54.111	+58 05 03.55	2943.593	2663.941	3285.814	1.262E-12	-5.898	33.117	39.118	 DH Cep
341.9608125	58.086775	 107.18-00.95_01	3XMM J224750.2+580513	2.00741896199286E+018	22 47 50.595	+58 05 12.39	2266.959	2130.373	2421.77	5.035E-14	-6.65	31.491	38.139	 ALS 12619
37.9878625	61.61220833	 134.58+01.04_01	3XMM J023157.0+613643	4.65551025849495E+017	02 31 57.087	+61 36 43.95	2171.842	2027.218	2338.11	4.124E-13	-5.703	32.367	39.049	 BD +60 497
38.04522917	61.55220833	 134.63+00.99_01	3XMM J023210.7+613308	4.65538793773516E+017	02 32 10.855	+61 33 07.95	2087.337	1828.268	2428.001	2.65E-14	-6.608	31.14	38.109	 BD +60 498
38.0698	61.55418611	 134.64+01.00_01	3XMM J023216.4+613314	4.65538828142411E+017	02 32 16.752	+61 33 15.07	2023.05	1905.05	2156.266	6.432E-14	-6.54	31.498	38.15	 BD +60 499
38.15113333	61.47377778	 134.71+00.94_01	3XMM J023236.2+612825	4.65531750036366E+017	02 32 36.272	+61 28 25.60	2209.123	2068.469	2369.779	1.499E-13	-6.389	31.942	38.377	 BD +60 501
38.17723333	61.45598889	 134.72+00.92_01	3XMM J023242.5+612721	4.65528726379402E+017	02 32 42.536	+61 27 21.56	2043.8	1715.932	2516.3	1.581E-12	-5.385	32.898	39.314	 HD 15558
38.205925	61.37835278	 134.77+00.86_01	3XMM J023249.4+612242	4.65527523788667E+017	02 32 49.422	+61 22 42.07	2340.623	2159.315	2554.166	9.775E-13	-5.284	32.807	39.533	 HD 15570
38.335775	61.52171667	 134.77+01.01_01	3XMM J023320.6+613118	4.65535048571193E+017	02 33 20.586	+61 31 18.18	2057.252	1917.78	2218.038	3.494E-13	-5.662	32.248	39.043	 HD 15629
38.51054167	61.38635278	 134.90+00.92_01	3XMM J023402.4+612310	4.6548577670486E+017	02 34 02.530	+61 23 10.87	2363.192	2175.714	2584.932	4.855E-14	-6.194	31.511	38.631	 BD +60 513
36.6958	58.87586389	 134.99-01.74_01	3XMM J022646.9+585233	4.59034868964714E+017	02 26 46.992	+58 52 33.11	3307.375	2845.059	3931.441	3.356E-13	-5.519	32.643	39.598	 HD 14947
40.18729583	61.28223333	 135.68+01.15_01	3XMM J024044.9+611655	4.65646064885638E+017	02 40 44.951	+61 16 56.04	3566.835	2150.54	5858.341	7.534E-13	-5.51	33.06	39.673	 HD 16429 A
36.9992125	52.54933333	 137.46-07.58_01	3XMM J022759.8+523257	4.52357745305268E+017	02 27 59.811	+52 32 57.60	3190.012	2743.596	3789.674	4.396E-14	-6.266	31.729	38.82	 HD 15137
40.71678333	56.90456944	 137.73-02.73_01	3XMM J024252.0+565416	4.54846489876889E+017	02 42 52.028	+56 54 16.45	2130.805	1944.497	2355.167	3.382E-13	-5.736	32.264	38.999	 HD 16691
35.72622083	41.47992222	 140.78-18.20_01	3XMM J022254.2+412847	3.39061352757049E+017	02 22 54.293	+41 28 47.72	2739.597	2139.189	3614.06	7.487E-14	-6.255	31.828	38.698	 HD 14633
79.07562083	34.31231667	 172.08-02.26_01	3XMM J051618.1+341844	1.82071570715713E+017	05 16 18.149	+34 18 44.34	401.555	391.101	412.573	1.611E-12	-5.213	31.493	38.072	 AE Aur
80.62209167	33.51400833	 173.47-01.66_01	3XMM J052229.3+333050	1.81178389317232E+017	05 22 29.302	+33 30 50.43	3785.02	3149.349	4695.956	6.098E-13	-6.088	33.019	39.146	 HDE 242908
162.0979625	37.57030278	 183.14+62.15_01	3XMM J104823.5+373412	7.75029739076581E+017	10 48 23.511	+37 34 13.09	1644.967	1376.873	2017.095	6.685E-14	-6.211	31.335	38.299	 HD 93521
83.7844875	9.93415556	 195.05-12.00_01	3XMM J053508.2+095602	3.33799158394262E+018	05 35 08.277	+09 56 02.96	279.119	238.859	335.489	4.8E-12	-4.625	31.651	38.345	 {lambda} Ori A
114.27387917	16.90424722	 202.51+17.52_01	3XMM J073705.7+165415	3.16906467473868E+018	07 37 05.731	+16 54 15.29	2561.654	2127.094	3170.74	5.331E-14	-5.999	31.622	38.896	 BN Gem
100.2444	9.89575278	 202.94+02.20_01	3XMM J064058.6+095345	3.32674086557098E+018	06 40 58.656	+09 53 44.71	3216.113	1875.394	5348.116	2.408E-12	-5.068	33.474	40.025	 15 Mon A
83.81859583	-5.38977222	 209.01-19.38_01	3XMM J053516.3-052320	3.01736406333072E+018	05 35 16.463	-05 23 23.18	373.033	329.556	429.435	3.879E-11	-4.951	32.81	38.27	 tet01 Ori
83.84541667	-5.41605278	 209.05-19.37_01	3XMM J053522.8-052457	3.01736093658701E+018	05 35 22.900	-05 24 57.79	453.82	400.704	522.765	1.049E-12	-5.242	31.413	38.15	 tet02 Ori
82.98275	-7.30154167	 210.44-20.98_01	3XMM J053155.8-071805	3.01642453063245E+018	05 31 55.860	-07 18 05.55	301.862	265.706	349.181	1.394E-12	-5.226	31.182	37.812	 {upsilon} Ori
107.33437083	-10.34656667	 224.17-00.78_01	3XMM J070920.2-102047	3.04658272583756E+018	07 09 20.249	-10 20 47.64	1142.348	1042.974	1262.177	9.275E-13	-5.39	32.161	38.804	 HD 54662
110.50855417	-8.97938056	 224.41+02.63_01	3XMM J072202.1-085845	3.04776360133085E+018	07 22 02.053	-08 58 45.77	1201.768	1128.992	1284.354	5.045E-13	-5.864	31.941	38.374	 HD 57682
109.66824167	-24.5587	 237.82-05.37_01	3XMM J071840.3-243331	5.61767882214302E+018	07 18 40.378	-24 33 31.32	1508.608	1164.621	2126.362	6.657E-13	-5.124	32.258	39.311	 29 CMa
160.0517875	-59.80280556	 287.11-01.02_01	3XMM J104012.4-594809	5.25447859358251E+018	10 40 12.429	-59 48 10.10	2786.143	2362.053	3383.668	1.442E-13	-6.331	32.127	38.637	 HD 92607
161.08172917	-59.28300278	 287.33-00.32_01	3XMM J104419.5-591700	5.35039662072937E+018	10 44 19.615	-59 16 58.81	2725.954	2484.876	3017.124	4.966E-14	-6.144	31.645	38.805	 HD 93190
161.0101875	-59.49354722	 287.39-00.52_01	3XMM J104402.4-592935	5.35038754975808E+018	10 44 02.445	-59 29 36.77	2957.435	2541.301	3526.094	3.433E-14	-6.822	31.556	38.198	 CPD -58 2627
160.95294583	-59.55669444	 287.40-00.59_01	3XMM J104348.7-593322	5.35036384153725E+018	10 43 48.707	-59 33 24.10	2524.842	2357.499	2717.105	1.667E-13	-6.891	32.104	37.991	 ALS 15207
160.92182083	-59.59671667	 287.40-00.63_02	3XMM J104341.0-593548	5.35036332614106E+018	10 43 41.237	-59 35 48.18	2462.541	2288.924	2663.911	3.808E-14	-6.638	31.441	38.223	 ALS 15204
160.989425	-59.547575	 287.41-00.57_01	3XMM J104357.0-593251	5.35036391025678E+018	10 43 57.462	-59 32 51.27	2841.617	2600.008	3131.144	4.129E-12	-5.349	33.601	39.636	 HD 93129 A
160.796575	-59.73917222	 287.41-00.79_01	3XMM J104311.2-594422	5.35035525160228E+018	10 43 11.178	-59 44 21.02	2663.162	2449.651	2916.239	8.544E-14	-6.488	31.86	38.441	 HDE 303316
161.03027917	-59.57516944	 287.44-00.59_01	3XMM J104407.1-593429	5.35036298252888E+018	10 44 07.267	-59 34 30.61	3549.642	3101.048	4140.377	2.949E-13	-5.937	32.648	39.241	 HD 93160
161.0038625	-59.59603889	 287.44-00.61_01	3XMM J104401.1-593546	5.35036263894636E+018	10 44 00.927	-59 35 45.74	2843.011	2638.955	3080.305	2.339E-14	-6.784	31.355	38.202	 ALS 15206
161.15609583	-59.54873333	 287.48-00.54_01	3XMM J104437.6-593255	5.3503835296687E+018	10 44 37.463	-59 32 55.44	3552.072	3211.306	3970.318	1.794E-13	-6.314	32.433	38.865	 HDE 303311
161.1876125	-59.56518611	 287.51-00.54_01	3XMM J104445.0-593354	5.35038346094922E+018	10 44 45.027	-59 33 54.67	2555.215	2369.844	2771.191	4.175E-12	-5.438	33.514	39.455	 HD 93250
161.0432875	-59.71974722	 287.51-00.71_01	3XMM J104410.4-594311	5.35035751934517E+018	10 44 10.389	-59 43 11.09	1985.192	1860.896	2126.874	1.64E-11	-5.422	33.888	39.252	 HD 93162
160.93335833	-59.80498889	 287.51-00.81_01	3XMM J104343.5-594817	5.35035356795878E+018	10 43 44.006	-59 48 17.96	3141.265	2837.349	3515.283	5.184E-14	-6.545	31.787	38.527	 HDE 305518
161.05499583	-59.71953611	 287.52-00.71_01	3XMM J104412.8-594315	5.35035751934518E+018	10 44 13.199	-59 43 10.33	2367.573	2206.307	2553.633	3.682E-12	-6.025	33.393	38.802	 ALS 15210
161.43384167	-59.40781944	 287.54-00.34_01	3XMM J104544.1-592428	5.35039153548812E+018	10 45 44.122	-59 24 28.15	10170.908	7610.837	13600.762	4.055E-12	-5.485	34.701	40.608	 HD 93403
161.14058333	-59.73762778	 287.57-00.71_02	3XMM J104433.7-594415	5.35035731318677E+018	10 44 33.740	-59 44 15.46	2503.46	2272.522	2784.975	9.523E-13	-5.765	32.854	39.11	 HD 93205
161.00154583	-59.87430556	 287.57-00.86_01	3XMM J104400.3-595227	5.35035030379985E+018	10 44 00.371	-59 52 27.50	2587.579	2354.636	2870.059	1.844E-13	-5.878	32.17	39.026	 HD 93130
161.2746625	-59.66831389	 287.59-00.61_01	3XMM J104505.9-594004	5.35035868325092E+018	10 45 05.919	-59 40 05.93	2302.102	2104.231	2539.866	3.941E-13	-5.849	32.398	38.953	 HDE 303308
161.1971125	-59.73145278	 287.59-00.69_01	3XMM J104447.3-594353	5.35035806910105E+018	10 44 47.307	-59 43 53.23	3645.01	3199.358	4226.214	9.07E-14	-6.366	32.159	38.835	 V572 Car
161.17414583	-59.78233889	 287.60-00.74_01	3XMM J104441.7-594657	5.35035641983392E+018	10 44 41.795	-59 46 56.42	4925.372	4125.661	6058.211	2.919E-13	-6.099	32.928	39.364	 CPD -59 2600
161.15286667	-59.79156389	 287.60-00.75_01	3XMM J104436.5-594729	5.35035600751705E+018	10 44 36.688	-59 47 29.63	2335.287	2112.189	2609.411	3.804E-14	-6.746	31.395	38.069	 CPD -59 2591
161.27428333	-59.71876944	 287.62-00.66_01	3XMM J104505.8-594308	5.35035796602216E+018	10 45 05.828	-59 43 07.57	2069.335	1755.343	2513.35	6.579E-14	-6.796	31.528	37.914	 CPD -59 2624
161.33572083	-59.71423611	 287.64-00.64_01	3XMM J104520.3-594249	5.35031137421223E+018	10 45 20.573	-59 42 51.25	3254.712	2910.615	3686.93	1.966E-14	-6.814	31.397	38.289	 CPD -59 2644
161.31882083	-59.72693889	 287.64-00.65_01	3XMM J104516.5-594337	5.35031133985248E+018	10 45 16.517	-59 43 36.98	2141.708	1994.344	2312.012	2.404E-13	-6.166	32.12	38.574	 CPD -59 2641
161.30090417	-59.75011667	 287.64-00.68_01	3XMM J104512.1-594501	5.35031082445639E+018	10 45 12.217	-59 45 00.42	2521.627	2316.232	2765.824	4.137E-14	-6.677	31.498	38.204	 HD 93343
161.28427083	-59.7686	 287.64-00.70_01	3XMM J104508.2-594607	5.35035772550367E+018	10 45 08.225	-59 46 06.96	2164.387	2029.661	2317.823	8.964E-13	-6.711	32.701	38.038	 CPD -59 2629
161.12282917	-59.95503056	 287.66-00.90_01	3XMM J104429.3-595720	5.35034752066098E+018	10 44 29.479	-59 57 18.11	2675.277	2449.724	2945.202	1.023E-13	-6.296	31.943	38.637	 HDE 305523
161.18849167	-59.91154167	 287.67-00.85_01	3XMM J104445.2-595441	5.35034910120909E+018	10 44 45.238	-59 54 41.55	2310.069	2142.074	2505.921	1.193E-13	-6.289	31.882	38.516	 HDE 305524
161.227975	-59.93386389	 287.70-00.86_01	3XMM J104454.5-595558	5.35030209708278E+018	10 44 54.714	-59 56 01.91	2680.947	2431.796	2985.094	2.416E-13	-6.548	32.318	38.387	 CPD -59 2610
161.34281667	-59.84640833	 287.71-00.75_01	3XMM J104522.3-595047	5.35030886592399E+018	10 45 22.276	-59 50 47.07	2601.624	2367.368	2885.697	1.383E-13	-6.515	32.049	38.393	 [ARV2008] 206
161.52376667	-59.84706944	 287.79-00.71_01	3XMM J104605.6-595049	5.35030642640988E+018	10 46 05.704	-59 50 49.45	3704.867	2419.296	6121.258	3.09E-13	-5.93	32.706	39.286	 HDE 305525
167.95655833	-60.69951111	 291.04-00.15_01	3XMM J111149.6-604158	5.33763730369725E+018	11 11 49.574	-60 41 58.24	2558.4	2339.895	2820.564	1.946E-13	-6.036	32.183	38.858	 HD 97434
172.22575	-62.65273056	 293.61-01.28_01	3XMM J112854.1-623909	5.33386024070597E+018	11 28 54.180	-62 39 09.83	2302.723	2128.721	2506.904	1.186E-13	-6.056	31.877	38.746	 HD 99897
210.8041125	-62.26072222	 311.18-00.54_01	3XMM J140312.6-621539	5.86605915602893E+018	14 03 12.987	-62 15 38.60	2442.78	2261.159	2655.221	5.179E-14	-6.471	31.568	38.383	 HD 122313
215.09495	-60.88951667	 313.54+00.14_01	3XMM J142022.8-605322	5.8666519989311E+018	14 20 22.788	-60 53 22.26	2261.631	2095.938	2454.978	3.807E-13	-5.832	32.367	38.955	 HD 125241
251.73382083	-45.88731389	 339.51-00.41_01	3XMM J164656.0-455314	5.94010621325914E+018	16 46 56.117	-45 53 14.33	1988.721	1815.771	2197.048	3.795E-13	-5.874	32.254	38.801	 HD 151018
253.1973875	-41.78583333	 343.33+01.41_01	3XMM J165247.3-414708	5.96651916261048E+018	16 52 47.373	-41 47 09.00	1882.954	1688.161	2126.92	5.795E-13	-5.521	32.391	39.107	 HD 152003
253.48169167	-41.88096389	 343.39+01.18_01	3XMM J165355.5-415251	5.96650359764876E+018	16 53 55.606	-41 52 51.47	1507.023	1329.115	1738.212	2.027E-13	-5.952	31.741	38.482	 HD 152219
253.46522917	-41.84241944	 343.41+01.22_01	3XMM J165351.6-415033	5.96651582971567E+018	16 53 51.655	-41 50 32.71	1486.029	1344.193	1660.447	8.723E-14	-6.226	31.363	38.196	 HD 152200
253.52795417	-41.85199167	 343.44+01.17_01	3XMM J165406.6-415106	5.96650394124615E+018	16 54 06.709	-41 51 07.17	1509.842	1406.357	1629.392	5.986E-14	-6.569	31.213	37.867	 CPD -41 7721 A
253.54850417	-41.84924167	 343.45+01.16_01	3XMM J165411.5-415059	5.96650974804192E+018	16 54 11.641	-41 50 57.27	1962.532	1765.353	2207.696	7.476E-13	-5.427	32.537	39.237	 HD 152249
253.54192917	-41.82503333	 343.46+01.18_01	3XMM J165410.0-414930	5.9665098854809E+018	16 54 10.063	-41 49 30.12	1630.918	1484.109	1809.105	2.723E-12	-5.22	32.938	39.283	 HD 152248
253.5826	-41.83593889	 343.48+01.15_01	3XMM J165419.8-415009	5.96650909520726E+018	16 54 19.824	-41 50 09.38	1595.4	1449.539	1773.033	3.945E-13	-6.329	32.08	38.155	 V1034 Sco
253.5149625	-41.79164167	 343.48+01.22_01	3XMM J165403.5-414729	5.96651022907834E+018	16 54 03.591	-41 47 29.91	1714.439	1578.991	1874.659	6.553E-13	-5.347	32.363	39.199	 HD 152233
253.60815833	-41.83219167	 343.49+01.14_01	3XMM J165425.9-414955	5.96650926700556E+018	16 54 25.958	-41 49 55.89	1556.337	1451.271	1677.43	2.793E-13	-5.774	31.908	38.688	 HDE 326331
253.63334583	-41.80523889	 343.52+01.14_01	3XMM J165432.0-414818	5.96650943880427E+018	16 54 32.003	-41 48 18.86	1549.621	1431.833	1688.02	1.694E-13	-5.968	31.687	38.49	 HD 152314
253.49995417	-41.714675	 343.53+01.28_01	3XMM J165400.0-414252	5.9665226673037E+018	16 53 59.989	-41 42 52.83	1903.886	1735.439	2107.525	2.969E-13	-5.896	32.11	38.741	 HD 152218
253.5479875	-41.64193333	 343.61+01.30_01	3XMM J165411.5-413830	5.96652441965039E+018	16 54 11.517	-41 38 30.96	1850.017	1671.48	2069.977	3.989E-13	-5.763	32.213	38.849	 HD 152247
253.52208333	-41.079475	 344.03+01.67_01	3XMM J165405.3-410446	5.96956415700813E+018	16 54 05.300	-41 04 46.11	1411.813	1317.685	1520.105	2.841E-13	-5.833	31.831	38.545	 HD 152246
253.74377083	-41.15085556	 344.08+01.49_01	3XMM J165458.4-410903	5.96656348667514E+018	16 54 58.505	-41 09 03.08	2155.846	1703.939	2899.436	1.308E-13	-5.18	31.862	39.565	 HD 152408
259.72238333	-38.853675	 348.67-00.79_01	3XMM J171853.3-385112	5.97265880120057E+018	17 18 53.372	-38 51 13.23	5557.651	4403.323	7311.61	4.331E-13	-5.932	33.204	39.636	 ALS 18769
259.76848333	-38.81801944	 348.72-00.80_01	3XMM J171904.5-384903	5.9726596558645E+018	17 19 04.436	-38 49 04.87	2826.503	2463.099	3309.091	3.725E-12	-5.834	33.552	39.147	 ALS 18748
259.77318333	-38.813875	 348.73-00.80_01	3XMM J171905.5-384849	5.9726596902238E+018	17 19 05.564	-38 48 49.95	10710.176	8202.281	14083.759	4.502E-13	-6.283	33.791	39.855	 ALS 4067
259.7751125	-38.77913333	 348.76-00.78_01	3XMM J171906.0-384645	5.97266062226752E+018	17 19 06.027	-38 46 44.88	2072.04	1834.832	2377.191	1.202E-12	-5.596	32.791	39.115	 ALS 18747
258.83019583	-33.54841667	 352.59+02.87_01	3XMM J171519.2-333254	5.97900820598648E+018	17 15 19.247	-33 32 54.30	990.449	868.633	1151.264	1.022E-12	-5.228	32.079	38.842	 HD 155806
263.67704583	-32.58165833	 355.67+00.05_01	3XMM J173442.5-323454	4.05461855961116E+018	17 34 42.491	-32 34 53.97	6646.418	3993.495	10748.95	6.825E-12	-5.194	34.557	40.529	 HD 159176
