index,class,src_id,src_name,livetime,significance,likelihood,gti_obs,var_inter_sigma,var_inter_prob,var_inter_index,var_max,var_min,var_mean,var_sigma,kp_prob,ks_prob,var_prob,var_index,flux_aper_hilim,flux_aper_lolim,flux_aper,photflux_aper_hilim,photflux_aper_lolim,photflux_aper,hard_hm,hard_hs,hard_ms,flux_powlaw,powlaw_gamma,powlaw_nh,powlaw_ampl,powlaw_stat,flux_bb,flux_bb_hilim,flux_bb_lolim,bb_kt,bb_nh,bb_ampl,bb_stat,flux_brems,brems_kt,brems_nh,brems_stat,hard_hm_hilim,hard_hm_lolim,hard_hs_hilim,hard_hs_lolim,hard_ms_hilim,hard_ms_lolim,flux_powlaw_hilim,flux_powlaw_lolim,powlaw_gamma_hilim,powlaw_gamma_lolim,powlaw_nh_hilim,powlaw_nh_lolim,powlaw_ampl_hilim,powlaw_ampl_lolim,bb_ampl_lolim,bb_ampl_hilim,flux_brems_lolim,flux_brems_hilim,brems_kt_hilim,brems_kt_lolim,brems_nh_hilim,brems_nh_lolim,bb_kt_hilim,bb_kt_lolim,bb_nh_hilim,bb_nh_lolim
0,BH,BH0001,1A 0620-00          ,41932.7,23.63,3822.529,2000-02-29T04:03:25,1.18358e-05,0.9964000000000001,7.8,0.0025371399999999994,0.00118278,0.00125702,0.00012125599999999999,0.49779999999999996,0.5988,0.4218,1.0,14.10226627227136,14.232231357465015,14.161932082639916,3.5346199999999997e-06,2.6721000000000002e-06,3.10766e-06,0.0974,-0.1761,-0.2673,,,,,,,,,,,,,,,,,0.2255,-0.0381,-0.0606,-0.2954,-0.1655,-0.3679,,,,,,,,,,,,,,,,,,,,
1,BH,BH0001,1A 0620-00          ,39623.0,23.63,3822.529,2005-08-20T09:03:34,1.18358e-05,0.9964000000000001,7.8,0.00335796,0.0032610800000000004,0.00330598,3.4747e-05,0.4264,0.46719999999999995,0.18380000000000002,0.0,13.6773094413256,13.763468784416245,13.717297243156692,9.4052e-06,7.601999999999999e-06,8.517e-06,-0.1324,-0.2898,-0.1624,13.369267107182804,2.451,23.29,1.971e-05,0.836,13.489186989487504,13.450751443145943,13.537302591898284,0.4657,1.986e-06,7.262e-05,1.936,13.385313657717987,2.481,11.05,0.859,-0.0468,-0.2217,-0.2105,-0.3691,-0.0956,-0.228,13.331334584545507,13.406935568341282,2.686,2.239,29.79,17.38,2.405e-05,1.625e-05,6.822e-05,9.334e-05,13.433798281145087,13.353400248279627,3.134,2.0,15.48,6.992,0.5002,0.4332,1.035,
2,BH,BH0001,1A 0620-00          ,29673.9,23.63,3822.529,2013-12-09T01:11:41,1.18358e-05,0.9964000000000001,7.8,0.007894179999999999,0.004828519999999999,0.005101260000000001,0.00042634179999999995,0.42919999999999997,0.5602,0.35459999999999997,0.4,13.339159176967849,13.413232714189364,13.376213344258261,1.8542000000000003e-05,1.4035999999999999e-05,1.6290200000000002e-05,0.04,-0.0912,-0.1299,13.030770520137358,2.193,23.98,3.559e-05,0.846,13.114469166811908,13.079720105367052,13.147154181985004,0.592,1.225e-07,6.391e-05,1.743,13.044167989767578,3.44,13.14,0.814,0.1068,-0.0281,-0.0194,-0.1618,-0.0618,-0.1968,13.00256992620253,13.063787955679752,2.379,2.02,30.6,17.94,4.25e-05,2.99e-05,6.046e-05,7.81e-05,13.083177715404087,13.01399006814674,4.313,2.799,17.89,8.83,0.6263,0.5576,0.8602,
0,BH,BH0003,GINGA 1354-645      ,39516.5,20.86,2946.576,2010-09-30T23:42:24,1.4700599999999999e-06,0.49260000000000004,2.6,0.0041335,0.0029326499999999998,0.0034093000000000005,0.0003798625,0.7999999999999999,0.74175,0.50475,1.75,13.532400772758876,13.615073401607845,13.574371236189823,8.4064e-06,6.610300000000002e-06,7.514199999999999e-06,0.1062,0.5609,0.4822,13.261774551857496,2.348,86.94,3.707e-05,1.288,13.35008128126458,13.300162274132754,13.456801414362353,0.7053,23.21,2.223e-05,2.494,13.281249265260335,3.559,64.63,1.498,0.1755,0.0344,0.634,0.4841,0.5628,0.3991,13.221559316428767,13.311580177997289,2.65,2.074,104.4,71.84,5.159e-05,2.71e-05,1.426e-05,3.601e-05,13.372736583431779,13.236871623200862,5.139,2.614,76.58,54.17,0.7901,0.627,35.2,13.05
1,BH,BH0003,GINGA 1354-645      ,19807.2,20.86,2946.576,2012-10-31T17:20:25,1.4700599999999999e-06,0.49260000000000004,2.6,0.00429675,0.003188725,0.0036391,0.0003822125,0.7597499999999999,0.8009999999999999,0.4365,0.75,13.442817497425686,13.54941836792139,13.493841459009975,1.0557799999999999e-05,7.1222e-06,8.839199999999998e-06,0.1636,0.6034,0.4859,,,,,,,,,,,,,,,,,0.2555,0.0681,0.6989,0.5041,0.6002,0.3691,,,,,,,,,,,,,,,,,,,,
2,BH,BH0003,GINGA 1354-645      ,19803.6,20.86,2946.576,2012-11-03T09:23:02,1.4700599999999999e-06,0.49260000000000004,2.6,0.00364075,0.0026268249999999997,0.0030426,0.00034812499999999996,0.513,0.81175,0.40225,0.25,13.487755990315657,13.604621180177846,13.544816979135353,8.0806e-06,5.7272e-06,6.6032e-06,0.2761,0.5522,0.3223,,,,,,,,,,,,,,,,,0.3729,0.173,0.654,0.4428,0.4616,0.1843,,,,,,,,,,,,,,,,,,,,
0,BH,BH0004,GRO J1655-40        ,42550.7,13.83,1116.716,2000-07-01T19:24:36,9.601775000000002e-06,0.996,7.5,0.001568425,0.00069005,0.0007425,0.00011483049999999999,0.51725,0.6884999999999999,0.5465,0.5,14.121556338576593,14.27899939431219,14.193898749025447,1.8602e-06,1.25062e-06,1.5264e-06,0.3548,0.7708,0.5709,,,,,,,,,,,,,,,,,0.4766,0.2217,0.8601,0.6627,0.7239,0.3966,,,,,,,,,,,,,,,,,,,,
1,BH,BH0004,GRO J1655-40        ,18207.1,13.83,1116.716,2009-06-08T02:44:36,9.601775000000002e-06,0.996,7.5,0.005442499999999999,0.0039033000000000006,0.004341575,0.00041522499999999997,0.9534999999999999,0.828,0.46099999999999997,0.75,13.246813501989156,13.341137552424945,13.291483497611306,1.05442e-05,8.17832e-06,9.234e-06,0.3273,0.8232,0.6771,13.105794740857917,2.741,176.6,0.0001146,0.536,13.118615343229427,13.062883489232947,13.214100971615617,0.758,66.0,3.24e-05,0.409,13.104798525221106,2.593,138.3,0.417,0.4066,0.2442,0.8801,0.7589,0.7739,0.569,13.047304400413083,13.19873352951038,3.158,2.364,219.2,141.1,0.0001973,6.962e-05,2.132e-05,5.044e-05,13.196065150136159,13.052468254304406,3.55,1.982,168.6,113.2,0.8334,0.6885,89.6,46.56
0,BH,BH0008,IGR J17464-3213     ,22445.1,6.9,155.7,2004-02-12T20:39:58,1.5616666666666666e-06,0.9803333333333333,7.0,0.0030145,0.00086805,0.00105305,0.0003258,0.8314999999999999,0.888,0.618,2.5,14.063394783826787,14.283989974963028,14.162462064059087,1.7622399999999997e-06,9.5578e-07,1.27534e-06,0.6184,0.9994,0.9994,,,,,,,,,,,,,,,,,0.7539,0.4603,1.0,0.9126,1.0,0.6839,,,,,,,,,,,,,,,,,,,,
1,BH,BH0008,IGR J17464-3213     ,28362.6,6.9,155.7,2004-03-24T18:10:59,1.5616666666666666e-06,0.9803333333333333,7.0,0.00070555,0.00044130000000000005,0.0004525,3.2124999999999995e-05,0.171,0.306,0.44799999999999995,0.0,14.307860155344164,14.609962655933947,14.434867940540197,8.95134e-07,3.7838000000000003e-07,5.736e-07,0.6171,0.9994,0.9994,,,,,,,,,,,,,,,,,0.7889,0.4041,1.0,0.8501,1.0,0.5178,,,,,,,,,,,,,,,,,,,,
2,BH,BH0008,IGR J17464-3213     ,40036.9,6.9,155.7,2004-03-27T06:28:10,1.5616666666666666e-06,0.9803333333333333,7.0,0.00045356666666666667,0.0003051,0.0003124,1.9162666666666665e-05,0.49933333333333335,0.5836666666666667,0.4463333333333333,0.0,14.341511618690983,14.7715483092856,14.50405069480937,8.07212e-07,3.54504e-07,5.812400000000001e-07,0.5309,0.9994,0.9994,,,,,,,,,,,,,,,,,0.7064,0.3217,1.0,0.8713,1.0,0.6465,,,,,,,,,,,,,,,,,,,,
3,BH,BH0008,IGR J17464-3213     ,13733.4,6.9,155.7,2008-03-08T16:50:50,1.5616666666666666e-06,0.9803333333333333,7.0,,,,,,,,,15.04039582139709,inf,inf,8.704599999999999e-07,0.0,3.6540000000000003e-07,0.9994,0.9981,-0.9994,,,,,,,,,,,,,,,,,1.0,-0.1693,1.0,-1.0,0.9988,-1.0,,,,,,,,,,,,,,,,,,,,
4,BH,BH0008,IGR J17464-3213     ,20547.4,6.9,155.7,2008-03-16T05:47:02,1.5616666666666666e-06,0.9803333333333333,7.0,,,,,,,,,15.121662071767375,inf,inf,4.1865199999999996e-07,0.0,0.0,0.9994,0.9994,-0.9994,,,,,,,,,,,,,,,,,1.0,-0.1568,1.0,-1.0,0.213,-1.0,,,,,,,,,,,,,,,,,,,,
5,BH,BH0008,IGR J17464-3213     ,21229.2,6.9,155.7,2008-03-22T08:06:53,1.5616666666666666e-06,0.9803333333333333,7.0,,,,,,,,,15.137105696499718,inf,inf,3.85144e-07,0.0,0.0,0.9994,0.9981,-0.9994,,,,,,,,,,,,,,,,,1.0,-0.183,1.0,-0.3054,0.243,-1.0,,,,,,,,,,,,,,,,,,,,
6,BH,BH0008,IGR J17464-3213     ,11007.4,6.9,155.7,2008-03-17T02:24:07,1.5616666666666666e-06,0.9803333333333333,7.0,,,,,,,,,14.864434860379859,inf,inf,7.3822e-07,0.0,0.0,0.9994,0.9994,-0.9994,,,,,,,,,,,,,,,,,1.0,-0.1993,1.0,-1.0,0.253,-1.0,,,,,,,,,,,,,,,,,,,,
7,BH,BH0008,IGR J17464-3213     ,20604.3,6.9,155.7,2008-03-24T05:37:46,1.5616666666666666e-06,0.9803333333333333,7.0,,,,,,,,,15.12744750503342,inf,inf,3.9383999999999993e-07,0.0,0.0,0.9981,0.9994,-0.9994,,,,,,,,,,,,,,,,,1.0,-0.2055,1.0,-1.0,0.2667,-1.0,,,,,,,,,,,,,,,,,,,,
8,BH,BH0008,IGR J17464-3213     ,23797.4,6.9,155.7,2008-03-21T10:34:34,1.5616666666666666e-06,0.9803333333333333,7.0,,,,,,,,,15.190588442084398,inf,inf,3.4542400000000004e-07,0.0,0.0,0.9994,0.9994,-0.9994,,,,,,,,,,,,,,,,,1.0,-0.1968,1.0,-1.0,0.2405,-1.0,,,,,,,,,,,,,,,,,,,,
9,BH,BH0008,IGR J17464-3213     ,28671.1,6.9,155.7,2008-03-23T07:27:02,1.5616666666666666e-06,0.9803333333333333,7.0,,,,,,,,,15.266128937401696,inf,inf,2.8453e-07,0.0,0.0,0.9994,0.9994,-0.9994,,,,,,,,,,,,,,,,,1.0,-0.2055,1.0,-1.0,0.2842,-1.0,,,,,,,,,,,,,,,,,,,,
0,BH,BH0009,SAX J1819.3-2525    ,25256.9,26.51,4017.937,2002-10-21T03:50:49,9.3956e-05,0.9972,7.6,0.0002818,0.0001919,0.0001955,1.049e-05,0.167,0.221,0.483,0.0,14.849312623057155,15.5002318383225,15.074378545209171,5.15125e-07,1.0383299999999999e-07,2.6006e-07,,0.6184,,,,,,,,,,,,,,,,,,,,0.8876,0.2242,,,,,,,,,,,,,,,,,,,,,,
1,BH,BH0009,SAX J1819.3-2525    ,4256.0,26.51,4017.937,2002-08-05T04:22:47,9.3956e-05,0.9972,7.6,,,,,,,,,13.705168855284203,14.452753905281478,13.944178425172945,2.1096e-06,2.39274e-07,8.442600000000001e-07,0.5172,0.9994,0.9994,,,,,,,,,,,,,,,,,0.8389,0.0568,1.0,0.4666,1.0,0.0956,,,,,,,,,,,,,,,,,,,,
2,BH,BH0009,SAX J1819.3-2525    ,9209.3,26.51,4017.937,2004-07-17T11:09:06,9.3956e-05,0.9972,7.6,0.264078,0.00278298,0.032785180000000004,0.04829642000000001,0.9992000000000001,0.9994,0.9853999999999999,9.0,12.144919236551658,12.189238449130158,12.166137179232033,0.00010252000000000001,9.04156e-05,9.656000000000001e-05,0.5921,0.4572,-0.1861,12.151934104596009,0.708,8.235e-07,4.679e-05,4.783,11.976747540366288,11.737074530668169,12.409827168403686,2.758,6.682e-07,4.957e-06,7.757,12.278849156250315,100.0,7.336,5.352,0.6252,0.5578,0.4953,0.4179,-0.1268,-0.243,12.12366667091362,12.177962751927415,0.76,0.619,0.7168,,5.033e-05,4.33e-05,6.114e-09,7.097e-06,12.302683458267616,12.25515960321462,,81.32,9.731,5.142,3.964,2.682,1.439,
3,BH,BH0009,SAX J1819.3-2525    ,18284.8,26.51,4017.937,2004-07-30T18:26:28,9.3956e-05,0.9972,7.6,0.0010571,0.00057025,0.0006409499999999999,8.5415e-05,0.287,0.4665,0.45599999999999996,0.5,14.235979374366819,14.554937835486493,14.370847383508647,1.7660399999999997e-06,6.614200000000001e-07,1.2166e-06,0.5209,0.4347,-0.1212,,,,,,,,,,,,,,,,,0.7289,0.2667,0.669,0.1605,0.2305,-0.4491,,,,,,,,,,,,,,,,,,,,
4,BH,BH0009,SAX J1819.3-2525    ,36445.9,26.51,4017.937,2004-08-10T04:39:07,9.3956e-05,0.9972,7.6,0.00036035,0.00022737499999999998,0.00024437499999999996,2.4655e-05,0.45925,0.5702499999999999,0.44375,0.25,14.516541084905786,14.83929142770757,14.65261143207097,8.853399999999999e-07,3.7234e-07,5.749e-07,0.4297,0.331,-0.1199,,,,,,,,,,,,,,,,,0.654,0.1618,0.5815,0.0481,0.208,-0.4279,,,,,,,,,,,,,,,,,,,,
0,BH,BH0010,XTE J1550-564       ,26118.5,29.24,7025.511,2002-03-11T15:11:44,3.0538660000000003e-05,0.8478,6.4,0.023982499999999997,0.01943525,0.02057575,0.00114106625,0.9600000000000001,0.89325,0.37775,0.5,12.77394267021398,12.812169179556001,12.792263331019852,4.504418e-05,4.1144e-05,4.3115099999999997e-05,0.2211,0.5671,0.3948,12.453210648368742,2.135,75.62,0.0001748,1.057,12.501138311007116,12.483993769613953,12.520568662802264,0.7425,24.1,0.000118,1.484,12.463694127648967,4.008,61.9,1.053,0.2542,0.1868,0.599,0.534,0.4366,0.3554,12.436163081335454,12.472885888360196,2.248,2.026,82.09,69.65,0.0001987,0.0001542,0.0001024,0.0001363,12.485053994691995,12.446481059851031,4.629,3.501,66.62,57.58,0.7703,0.7154,27.86,20.64
1,BH,BH0010,XTE J1550-564       ,23680.3,29.24,7025.511,2003-01-28T04:52:56,3.0538660000000003e-05,0.8478,6.4,0.0051094999999999995,0.00496425,0.0049819999999999994,2.5514241499999997e-05,0.28300000000000003,0.1965,0.12874999999999998,0.0,13.386892555583655,13.467390834639687,13.425061715080725,1.1335600000000002e-05,9.18314e-06,1.029056e-05,0.1961,0.5921,0.4472,13.081235968972,2.307,96.66,5.584e-05,0.743,13.118900781610982,13.075513956266086,13.183626111247637,0.759,31.06,2.79e-05,1.179,13.089428951518741,3.493,77.59,0.731,0.2667,0.1243,0.6615,0.5215,0.5328,0.3604,13.037299268295659,13.125228362815701,2.573,2.063,114.3,81.62,7.581e-05,4.169e-05,1.995e-05,3.971e-05,13.155584959526175,13.048225491918275,4.708,2.7,90.35,66.64,0.8263,0.6953,41.81,21.8
2,BH,BH0010,XTE J1550-564       ,5099.4,29.24,7025.511,2000-08-21T09:06:19,3.0538660000000003e-05,0.8478,6.4,0.008503750000000001,0.005730750000000001,0.006192250000000001,0.0005470625,0.4335,0.44925,0.35825,0.25,13.323948706659102,13.490163306252711,13.39864413623016,1.47644e-05,1.0022000000000002e-05,1.2281799999999998e-05,0.1537,0.4035,0.2636,,,,,,,,,,,,,,,,,0.2979,-0.0006,0.549,0.2455,0.4254,0.0993,,,,,,,,,,,,,,,,,,,,
3,BH,BH0010,XTE J1550-564       ,4568.6,29.24,7025.511,2000-09-11T05:12:26,3.0538660000000003e-05,0.8478,6.4,0.012600249999999999,0.01131,0.01155375,0.0003159125,0.44599999999999995,0.48025,0.25575,0.25,13.073308611394188,13.201568973899189,13.132426455883055,2.64812e-05,1.9766e-05,2.2977399999999998e-05,0.0949,0.5284,0.4547,,,,,,,,,,,,,,,,,0.2092,-0.0231,0.6377,0.4104,0.5715,0.3317,,,,,,,,,,,,,,,,,,,,
4,BH,BH0010,XTE J1550-564       ,18023.7,29.24,7025.511,2002-06-19T09:22:19,3.0538660000000003e-05,0.8478,6.4,0.00284695,0.001358825,0.0015337749999999998,0.0002621675,0.17125,0.34299999999999997,0.4345,0.5,13.872850478088452,14.048179876165234,13.952824856519422,3.80958e-06,2.5000599999999997e-06,3.0961e-06,0.0712,0.7458,0.7096,,,,,,,,,,,,,,,,,0.218,-0.0831,0.8588,0.6065,0.8339,0.5628,,,,,,,,,,,,,,,,,,,,
5,BH,BH0010,XTE J1550-564       ,24438.6,29.24,7025.511,2002-09-24T20:21:26,3.0538660000000003e-05,0.8478,6.4,0.0047975,0.003929675,0.004099175,0.0001869625,0.732,0.7665,0.261,0.25,13.459967248430788,13.550712948521996,13.503344292787974,9.199419999999998e-06,7.431e-06,8.2724e-06,0.0987,0.6471,0.5846,13.16621562534352,2.152,88.48,3.789e-05,1.087,13.217169194797409,13.167491087293763,13.301029995663981,0.8051,20.75,1.707e-05,1.676,13.182897595743077,4.37,69.44,1.104,0.1793,0.0169,0.7202,0.5678,0.6652,0.4978,13.119186407719209,13.224535190654262,2.491,1.857,111.9,69.64,5.676e-05,2.632e-05,1.136e-05,2.651e-05,13.28642546222793,13.130005999878259,6.887,3.062,84.56,56.52,0.8981,0.7183,32.89,10.73
6,BH,BH0010,XTE J1550-564       ,47831.4,29.24,7025.511,2003-10-23T07:34:21,3.0538660000000003e-05,0.8478,6.4,0.002182575,0.00127105,0.00149635,0.0002333475,0.81475,0.7394999999999999,0.59375,0.75,13.81219031567874,13.917340270226378,13.861634136321005,4.33125e-06,3.3912e-06,3.8612500000000005e-06,0.3385,0.5634,0.2761,,,,,,,,,,,,,,,,,0.4254,0.2467,0.649,0.4716,0.3991,0.1505,,,,,,,,,,,,,,,,,,,,
0,BH,BH0011,XTE J1650-500       ,18266.3,86.04,53076.07,2002-03-02T02:30:23,0.000239636,1.0,8.0,0.1760064,0.17468579999999997,0.1753162,0.000647516,0.6854000000000001,0.6936,0.13379999999999997,0.0,11.620488264004816,11.633782564053904,11.626884699110756,0.000542415,0.0005250925,0.0005339775000000001,,0.5534,,11.337336590425963,1.718,55.46,0.001316,0.845,11.399027104313252,11.392330563311758,11.406603157699793,0.8337,14.24,0.000885,2.326,11.341416284592936,8.415,47.83,0.92,,,0.564,0.5415,,,11.330869152626667,11.343614280941312,1.755,1.682,57.28,53.71,0.001371,0.001263,0.0008398,0.0009327,11.348625056086957,11.334888262924949,9.234,7.716,49.19,46.51,0.8463,0.8214,15.32,13.21
1,BH,BH0011,XTE J1650-500       ,35654.6,86.04,53076.07,2007-07-01T00:03:03,0.000239636,1.0,8.0,0.0002776,0.0001908,0.0001938,9.944e-06,0.137,0.025,0.473,0.0,14.54535709577907,15.081615763033724,14.738844230722705,4.4138e-07,9.12e-08,2.1073600000000002e-07,0.6608,0.0937,-0.6046,,,,,,,,,,,,,,,,,0.92,0.268,0.4866,-0.3267,-0.1905,-0.8913,,,,,,,,,,,,,,,,,,,,
0,BH,BH0012,XTE J1859+226       ,24792.4,2.11,18.85847,2003-02-05T03:01:04,,,,0.000344,0.0002338,0.0002389,1.38e-05,0.824,0.447,0.477,0.0,14.996098073379002,15.699910183088194,15.305548366666663,5.0226e-07,1.0374800000000001e-07,2.3017999999999996e-07,0.1262,-0.4597,-0.2948,,,,,,,,,,,,,,,,,0.5078,-0.6177,-0.0406,-1.0,0.1243,-0.659,,,,,,,,,,,,,,,,,,,,
0,BH,BH0014,CXOU J100506.7-07443,40580.4,11.41,1457.845,2010-01-27T01:02:52,1.7710400000000003e-06,0.9936,7.6,,,,,,,,,,,,2.3665000000000002e-07,0.0,0.0,0.9994,0.9994,-0.9994,,,,,,,,,,,,,,,,,1.0,-0.1418,1.0,-1.0,0.208,-1.0,,,,,,,,,,,,,,,,,,,,
1,BH,BH0014,CXOU J100506.7-07443,75682.2,11.41,1457.845,2010-01-29T14:46:35,1.7710400000000003e-06,0.9936,7.6,,,,,,,,,,,,1.2761e-07,0.0,0.0,0.9981,0.9994,-0.9994,,,,,,,,,,,,,,,,,1.0,-0.0806,1.0,-1.0,0.158,-1.0,,,,,,,,,,,,,,,,,,,,
2,BH,BH0014,CXOU J100506.7-07443,171955.9,11.41,1457.845,2012-01-18T14:26:38,1.7710400000000003e-06,0.9936,7.6,,,,,,,,,14.984032824974769,16.22725667481188,15.491874463916801,2.0816e-07,1.3266e-08,1.0466000000000001e-07,0.9994,-0.9994,-0.9994,,,,,,,,,,,,,,,,,1.0,0.2342,-0.2542,-1.0,-0.7014,-1.0,,,,,,,,,,,,,,,,,,,,
3,BH,BH0014,CXOU J100506.7-07443,75554.3,11.41,1457.845,2012-01-26T22:21:59,1.7710400000000003e-06,0.9936,7.6,0.00087085,0.00042745,0.00049815,7.69775e-05,0.41175,0.4595,0.47525,1.5,14.484351306292368,14.683023760678452,14.575575756230489,2.4518e-06,1.3104600000000002e-06,1.89286e-06,-0.075,-0.3111,-0.2386,,,,,,,,,,,,,,,,,0.1081,-0.2655,-0.1418,-0.4753,-0.0856,-0.3816,,,,,,,,,,,,,,,,,,,,
4,BH,BH0014,CXOU J100506.7-07443,184208.0,11.41,1457.845,2012-01-31T15:24:33,1.7710400000000003e-06,0.9936,7.6,0.0005605,0.000501825,0.00051915,1.618525e-05,0.754,0.7197499999999999,0.1805,0.0,14.447118946597636,14.558540531082206,14.4987010514614,1.6800200000000001e-06,1.1612200000000001e-06,1.42654e-06,-0.05,-0.3335,-0.2873,14.22900079483606,2.533,19.96,2.775e-06,0.756,14.389765824665611,14.328271911760442,14.518557371497694,0.4378,3.218e-09,1.263e-05,2.407,14.24603413413484,2.392,6.358,0.767,0.0656,-0.1668,-0.2317,-0.4316,-0.198,-0.3729,14.186819467413988,14.27711938931306,2.874,2.24,28.86,11.96,3.634e-06,2.139e-06,8.082e-06,2.004e-05,14.31821623353212,14.200797343699476,3.237,1.806,12.24,1.036,0.4966,0.3847,1.475,
5,BH,BH0014,CXOU J100506.7-07443,158013.8,11.41,1457.845,2012-02-03T10:00:00,1.7710400000000003e-06,0.9936,7.6,0.0006127,0.000518575,0.00052645,1.0710499999999999e-05,0.131,0.151,0.185,0.0,14.031675854803122,14.395514743994136,14.176212878538136,1.78082e-06,1.17936e-06,1.4831999999999998e-06,-0.2199,-0.386,-0.1811,14.270025714300445,2.961,25.79,3.587e-06,1.362,14.323855319643794,14.282912275072981,14.382894769497621,0.4309,2.088e-06,1.486e-05,1.214,14.281249265260335,1.526,10.5,0.987,-0.0993,-0.3417,-0.2755,-0.4928,-0.0831,-0.2742,14.221559316428767,14.318125877871353,3.325,2.639,36.61,16.44,4.872e-06,2.678e-06,1.118e-05,2.009e-05,14.354381261757306,14.233364113689733,1.926,1.22,18.19,3.924,0.4649,0.3967,2.067,
6,BH,BH0014,CXOU J100506.7-07443,160215.7,11.41,1457.845,2012-01-21T08:54:47,1.7710400000000003e-06,0.9936,7.6,0.0001053,5.728e-05,6.081e-05,4.782e-06,0.544,0.259,0.536,1.0,14.104005402019881,15.220198818159696,14.376052677174041,2.76736e-07,4.81736e-08,1.58748e-07,-0.1886,-0.9994,-0.7545,,,,,,,,,,,,,,,,,0.2255,-0.8801,-0.6502,-1.0,-0.5278,-0.9213,,,,,,,,,,,,,,,,,,,,
7,BH,BH0014,CXOU J100506.7-07443,119479.4,11.41,1457.845,2012-04-04T03:00:56,1.7710400000000003e-06,0.9936,7.6,,,,,,,,,15.618749505533847,16.69924152324571,16.053547734986928,4.05196e-07,2.9135999999999997e-08,2.1238000000000003e-07,0.9994,-0.9806,-0.9994,,,,,,,,,,,,,,,,,1.0,0.2804,-0.2692,-1.0,-0.7189,-1.0,,,,,,,,,,,,,,,,,,,,
0,BH,BH0015,CXOU J100508.7-07444,36978.6,3.88,68.84056,2001-06-14T10:51:54,7.636749999999999e-07,0.69275,4.5,0.0004549666666666666,0.0002728333333333333,0.0003383,5.741e-05,0.7466666666666667,0.7326666666666667,0.49066666666666664,0.3333333333333333,14.835903036886172,15.21808672878811,14.982390767329662,8.8662e-07,3.8894000000000004e-07,6.430400000000001e-07,-0.3186,-0.5809,-0.2936,,,,,,,,,,,,,,,,,0.0331,-0.6602,-0.2967,-0.8214,-0.0418,-0.5228,,,,,,,,,,,,,,,,,,,,
0,BH,BH0016,CXOU J100510.0-07452,36978.6,7.77,390.542,2001-06-14T10:51:54,2.22228e-06,0.7894,6.0,0.00219745,0.0009749749999999999,0.001074625,0.0001844025,0.60275,0.52975,0.5705,1.0,14.353792387793314,14.538231436223437,14.434908133618139,2.85808e-06,1.936618e-06,2.4030400000000004e-06,-0.7283,-0.8107,-0.1986,,,,,,,,,,,,,,,,,-0.569,-0.8626,-0.6939,-0.9088,-0.0718,-0.3192,,,,,,,,,,,,,,,,,,,,
0,BH,BH0017,CXOU J100510.9-07453,40580.4,4.58,82.89468,2010-01-27T01:02:52,1.426325e-06,0.761,5.5,0.00047516666666666665,0.00030859999999999997,0.0003326,3.1899999999999996e-05,0.5,0.522,0.44,0.0,13.920736245838835,14.557046998125594,14.128967934299498,1.3814399999999999e-06,4.8874e-07,9.2218e-07,-0.9994,-0.9994,-0.3385,,,,,,,,,,,,,,,,,-0.4953,-1.0,-0.7064,-1.0,-0.1106,-0.5428,,,,,,,,,,,,,,,,,,,,
1,BH,BH0017,CXOU J100510.9-07453,75682.2,4.58,82.89468,2010-01-29T14:46:35,1.426325e-06,0.761,5.5,0.00059775,0.00029995,0.00030659999999999997,2.2535e-05,0.364,0.242,0.5415,1.0,14.855309062250747,15.228486010020333,15.00638744206111,6.150249999999999e-07,3.44165e-07,4.8128e-07,-0.1649,-0.7458,-0.6196,,,,,,,,,,,,,,,,,0.2117,-0.5665,-0.5453,-0.9051,-0.4428,-0.7664,,,,,,,,,,,,,,,,,,,,
2,BH,BH0017,CXOU J100510.9-07453,171955.9,4.58,82.89468,2012-01-18T14:26:38,1.426325e-06,0.761,5.5,,,,,,,,,15.357337668557964,16.90767711447914,15.881724248549535,5.7426666666666666e-08,3.813333333333333e-10,1.9896666666666667e-08,,0.1537,,,,,,,,,,,,,,,,,,,,0.5628,-0.5965,,,,,,,,,,,,,,,,,,,,,,
3,BH,BH0017,CXOU J100510.9-07453,75554.3,4.58,82.89468,2012-01-26T22:21:59,1.426325e-06,0.761,5.5,,,,,,,,,15.624934142614803,inf,inf,8.886e-08,0.0,1.4333333333333334e-08,,-0.07,,,,,,,,,,,,,,,,,,,,0.3629,-0.8039,,,,,,,,,,,,,,,,,,,,,,
4,BH,BH0017,CXOU J100510.9-07453,184208.0,4.58,82.89468,2012-01-31T15:24:33,1.426325e-06,0.761,5.5,,,,,,,,,16.03194922597255,17.980053318321158,16.724746248015723,3.84975e-08,2.715e-10,5.9725e-09,0.6858,-0.9994,-0.9994,,,,,,,,,,,,,,,,,1.0,-0.248,-0.0581,-1.0,-0.1543,-1.0,,,,,,,,,,,,,,,,,,,,
5,BH,BH0017,CXOU J100510.9-07453,158013.8,4.58,82.89468,2012-02-03T10:00:00,1.426325e-06,0.761,5.5,,,,,,,,,15.945961789315131,inf,inf,1.417e-07,0.0,0.0,,-0.5459,,,,,,,,,,,,,,,,,,,,0.2567,-1.0,,,,,,,,,,,,,,,,,,,,,,
6,BH,BH0017,CXOU J100510.9-07453,160215.7,4.58,82.89468,2012-01-21T08:54:47,1.426325e-06,0.761,5.5,,,,,,,,,14.510413078555558,inf,inf,1.8627749999999998e-07,0.0,0.0,0.6084,,,,,,,,,,,,,,,,,,,1.0,-0.2217,,,,,,,,,,,,,,,,,,,,,,,,
7,BH,BH0017,CXOU J100510.9-07453,119470.1,4.58,82.89468,2012-04-04T03:00:56,1.426325e-06,0.761,5.5,,,,,,,,,15.26187772194514,inf,inf,6.692460000000001e-07,0.0,9.066e-09,0.9994,-0.9994,-0.9994,,,,,,,,,,,,,,,,,1.0,0.0568,-0.0568,-1.0,-0.4379,-1.0,,,,,,,,,,,,,,,,,,,,
8,BH,BH0017,CXOU J100510.9-07453,69686.1,4.58,82.89468,2012-04-06T18:15:48,1.426325e-06,0.761,5.5,,,,,,,,,15.126691026037234,17.20648899420714,16.525201181199368,1.0041880000000002e-06,3.5712000000000002e-09,3.0784e-08,-0.9994,-0.9994,0.9994,,,,,,,,,,,,,,,,,-0.2105,-1.0,0.1855,-1.0,1.0,-0.0006,,,,,,,,,,,,,,,,,,,,
9,BH,BH0017,CXOU J100510.9-07453,46277.9,4.58,82.89468,2012-04-05T19:03:53,1.426325e-06,0.761,5.5,,,,,,,,,14.89592279384489,inf,inf,1.4168259999999998e-06,0.0,0.0,0.9994,0.9994,-0.9994,,,,,,,,,,,,,,,,,1.0,0.1355,1.0,-0.213,0.0518,-1.0,,,,,,,,,,,,,,,,,,,,
0,BH,BH0018,CXOU J100514.2-07423,40580.4,16.29,1238.383,2010-01-27T01:02:52,4.1391200000000003e-07,0.8074,4.8,0.0004721666666666667,0.00032342333333333336,0.0003325066666666667,2.068733333333333e-05,0.6543333333333333,0.5103333333333334,0.435,0.0,14.90622821850127,15.239803770544865,15.07852161962431,8.8406e-07,3.8804600000000003e-07,5.58294e-07,-0.3835,-0.8532,-0.6833,,,,,,,,,,,,,,,,,0.0518,-0.7539,-0.7002,-0.9725,-0.5053,-0.8251,,,,,,,,,,,,,,,,,,,,
1,BH,BH0018,CXOU J100514.2-07423,75682.2,16.29,1238.383,2010-01-29T14:46:35,4.1391200000000003e-07,0.8074,4.8,0.0004736666666666667,0.0002424,0.0002479,1.8271e-05,0.309,0.4056666666666667,0.5453333333333333,1.0,15.015472686656208,15.319555699923848,15.15747812726207,7.868799999999998e-07,3.26726e-07,5.57846e-07,-0.386,-0.6896,-0.391,,,,,,,,,,,,,,,,,-0.0806,-0.6752,-0.4853,-0.8576,-0.2017,-0.5628,,,,,,,,,,,,,,,,,,,,
2,BH,BH0018,CXOU J100514.2-07423,171955.9,16.29,1238.383,2012-01-18T14:26:38,4.1391200000000003e-07,0.8074,4.8,0.00039916666666666665,0.00018731333333333333,0.0001970666666666667,2.1621e-05,0.428,0.425,0.6206666666666667,1.0,15.071440293947001,15.348838330463481,15.205484070160063,7.1601e-07,3.53429e-07,5.379800000000001e-07,-0.6983,-0.842,-0.3335,,,,,,,,,,,,,,,,,-0.4853,-0.8751,-0.7127,-0.9438,-0.188,-0.4678,,,,,,,,,,,,,,,,,,,,
3,BH,BH0018,CXOU J100514.2-07423,75554.3,16.29,1238.383,2012-01-26T22:21:59,4.1391200000000003e-07,0.8074,4.8,0.0003104333333333333,0.00019207,0.00019592666666666666,1.2158333333333335e-05,0.30233333333333334,0.48,0.48466666666666663,0.6666666666666666,13.87993765303951,14.500754032687505,14.081301950719862,9.665e-07,3.41622e-07,6.5526e-07,-0.1287,-0.6633,-0.5646,,,,,,,,,,,,,,,,,0.2217,-0.4866,-0.4528,-0.8389,-0.3704,-0.7289,,,,,,,,,,,,,,,,,,,,
4,BH,BH0018,CXOU J100514.2-07423,184208.0,16.29,1238.383,2012-01-31T15:24:33,4.1391200000000003e-07,0.8074,4.8,0.00018961000000000002,0.000129998,0.000137164,1.0597799999999999e-05,0.5176000000000001,0.6642,0.47840000000000005,0.4,14.871859316870008,15.16076084885962,14.990472620714582,8.863600000000001e-07,4.857e-07,6.87e-07,-0.2374,-0.6134,-0.4322,,,,,,,,,,,,,,,,,-0.0181,-0.4591,-0.4691,-0.7477,-0.2967,-0.5565,,,,,,,,,,,,,,,,,,,,
5,BH,BH0018,CXOU J100514.2-07423,158013.8,16.29,1238.383,2012-02-03T10:00:00,4.1391200000000003e-07,0.8074,4.8,0.0002577666666666667,0.00011553000000000001,0.00015402666666666667,4.393666666666667e-05,0.647,0.8166666666666668,0.731,1.3333333333333333,15.14807298579214,15.404534642838394,15.260538418721525,4.938999999999999e-07,2.09264e-07,3.53646e-07,-0.391,-0.7083,-0.4222,,,,,,,,,,,,,,,,,-0.1193,-0.6565,-0.5403,-0.8551,-0.258,-0.5753,,,,,,,,,,,,,,,,,,,,
6,BH,BH0018,CXOU J100514.2-07423,160215.7,16.29,1238.383,2012-01-21T08:54:47,4.1391200000000003e-07,0.8074,4.8,0.00056408,0.0002301025,0.00025561999999999997,4.5515e-05,0.32025,0.375,0.618,1.0,14.892857894166928,15.073307788749126,14.981507546598527,9.902999999999999e-07,5.69614e-07,7.8024e-07,-0.4884,-0.6746,-0.2723,,,,,,,,,,,,,,,,,-0.3204,-0.654,-0.5515,-0.7901,-0.1505,-0.3879,,,,,,,,,,,,,,,,,,,,
7,BH,BH0018,CXOU J100514.2-07423,119479.4,16.29,1238.383,2012-04-04T03:00:56,4.1391200000000003e-07,0.8074,4.8,0.00025936666666666666,6.475333333333333e-05,0.00015735999999999997,9.338e-05,0.9933333333333333,0.993,0.9119999999999999,5.0,15.16037113847384,15.45717457304082,15.299988937677888,7.252839999999999e-07,2.790722e-07,5.023620000000001e-07,-0.3948,-0.827,-0.6109,,,,,,,,,,,,,,,,,-0.0394,-0.7239,-0.674,-0.9438,-0.4491,-0.7502,,,,,,,,,,,,,,,,,,,,
8,BH,BH0018,CXOU J100514.2-07423,69689.2,16.29,1238.383,2012-04-06T18:15:48,4.1391200000000003e-07,0.8074,4.8,0.00041180000000000003,0.0001425,0.00020459999999999999,6.66e-05,0.96,0.9339999999999999,0.724,1.5,15.172333543735858,15.61672694327277,15.426849795534922,4.8931e-07,1.7630600000000002e-07,2.5972e-07,-0.9994,-0.9994,-0.7083,,,,,,,,,,,,,,,,,-0.3442,-1.0,-0.8339,-1.0,-0.5128,-0.8626,,,,,,,,,,,,,,,,,,,,
9,BH,BH0018,CXOU J100514.2-07423,46281.0,16.29,1238.383,2012-04-05T19:03:53,4.1391200000000003e-07,0.8074,4.8,0.00028295,0.0001088,0.0001631,4.98335e-05,0.8140000000000001,0.7270000000000001,0.6265000000000001,1.0,14.817670959383294,15.758254347429355,15.465136589451586,7.863199999999999e-07,1.35524e-07,4.6905000000000003e-07,-0.2374,-0.6458,-0.4472,,,,,,,,,,,,,,,,,0.2305,-0.6565,-0.2917,-0.8951,-0.1106,-0.7164,,,,,,,,,,,,,,,,,,,,
0,BH,BH0019,CXOU J100515.4-07425,36978.6,17.39,1313.561,2001-06-14T10:51:54,6.238000000000001e-07,0.9510000000000002,7.0,0.00034,0.0002357,0.0002403,1.312e-05,0.269,0.585,0.461,0.0,15.0527820084026,15.676055231853809,15.257196341530834,5.623199999999999e-07,1.5002e-07,3.5725999999999996e-07,0.4647,0.1174,-0.3635,,,,,,,,,,,,,,,,,0.7876,0.0406,0.4966,-0.3054,0.0581,-0.7189,,,,,,,,,,,,,,,,,,,,
1,BH,BH0019,CXOU J100515.4-07425,40580.4,17.39,1313.561,2010-01-27T01:02:52,6.238000000000001e-07,0.9510000000000002,7.0,0.0005012666666666666,0.0003174333333333333,0.00032439999999999997,2.0690000000000004e-05,0.3586666666666667,0.37833333333333335,0.4526666666666667,0.0,14.745601788800812,15.108752540451304,14.887307880224451,1.38672e-06,4.99478e-07,9.515000000000001e-07,-0.2523,-0.3123,-0.0562,,,,,,,,,,,,,,,,,0.0493,-0.559,0.0056,-0.6115,0.2067,-0.3067,,,,,,,,,,,,,,,,,,,,
2,BH,BH0019,CXOU J100515.4-07425,75682.2,17.39,1313.561,2010-01-29T14:46:35,6.238000000000001e-07,0.9510000000000002,7.0,0.0006316200000000001,0.00030833,0.00032097800000000003,3.3624399999999996e-05,0.40380000000000005,0.268,0.5744,1.0,14.662221375163817,14.906466253301366,14.766115891234115,1.47996e-06,7.9984e-07,1.14552e-06,-0.4047,-0.4497,-0.0512,,,,,,,,,,,,,,,,,-0.2117,-0.589,-0.2555,-0.6277,0.1106,-0.208,,,,,,,,,,,,,,,,,,,,
3,BH,BH0019,CXOU J100515.4-07425,171955.9,17.39,1313.561,2012-01-18T14:26:38,6.238000000000001e-07,0.9510000000000002,7.0,0.00012485,8.539499999999999e-05,8.6115e-05,3.126e-06,0.6659999999999999,0.5569999999999999,0.472,0.0,15.417686591843053,15.847412034634644,15.580834295769467,3.1364999999999995e-07,8.254619999999999e-08,1.98468e-07,0.4622,-0.3948,-0.7108,,,,,,,,,,,,,,,,,0.7626,0.0893,-0.1205,-0.644,-0.4953,-0.8826,,,,,,,,,,,,,,,,,,,,
4,BH,BH0019,CXOU J100515.4-07425,75554.3,17.39,1313.561,2012-01-26T22:21:59,6.238000000000001e-07,0.9510000000000002,7.0,0.0002232,0.0001412,0.0001437,8.248e-06,0.047,0.006,0.506,1.0,15.165668326274217,15.722427455907393,15.357674001225954,4.637799999999999e-07,8.138200000000001e-08,2.7735799999999993e-07,0.2848,-0.2299,-0.4735,,,,,,,,,,,,,,,,,0.6552,-0.1468,0.1405,-0.5778,-0.1205,-0.7639,,,,,,,,,,,,,,,,,,,,
5,BH,BH0019,CXOU J100515.4-07425,184208.0,17.39,1313.561,2012-01-31T15:24:33,6.238000000000001e-07,0.9510000000000002,7.0,0.000341025,0.000236095,0.00023840249999999998,9.2795e-06,0.474,0.704,0.37625,0.0,14.803867495404937,14.969278870639538,14.880697911638789,6.871799999999999e-07,4.2848e-07,5.1148e-07,-0.2948,-0.4447,-0.1699,,,,,,,,,,,,,,,,,-0.1343,-0.4541,-0.2979,-0.5828,-0.0394,-0.2929,,,,,,,,,,,,,,,,,,,,
6,BH,BH0019,CXOU J100515.4-07425,158013.8,17.39,1313.561,2012-02-03T10:00:00,6.238000000000001e-07,0.9510000000000002,7.0,0.0003585,0.000218755,0.0002342075,2.1460250000000002e-05,0.38425,0.399,0.5089999999999999,0.75,14.776270490635124,14.98354331874654,14.865771876978338,9.5642e-07,5.21e-07,7.4048e-07,0.0037,-0.3635,-0.3623,,,,,,,,,,,,,,,,,0.1818,-0.1843,-0.2117,-0.5103,-0.228,-0.4878,,,,,,,,,,,,,,,,,,,,
7,BH,BH0019,CXOU J100515.4-07425,160215.7,17.39,1313.561,2012-01-21T08:54:47,6.238000000000001e-07,0.9510000000000002,7.0,0.0001404,6.0375e-05,7.068e-05,1.18335e-05,0.6875,0.7815,0.6655,1.5,15.619354680809074,16.191883596045503,15.89190876441878,2.3637e-07,5.3252e-08,8.805e-08,-0.9994,-0.9994,-0.341,,,,,,,,,,,,,,,,,-0.3429,-1.0,-0.589,-1.0,-0.0369,-0.604,,,,,,,,,,,,,,,,,,,,
8,BH,BH0019,CXOU J100515.4-07425,119479.4,17.39,1313.561,2012-04-04T03:00:56,6.238000000000001e-07,0.9510000000000002,7.0,0.000461875,0.00025847,0.0002726,2.5827e-05,0.43999999999999995,0.34750000000000003,0.48500000000000004,0.5,14.782416047966478,14.981657400924176,14.877017817745543,9.255999999999999e-07,4.85094e-07,7.073e-07,-0.1811,-0.5646,-0.4197,,,,,,,,,,,,,,,,,0.0244,-0.3879,-0.4179,-0.6977,-0.2879,-0.5403,,,,,,,,,,,,,,,,,,,,
9,BH,BH0019,CXOU J100515.4-07425,69689.2,17.39,1313.561,2012-04-06T18:15:48,6.238000000000001e-07,0.9510000000000002,7.0,0.0005409,0.00032353333333333336,0.0003729333333333333,5.1710000000000005e-05,0.7086666666666668,0.7333333333333334,0.454,0.0,14.831119657586358,15.071686097829746,14.962469921233392,8.787679999999999e-07,4.7204e-07,6.055e-07,-0.9994,-0.9994,-0.4047,,,,,,,,,,,,,,,,,-0.6515,-1.0,-0.8326,-1.0,-0.243,-0.5528,,,,,,,,,,,,,,,,,,,,
10,BH,BH0019,CXOU J100515.4-07425,46281.0,17.39,1313.561,2012-04-05T19:03:53,6.238000000000001e-07,0.9510000000000002,7.0,0.0006065,0.00037656666666666664,0.00038396666666666666,2.3562333333333333e-05,0.16466666666666666,0.27899999999999997,0.4283333333333333,0.0,14.699504515340458,15.00638744206111,14.842374019942598,1.0448000000000001e-06,4.7348400000000003e-07,6.5384e-07,-0.4372,-0.3848,0.07,,,,,,,,,,,,,,,,,-0.193,-0.6652,-0.0981,-0.6427,0.2942,-0.1455,,,,,,,,,,,,,,,,,,,,
0,BH,BH0020,CXOU J100516.2-07423,36978.6,16.78,1251.499,2001-06-14T10:51:54,2.9786e-07,0.465,2.4,0.0003868666666666666,0.00026986666666666665,0.0002759,1.5701e-05,0.553,0.5139999999999999,0.448,0.0,14.809046725078604,15.235838817763096,14.969716096188655,8.598400000000001e-07,3.4777599999999995e-07,6.0732e-07,0.1512,-0.396,-0.4947,,,,,,,,,,,,,,,,,0.5053,-0.2542,-0.0868,-0.6652,-0.2192,-0.7189,,,,,,,,,,,,,,,,,,,,
1,BH,BH0020,CXOU J100516.2-07423,40580.4,16.78,1251.499,2010-01-27T01:02:52,2.9786e-07,0.465,2.4,0.00043210000000000004,0.0002963,0.0003041,1.8707e-05,0.586,0.4505,0.44599999999999995,0.0,14.834886308401739,15.26287099484859,15.033942786843403,9.2758e-07,2.9543e-07,6.153200000000001e-07,-0.1212,-0.4185,-0.3011,,,,,,,,,,,,,,,,,0.2242,-0.4716,-0.1156,-0.6877,-0.0256,-0.544,,,,,,,,,,,,,,,,,,,,
2,BH,BH0020,CXOU J100516.2-07423,75682.2,16.78,1251.499,2010-01-29T14:46:35,2.9786e-07,0.465,2.4,0.00040559999999999994,0.0002169666666666667,0.00022613333333333335,2.2164666666666668e-05,0.435,0.32599999999999996,0.5396666666666667,0.6666666666666666,14.937455618653535,15.264385133886424,15.09267464664859,7.644399999999999e-07,3.04334e-07,5.3442e-07,-0.0937,-0.2923,-0.1961,,,,,,,,,,,,,,,,,0.173,-0.3691,-0.0356,-0.534,0.0269,-0.4041,,,,,,,,,,,,,,,,,,,,
3,BH,BH0020,CXOU J100516.2-07423,171955.9,16.78,1251.499,2012-01-18T14:26:38,2.9786e-07,0.465,2.4,0.0004540666666666666,0.00024913333333333334,0.00025446666666666665,1.7856333333333334e-05,0.4106666666666667,0.19733333333333336,0.49166666666666664,0.6666666666666666,14.941323493281757,15.142715761192195,15.03946263257929,7.1756e-07,3.839339999999999e-07,5.515999999999999e-07,-0.461,-0.6858,-0.3198,,,,,,,,,,,,,,,,,-0.263,-0.6477,-0.5465,-0.8076,-0.1893,-0.4416,,,,,,,,,,,,,,,,,,,,
4,BH,BH0020,CXOU J100516.2-07423,75554.3,16.78,1251.499,2012-01-26T22:21:59,2.9786e-07,0.465,2.4,0.00034763333333333334,0.0002487666666666667,0.00025256666666666666,1.2068666666666667e-05,0.5173333333333333,0.4000000000000001,0.41533333333333333,0.0,15.00227295478223,15.282878952393466,15.147898348894033,9.005060000000001e-07,3.4591999999999996e-07,6.208599999999999e-07,-0.9994,-0.9994,-0.3485,,,,,,,,,,,,,,,,,-0.7664,-1.0,-0.8776,-1.0,-0.163,-0.5203,,,,,,,,,,,,,,,,,,,,
5,BH,BH0020,CXOU J100516.2-07423,184208.0,16.78,1251.499,2012-01-31T15:24:33,2.9786e-07,0.465,2.4,0.00030053333333333334,0.0001688666666666667,0.00017146666666666667,9.979333333333333e-06,0.311,0.271,0.48933333333333334,0.6666666666666666,15.071706587767798,15.310478042500218,15.185046916011524,4.0488e-07,2.33862e-07,2.961e-07,-0.3086,-0.4735,-0.1861,,,,,,,,,,,,,,,,,-0.1018,-0.5166,-0.2879,-0.649,-0.0219,-0.3404,,,,,,,,,,,,,,,,,,,,
6,BH,BH0020,CXOU J100516.2-07423,158013.8,16.78,1251.499,2012-02-03T10:00:00,2.9786e-07,0.465,2.4,0.000341875,0.000187535,0.00019049999999999997,1.1688499999999998e-05,0.3945,0.56125,0.497,0.5,14.198743137901666,14.626712752094145,14.357130063720923,8.4282e-07,4.3188000000000003e-07,6.4144e-07,-0.0949,-0.3173,-0.2261,,,,,,,,,,,,,,,,,0.0906,-0.2879,-0.1443,-0.4866,-0.0718,-0.3704,,,,,,,,,,,,,,,,,,,,
7,BH,BH0020,CXOU J100516.2-07423,160215.7,16.78,1251.499,2012-01-21T08:54:47,2.9786e-07,0.465,2.4,0.0004291649999999999,0.000181085,0.000219515,3.8577999999999996e-05,0.5827500000000001,0.55925,0.619,1.0,14.81650950534771,14.997596329657776,14.896803689995428,7.0822e-07,3.9398400000000004e-07,5.5212e-07,-0.2199,-0.5259,-0.341,,,,,,,,,,,,,,,,,-0.0294,-0.4129,-0.3804,-0.664,-0.2092,-0.4653,,,,,,,,,,,,,,,,,,,,
8,BH,BH0020,CXOU J100516.2-07423,119479.4,16.78,1251.499,2012-04-04T03:00:56,2.9786e-07,0.465,2.4,0.00041576666666666667,0.0001719466666666667,0.00019262999999999998,3.133666666666667e-05,0.5419999999999999,0.3256666666666667,0.6773333333333333,1.6666666666666667,14.94669870149262,15.25392654288584,15.07999152637799,7.621e-07,3.0520799999999996e-07,5.35244e-07,-0.2086,-0.6746,-0.5259,,,,,,,,,,,,,,,,,0.0918,-0.5178,-0.4978,-0.8301,-0.3592,-0.674,,,,,,,,,,,,,,,,,,,,
9,BH,BH0020,CXOU J100516.2-07423,69689.2,16.78,1251.499,2012-04-06T18:15:48,2.9786e-07,0.465,2.4,0.00029525000000000005,0.0001286525,0.0001482975,2.8946750000000002e-05,0.48724999999999996,0.6094999999999999,0.6105,1.0,14.910094888560602,15.271646217978772,15.07703592720949,5.731e-07,2.20032e-07,3.32e-07,0.1224,-0.2811,-0.3798,,,,,,,,,,,,,,,,,0.4204,-0.2042,0.0006,-0.5415,-0.1218,-0.6027,,,,,,,,,,,,,,,,,,,,
10,BH,BH0020,CXOU J100516.2-07423,46281.0,16.78,1251.499,2012-04-05T19:03:53,2.9786e-07,0.465,2.4,0.00046449999999999996,0.00026865,0.0002823,1.978e-05,0.17,0.128,0.4365,0.0,14.916053279623405,15.299261679095597,15.070621950984114,9.0284e-07,2.634e-07,4.1239999999999996e-07,0.0987,-0.4922,-0.5459,,,,,,,,,,,,,,,,,0.4503,-0.2879,-0.213,-0.7327,-0.3004,-0.7452,,,,,,,,,,,,,,,,,,,,
0,BH,BH0021,CXOU J100516.5-07420,36978.6,16.75,1205.131,2001-06-14T10:51:54,3.8722199999999995e-07,0.8400000000000001,5.2,0.00048215,0.0002918,0.00031755,2.9915e-05,0.40900000000000003,0.3285,0.4275,0.0,15.1041356487527,15.597910649427904,15.386411854814497,6.0606e-07,2.3365800000000001e-07,3.9471599999999997e-07,0.5909,-0.4822,-0.807,,,,,,,,,,,,,,,,,0.8888,0.1318,-0.1743,-0.7577,-0.599,-0.955,,,,,,,,,,,,,,,,,,,,
1,BH,BH0021,CXOU J100516.5-07420,40580.4,16.75,1205.131,2010-01-27T01:02:52,3.8722199999999995e-07,0.8400000000000001,5.2,0.000479,0.0003124333333333333,0.00034873333333333337,4.011666666666667e-05,0.399,0.43999999999999995,0.48,0.3333333333333333,14.713988382141705,15.048672197072984,14.863844065551467,9.992000000000001e-07,4.3114e-07,6.234399999999999e-07,-0.1237,-0.2336,-0.1087,,,,,,,,,,,,,,,,,0.1555,-0.4054,0.0481,-0.5028,0.1343,-0.3392,,,,,,,,,,,,,,,,,,,,
2,BH,BH0021,CXOU J100516.5-07420,75682.2,16.75,1205.131,2010-01-29T14:46:35,3.8722199999999995e-07,0.8400000000000001,5.2,0.0006780333333333334,0.0003691333333333333,0.0003783666666666667,2.881e-05,0.5293333333333333,0.509,0.4953333333333334,0.6666666666666666,14.83132577043292,15.071218165967602,14.946061506338534,9.847999999999999e-07,4.89394e-07,7.419e-07,-0.6971,-0.6808,0.0325,,,,,,,,,,,,,,,,,-0.5103,-0.8538,-0.4791,-0.8488,0.2042,-0.1343,,,,,,,,,,,,,,,,,,,,
3,BH,BH0021,CXOU J100516.5-07420,171955.9,16.75,1205.131,2012-01-18T14:26:38,3.8722199999999995e-07,0.8400000000000001,5.2,0.000222125,0.00015556,0.000157835,7.363e-06,0.36200000000000004,0.45075,0.44525,0.25,14.891069835385538,15.114118842728978,14.999210302449923,6.8236e-07,3.4092e-07,5.1492e-07,0.0874,-0.3323,-0.4035,,,,,,,,,,,,,,,,,0.2842,-0.123,-0.163,-0.4991,-0.253,-0.5415,,,,,,,,,,,,,,,,,,,,
4,BH,BH0021,CXOU J100516.5-07420,75554.3,16.75,1205.131,2012-01-26T22:21:59,3.8722199999999995e-07,0.8400000000000001,5.2,0.00017415,0.00011562000000000001,0.00011758999999999999,5.9955e-06,0.475,0.28500000000000003,0.4925,0.5,15.150319596528337,15.6432286383304,15.326909943204226,3.1882499999999997e-07,1.2457500000000002e-07,2.233075e-07,0.2224,-0.3573,-0.5172,,,,,,,,,,,,,,,,,0.5803,-0.1993,-0.0156,-0.6615,-0.2117,-0.7589,,,,,,,,,,,,,,,,,,,,
5,BH,BH0021,CXOU J100516.5-07420,184208.0,16.75,1205.131,2012-01-31T15:24:33,3.8722199999999995e-07,0.8400000000000001,5.2,0.00022283333333333332,7.984333333333334e-05,0.00013442333333333334,3.967333333333334e-05,0.5183333333333334,0.48233333333333334,0.634,1.0,15.009783279953542,15.273089497091032,15.120631696213401,3.575e-07,2.215375e-07,2.8951500000000004e-07,-0.3585,-0.6221,-0.3248,,,,,,,,,,,,,,,,,-0.1056,-0.6052,-0.4341,-0.7864,-0.153,-0.4841,,,,,,,,,,,,,,,,,,,,
6,BH,BH0021,CXOU J100516.5-07420,158013.8,16.75,1205.131,2012-02-03T10:00:00,3.8722199999999995e-07,0.8400000000000001,5.2,0.0001762425,0.00012363,0.000124915,4.88425e-06,0.4445,0.46175,0.4475,0.0,15.109590160094102,15.385693488686966,15.240709966975697,5.6686e-07,2.3991200000000004e-07,4.0402e-07,-0.1874,-0.3186,-0.1337,,,,,,,,,,,,,,,,,0.0381,-0.4191,-0.0956,-0.5328,0.0581,-0.3154,,,,,,,,,,,,,,,,,,,,
7,BH,BH0021,CXOU J100516.5-07420,160215.7,16.75,1205.131,2012-01-21T08:54:47,3.8722199999999995e-07,0.8400000000000001,5.2,0.00029243333333333336,0.0001555333333333333,0.0001581,1.0277333333333332e-05,0.36066666666666664,0.32466666666666666,0.5283333333333334,0.6666666666666666,15.131050076200985,15.40483458520977,15.254800249567447,6.731000000000001e-07,3.0657800000000003e-07,4.904180000000001e-07,-0.4185,-0.6084,-0.2423,,,,,,,,,,,,,,,,,-0.1805,-0.6515,-0.4141,-0.7814,-0.0656,-0.4079,,,,,,,,,,,,,,,,,,,,
8,BH,BH0021,CXOU J100516.5-07420,119479.4,16.75,1205.131,2012-04-04T03:00:56,3.8722199999999995e-07,0.8400000000000001,5.2,0.00024645,0.00014704250000000001,0.00017911999999999998,2.5145e-05,0.60325,0.7602500000000001,0.5157499999999999,0.5,14.979199672031678,15.222558677202283,15.089172900523394,7.2334e-07,3.1874e-07,5.2196e-07,-0.1786,-0.3885,-0.2211,,,,,,,,,,,,,,,,,0.0443,-0.4066,-0.1855,-0.5815,-0.0418,-0.3891,,,,,,,,,,,,,,,,,,,,
9,BH,BH0021,CXOU J100516.5-07420,69689.2,16.75,1205.131,2012-04-06T18:15:48,3.8722199999999995e-07,0.8400000000000001,5.2,0.000515575,0.0002848575,0.0003045425,3.2362e-05,0.4545,0.34099999999999997,0.47575,0.25,14.680644058933098,14.955185952471362,14.829503594255153,1.27192e-06,5.7102e-07,9.233000000000001e-07,-0.2761,-0.5509,-0.3136,,,,,,,,,,,,,,,,,-0.0319,-0.5078,-0.3604,-0.7164,-0.1455,-0.4703,,,,,,,,,,,,,,,,,,,,
10,BH,BH0021,CXOU J100516.5-07420,46281.0,16.75,1205.131,2012-04-05T19:03:53,3.8722199999999995e-07,0.8400000000000001,5.2,0.0005361666666666667,0.0003188,0.00032703333333333333,2.2611999999999996e-05,0.39633333333333337,0.508,0.4676666666666667,0.0,14.76074557969853,15.104036304489737,14.921978419479615,1.006e-06,4.1758e-07,5.9516e-07,-0.1387,-0.5322,-0.411,,,,,,,,,,,,,,,,,0.1643,-0.4466,-0.2992,-0.7339,-0.1968,-0.5978,,,,,,,,,,,,,,,,,,,,
0,BH,BH0023,CXOU J100518.5-07413,36978.6,14.07,1138.77,2001-06-14T10:51:54,4.7776e-07,0.585,2.2,0.00081438,0.0005884,0.00066314,6.2314e-05,0.44139999999999996,0.4554,0.43340000000000006,0.2,14.462483127960427,14.698566298162136,14.563519304990505,2.21474e-06,1.3813400000000003e-06,1.80162e-06,-0.3785,-0.4847,-0.1262,,,,,,,,,,,,,,,,,-0.163,-0.584,-0.2892,-0.664,0.0331,-0.2804,,,,,,,,,,,,,,,,,,,,
1,BH,BH0023,CXOU J100518.5-07413,119479.4,14.07,1138.77,2012-04-04T03:00:56,4.7776e-07,0.585,2.2,0.000768725,0.000508425,0.00052045,3.0092999999999998e-05,0.61575,0.5435,0.35524999999999995,0.0,14.253350235230915,14.592541109542607,14.390683115706913,1.6835800000000002e-06,1.07558e-06,1.3836600000000001e-06,-0.3073,-0.6433,-0.4147,,,,,,,,,,,,,,,,,-0.153,-0.4616,-0.544,-0.7352,-0.3192,-0.5041,,,,,,,,,,,,,,,,,,,,
2,BH,BH0023,CXOU J100518.5-07413,69689.2,14.07,1138.77,2012-04-06T18:15:48,4.7776e-07,0.585,2.2,0.00059765,0.0004601575,0.00046735749999999996,1.8558500000000002e-05,0.39775000000000005,0.4515,0.3335,0.0,14.246233151649461,14.767135975850392,14.670358089269788,1.4634e-06,8.326e-07,1.0236399999999999e-06,-0.4647,-0.6159,-0.2074,,,,,,,,,,,,,,,,,-0.2804,-0.6402,-0.4666,-0.7527,-0.0668,-0.3417,,,,,,,,,,,,,,,,,,,,
3,BH,BH0023,CXOU J100518.5-07413,46281.0,14.07,1138.77,2012-04-05T19:03:53,4.7776e-07,0.585,2.2,0.000883375,0.0005657975,0.000618525,7.04125e-05,0.481,0.38375000000000004,0.48275,1.5,14.428179407049335,14.622766623247252,14.519245908275929,2.3133400000000006e-06,1.1954e-06,1.7649600000000002e-06,-0.0712,-0.4834,-0.421,,,,,,,,,,,,,,,,,0.1368,-0.2904,-0.3279,-0.634,-0.2842,-0.5478,,,,,,,,,,,,,,,,,,,,
0,BH,BH0024,J1047+1234          ,31518.2,56.53,18798.27,2001-02-13T01:57:42,9.0646e-06,0.8138,6.4,0.0102054,0.008254599999999999,0.0091106,0.0007174980000000001,0.766,0.7749999999999999,0.3932,0.6,13.300925777494005,13.360772570929736,13.32932748593076,2.6056000000000003e-05,2.28592e-05,2.4458599999999997e-05,-0.1124,-0.3798,-0.2786,13.002002363591995,2.48,16.85,4.25e-05,1.01,13.114695332411031,13.090550953018733,13.145511774955569,0.4199,3.397e-07,0.000257,2.139,13.01434902630905,2.32,5.31,0.883,-0.0493,-0.1768,-0.3279,-0.4316,-0.2355,-0.3217,12.977571628814513,13.024568191490737,2.635,2.334,20.81,13.1,4.848e-05,3.731e-05,0.0002464,0.0003086,13.03838909190872,12.99097425791309,2.686,2.021,7.929,2.805,0.4417,0.3983,0.3224,
1,BH,BH0024,J1047+1234          ,84099.0,56.53,18798.27,2006-01-23T06:07:21,9.0646e-06,0.8138,6.4,0.012956400000000002,0.009524399999999999,0.011315999999999998,0.0011585898,0.8808,0.9225999999999999,0.5438,2.8,12.999748182220594,13.030434999253925,13.014375960135343,3.4148e-05,3.1468000000000004e-05,3.2846e-05,0.1724,0.0525,-0.1212,12.680685695909489,1.631,12.24,4.294e-05,1.13,12.778064400171994,12.763714722551972,12.793984123236655,0.6754,2.44e-07,7.928e-05,2.719,12.684869682816398,9.11,7.923,1.087,0.1993,0.1455,0.0806,0.0256,-0.0931,-0.148,12.667157733005649,12.693360558975739,1.694,1.569,14.33,10.2,4.579e-05,4.026e-05,7.754e-05,8.649e-05,12.700274846024364,12.67202837637699,10.99,7.703,9.511,6.397,0.693,0.6706,0.1001,
2,BH,BH0024,J1047+1234          ,69249.5,56.53,18798.27,2007-01-10T02:06:43,9.0646e-06,0.8138,6.4,0.006010799999999999,0.005846040000000001,0.0058706,2.8902000000000002e-05,0.6338,0.7152000000000001,0.125,0.0,13.322502547086424,13.376936875704216,13.348334396077064,1.9629e-05,1.71944e-05,1.84386e-05,0.065,-0.3061,-0.3635,13.051733780119704,1.904,4.184,2.121e-05,0.884,13.29964247217734,13.279427279635739,13.3243132913006,0.3804,2.12e-07,0.0002547,3.711,13.067881527970878,4.327,3.984e-07,0.993,0.1143,0.0144,-0.2655,-0.3479,-0.3279,-0.3991,13.03147035562516,13.071655364735138,2.023,1.791,7.143,1.35,2.353e-05,1.914e-05,0.0002457,0.0003117,13.094042300907573,13.049732531986411,4.877,3.874,0.6487,,0.4024,0.3603,0.2497,
3,BH,BH0024,J1047+1234          ,69066.2,56.53,18798.27,2006-04-09T10:51:35,9.0646e-06,0.8138,6.4,0.0105908,0.007239,0.008612199999999999,0.001079887,0.7764,0.726,0.47639999999999993,1.8,13.153415497101953,13.195669710934748,13.173627127279154,2.7073999999999995e-05,2.439e-05,2.5766e-05,0.0949,-0.1262,-0.2186,12.856360764725457,1.887,12.42,3.623e-05,1.073,13.002264223402102,12.984221243610959,13.023374947949273,0.5405,2.705e-07,0.0001164,3.19,12.861697301833718,5.361,5.415,1.062,0.1318,0.0581,-0.0918,-0.1618,-0.1855,-0.2505,12.840132152907433,12.872571222148402,1.976,1.802,15.0,9.956,3.936e-05,3.337e-05,0.000113,0.0001341,12.882397308309915,12.846185135655471,6.286,4.619,7.23,3.694,0.564,0.5177,0.152,
4,BH,BH0024,J1047+1234          ,83110.1,56.53,18798.27,2006-07-03T11:20:41,9.0646e-06,0.8138,6.4,0.0071382,0.0070116,0.007041800000000001,3.51458e-05,0.4548,0.4992,0.11200000000000002,0.0,13.280320753816417,13.324404943613253,13.301342800314144,2.2804e-05,2.0465200000000002e-05,2.1665199999999997e-05,-0.0137,-0.3173,-0.3048,12.990549104201307,2.13,10.82,3.155e-05,0.828,13.16870625562299,13.150764908685277,13.188492020054673,0.4241,2.644e-07,0.0002164,3.123,12.99956592252068,3.615,1.786,0.878,0.0281,-0.0556,-0.2829,-0.3529,-0.2742,-0.3354,12.973466735476704,13.005770859182302,2.23,2.035,13.38,8.349,3.438e-05,2.897e-05,0.0002096,0.00025,13.021271822861507,12.983384452442822,4.149,3.172,3.55,0.08326,0.442,0.4075,0.1647,
0,BH,BH0025,J1242+3232          ,59214.1,2.26,11.36733,2000-04-16T17:14:18,,,,0.0004838,0.0002451,0.0002834,4.971e-05,0.537,0.745,0.506,1.0,15.269201579857413,16.0201694710816,15.6727637072529,4.09176e-07,1.257408e-07,2.5705800000000005e-07,0.416,-0.9994,-0.7208,,,,,,,,,,,,,,,,,0.7826,-0.3354,-0.3517,-1.0,-0.4428,-0.925,,,,,,,,,,,,,,,,,,,,
0,BH,BH0027,J1745-2900          ,35796.9,337.0,462011.4,2000-10-26T22:18:33,0.00048116900000000004,0.8301999999999999,7.0,,,,,,,,,14.201788704359636,14.74521031260279,14.414133366693623,1.736908e-06,5.398e-07,8.854e-07,0.9994,0.9994,0.9994,,,,,,,,,,,,,,,,,1.0,0.8226,1.0,0.8863,1.0,-0.0956,,,,,,,,,,,,,,,,,,,,
1,BH,BH0027,J1745-2900          ,13503.6,337.0,462011.4,2001-07-14T02:05:23,0.00048116900000000004,0.8301999999999999,7.0,,,,,,,,,13.997140485265001,14.753107679846401,14.26889494878408,2.44416e-06,1.5412e-07,5.879999999999999e-07,0.9994,0.9994,0.5809,,,,,,,,,,,,,,,,,1.0,0.5615,1.0,0.6227,1.0,-0.233,,,,,,,,,,,,,,,,,,,,
2,BH,BH0027,J1745-2900          ,37677.7,337.0,462011.4,2002-05-22T23:20:43,0.00048116900000000004,0.8301999999999999,7.0,,,,,,,,,13.911077575641785,14.171230577125547,14.027110611807075,2.60326e-06,1.1939840000000001e-06,1.6352199999999995e-06,0.8582,0.8295,-0.1574,,,,,,,,,,,,,,,,,0.9338,0.7626,0.9288,0.7077,0.2617,-0.524,,,,,,,,,,,,,,,,,,,,
3,BH,BH0027,J1745-2900          ,12369.5,337.0,462011.4,2002-02-19T14:43:23,0.00048116900000000004,0.8301999999999999,7.0,,,,,,,,,14.078087334208007,15.046481918555008,14.347439417017934,1.751675e-06,3.10825e-07,9.6975e-07,0.9994,0.9994,-0.9994,,,,,,,,,,,,,,,,,1.0,0.7976,1.0,0.6889,0.1593,-1.0,,,,,,,,,,,,,,,,,,,,
4,BH,BH0027,J1745-2900          ,11855.5,337.0,462011.4,2002-03-23T12:42:56,0.00048116900000000004,0.8301999999999999,7.0,,,,,,,,,13.989871419913928,14.737027121194632,14.265200170411154,3.4196199999999995e-06,3.34e-07,8.645999999999999e-07,0.9994,0.9994,-0.9994,,,,,,,,,,,,,,,,,1.0,0.8039,1.0,0.6452,0.0356,-1.0,,,,,,,,,,,,,,,,,,,,
5,BH,BH0027,J1745-2900          ,11589.4,337.0,462011.4,2002-04-19T10:59:51,0.00048116900000000004,0.8301999999999999,7.0,,,,,,,,,13.702800824335954,14.085687524938708,13.873556870154854,4.36564e-06,1.05053e-06,1.8102199999999998e-06,0.8445,0.9994,0.9906,,,,,,,,,,,,,,,,,0.9588,0.6852,1.0,0.8026,1.0,-0.0119,,,,,,,,,,,,,,,,,,,,
6,BH,BH0027,J1745-2900          ,12452.1,337.0,462011.4,2002-05-07T09:39:15,0.00048116900000000004,0.8301999999999999,7.0,,,,,,,,,13.906261115541946,14.509676248450328,14.151441427876236,3.3655800000000003e-06,4.9342e-07,1.0719999999999999e-06,0.9994,0.9994,0.9994,,,,,,,,,,,,,,,,,1.0,0.6889,1.0,0.7089,1.0,-1.0,,,,,,,,,,,,,,,,,,,,
7,BH,BH0027,J1745-2900          ,166689.2,337.0,462011.4,2002-05-25T15:34:27,0.00048116900000000004,0.8301999999999999,7.0,0.002038,0.0020355,0.0020365,1.1304e-06,0.28,0.376,0.064,0.0,14.091969888077987,14.239707221101149,14.162117628740663,1.500412e-06,1.0280499999999998e-06,1.202928e-06,0.9244,0.9994,0.9994,13.928854709548917,4.266,943.3,0.0005095,1.109,13.945386945443111,13.809948582240795,14.371202514433289,0.7511,548.9,1.412e-05,1.273,13.847100403606252,1.755,725.2,1.183,0.9563,0.8888,1.0,0.9675,1.0,0.4079,13.793984123236655,14.253599355508438,5.374,3.178,1190.0,728.1,0.003517,9.733e-05,4.303e-06,5.653e-05,14.00405783700745,13.762205006726077,3.023,1.16,903.7,575.9,0.9405,0.6006,728.2,406.0
8,BH,BH0027,J1745-2900          ,158025.6,337.0,462011.4,2002-05-28T05:53:07,0.00048116900000000004,0.8301999999999999,7.0,0.0022265,0.002182,0.002203,1.9764999999999998e-05,0.5705,0.893,0.111,0.0,14.027797161620935,14.159222899474122,14.091170898872505,1.7303840000000002e-06,1.2254240000000002e-06,1.41376e-06,0.9157,0.9994,0.9994,13.837734385701978,4.117,946.8,0.0005029,1.163,13.820448208834812,13.723538195826755,14.088309841246138,0.7472,569.7,1.809e-05,1.171,13.856048883576037,1.688,760.7,1.165,0.9463,0.8788,1.0,0.9725,1.0,0.5191,13.71287037928089,14.19151894343405,5.215,3.188,1255.0,723.9,0.00295,0.0001159,6.846e-06,5.534e-05,14.304430772963814,13.712422190921295,2.564,1.202,979.6,601.6,0.8875,0.6314,770.0,425.6
9,BH,BH0027,J1745-2900          ,24788.0,337.0,462011.4,2003-06-19T18:46:37,0.00048116900000000004,0.8301999999999999,7.0,,,,,,,,,14.192057927107545,14.995025525840514,14.469057896005872,2.06974e-06,2.0099999999999999e-07,5.8876e-07,0.6384,0.9994,0.9994,,,,,,,,,,,,,,,,,0.8576,0.2667,1.0,0.6827,1.0,0.2904,,,,,,,,,,,,,,,,,,,,
10,BH,BH0027,J1745-2900          ,37958.3,337.0,462011.4,2002-05-24T12:12:01,0.00048116900000000004,0.8301999999999999,7.0,0.003208,0.002237,0.002288,9.971e-05,0.23,0.225,0.148,0.0,13.896589715984662,14.127727153775796,14.003838706631992,2.69218e-06,1.2754e-06,1.6645600000000003e-06,0.9994,0.9319,-0.9994,,,,,,,,,,,,,,,,,1.0,0.935,0.9863,0.8601,-0.123,-1.0,,,,,,,,,,,,,,,,,,,,
11,BH,BH0027,J1745-2900          ,89924.7,337.0,462011.4,2002-06-03T01:41:29,0.00048116900000000004,0.8301999999999999,7.0,0.004089,0.0017634999999999999,0.0019264999999999998,0.000329,0.4625,0.5435,0.5845,1.0,14.108410140249836,14.337831698169806,14.212055199515959,1.596212e-06,8.392e-07,1.07982e-06,0.7983,0.9994,0.9994,,,,,,,,,,,,,,,,,0.8676,0.7127,1.0,0.9188,1.0,0.4766,,,,,,,,,,,,,,,,,,,,
12,BH,BH0027,J1745-2900          ,49524.1,337.0,462011.4,2004-07-05T22:47:16,0.00048116900000000004,0.8301999999999999,7.0,0.0035895,0.003565,0.003577,1.217e-05,0.177,0.1075,0.095,0.0,13.63519253710323,13.816445466381138,13.71959237643259,4.643129999999999e-06,2.7085000000000004e-06,3.21625e-06,,0.9994,,,,,,,,,,,,,,,,,,,,1.0,0.97,,,,,,,,,,,,,,,,,,,,,,
13,BH,BH0027,J1745-2900          ,49527.1,337.0,462011.4,2004-07-06T22:43:47,0.00048116900000000004,0.8301999999999999,7.0,0.0036865,0.0036665,0.0036765,9.975e-06,0.53,0.4145,0.091,0.0,13.610091109987431,13.76883023740369,13.68424370746458,3.61036e-06,2.104614e-06,2.557984e-06,0.9507,0.9669,0.0912,,,,,,,,,,,,,,,,,0.9788,0.9126,0.995,0.9288,0.5678,-0.3604,,,,,,,,,,,,,,,,,,,,
14,BH,BH0027,J1745-2900          ,5106.3,337.0,462011.4,2004-08-28T12:19:59,0.00048116900000000004,0.8301999999999999,7.0,0.01303,0.006213,0.007729,0.001517,0.841,0.646,0.467,0.0,13.134816046700395,13.438398690019662,13.26165752316098,1.19417e-05,6.617275e-06,9.165925e-06,0.8894,0.9994,0.9994,,,,,,,,,,,,,,,,,0.9638,0.7939,1.0,0.8763,1.0,0.0081,,,,,,,,,,,,,,,,,,,,
15,BH,BH0027,J1745-2900          ,48532.8,337.0,462011.4,2005-07-24T20:13:41,0.00048116900000000004,0.8301999999999999,7.0,0.003235,0.002166,0.002237,0.0001436,0.374,0.221,0.225,0.0,13.927439845290955,14.152906439365232,14.037575729789342,2.544804e-06,1.0998247999999998e-06,1.438918e-06,0.9569,0.9994,0.7983,,,,,,,,,,,,,,,,,0.99,0.9126,1.0,0.9413,1.0,-0.0756,,,,,,,,,,,,,,,,,,,,
16,BH,BH0027,J1745-2900          ,44586.0,337.0,462011.4,2005-07-27T19:32:01,0.00048116900000000004,0.8301999999999999,7.0,,,,,,,,,13.979863381950143,14.259163792942688,14.110474203328808,2.5345580000000004e-06,9.282000000000001e-07,1.2608e-06,0.9994,0.9994,-0.9994,,,,,,,,,,,,,,,,,1.0,0.9288,1.0,0.925,0.3304,-1.0,,,,,,,,,,,,,,,,,,,,
17,BH,BH0027,J1745-2900          ,45326.4,337.0,462011.4,2005-07-29T20:08:00,0.00048116900000000004,0.8301999999999999,7.0,,,,,,,,,13.927349456605878,14.164689999130937,14.038850484210197,2.69602e-06,1.1628000000000001e-06,1.5358540000000002e-06,0.9582,0.9482,-0.2336,,,,,,,,,,,,,,,,,0.9913,0.9113,0.9913,0.8863,0.3079,-0.679,,,,,,,,,,,,,,,,,,,,
18,BH,BH0027,J1745-2900          ,45360.1,337.0,462011.4,2005-07-30T20:09:08,0.00048116900000000004,0.8301999999999999,7.0,0.00291,0.001476,0.002309,0.0004113,0.998,0.953,0.526,1.0,13.863776619956829,14.102647865655687,13.97685046594608,3.4681375000000004e-06,1.595e-06,2.02925e-06,,0.9994,,,,,,,,,,,,,,,,,,,,1.0,0.945,,,,,,,,,,,,,,,,,,,,,,
19,BH,BH0027,J1745-2900          ,17852.2,337.0,462011.4,2005-08-01T20:16:38,0.00048116900000000004,0.8301999999999999,7.0,,,,,,,,,14.10379355858398,14.948076083953893,14.430111329341882,3.92252e-06,3.2696e-07,7.716000000000001e-07,0.9994,0.9994,-0.2049,,,,,,,,,,,,,,,,,1.0,0.7114,1.0,0.6902,0.4254,-0.8901,,,,,,,,,,,,,,,,,,,,
20,BH,BH0027,J1745-2900          ,4855.4,337.0,462011.4,2005-02-27T06:52:55,0.00048116900000000004,0.8301999999999999,7.0,,,,,,,,,13.238474333111144,13.620377263956676,13.392598596697974,4.629749999999999e-06,1.3845e-06,2.80575e-06,0.9994,0.9994,-0.9994,,,,,,,,,,,,,,,,,1.0,0.7926,1.0,0.6102,0.0056,-1.0,,,,,,,,,,,,,,,,,,,,
21,BH,BH0027,J1745-2900          ,29759.7,337.0,462011.4,2006-07-17T04:15:24,0.00048116900000000004,0.8301999999999999,7.0,,,,,,,,,13.816753651572242,14.126679398184601,13.96078423409605,4.0593499999999995e-06,1.29875e-06,1.8235e-06,,0.9994,,,,,,,,,,,,,,,,,,,,1.0,0.9063,,,,,,,,,,,,,,,,,,,,,,
22,BH,BH0027,J1745-2900          ,4490.4,337.0,462011.4,2006-04-11T05:48:19,0.00048116900000000004,0.8301999999999999,7.0,,,,,,,,,13.687484144336613,14.79279664069197,14.093880542454439,1.260016e-05,3.1776e-07,1.2493999999999998e-06,0.9994,0.9994,-0.9994,,,,,,,,,,,,,,,,,1.0,0.6115,1.0,0.4291,0.123,-1.0,,,,,,,,,,,,,,,,,,,,
23,BH,BH0027,J1745-2900          ,5097.1,337.0,462011.4,2006-05-03T22:42:45,0.00048116900000000004,0.8301999999999999,7.0,,,,,,,,,13.804259433620778,14.884888964495651,14.089108911355472,3.233125e-06,5.14225e-07,1.715e-06,0.9994,0.9994,-0.9994,,,,,,,,,,,,,,,,,1.0,0.6802,1.0,0.534,0.1543,-1.0,,,,,,,,,,,,,,,,,,,,
24,BH,BH0027,J1745-2900          ,5060.4,337.0,462011.4,2006-06-01T16:24:57,0.00048116900000000004,0.8301999999999999,7.0,,,,,,,,,13.487446338627908,13.964010243063573,13.724366212248986,1.17798e-05,1.8973999999999998e-06,3.1204000000000002e-06,0.9994,0.9994,-0.9994,,,,,,,,,,,,,,,,,1.0,0.8651,1.0,0.7639,0.0856,-1.0,,,,,,,,,,,,,,,,,,,,
25,BH,BH0027,J1745-2900          ,5106.3,337.0,462011.4,2006-07-04T11:20:29,0.00048116900000000004,0.8301999999999999,7.0,,,,,,,,,14.023161122632956,inf,inf,1.5714966666666664e-05,0.0,0.0,,,,,,,,,,,,,,,,,,,,,,,,,,,,,,,,,,,,,,,,,,,,,
26,BH,BH0027,J1745-2900          ,4979.9,337.0,462011.4,2006-07-30T14:45:37,0.00048116900000000004,0.8301999999999999,7.0,,,,,,,,,13.551435892317178,14.130299026326123,13.838751819667262,1.3555160000000003e-05,1.4911999999999998e-06,2.6508e-06,0.9994,0.9994,-0.9994,,,,,,,,,,,,,,,,,1.0,0.8151,1.0,0.7039,0.1068,-1.0,,,,,,,,,,,,,,,,,,,,
27,BH,BH0027,J1745-2900          ,4980.9,337.0,462011.4,2006-08-22T06:09:57,0.00048116900000000004,0.8301999999999999,7.0,,,,,,,,,14.053803277496154,inf,inf,1.055734e-05,0.0,0.0,0.9994,0.9994,-0.9994,,,,,,,,,,,,,,,,,1.0,0.1743,1.0,-0.2205,-0.0244,-1.0,,,,,,,,,,,,,,,,,,,,
28,BH,BH0027,J1745-2900          ,5112.4,337.0,462011.4,2006-09-25T14:04:53,0.00048116900000000004,0.8301999999999999,7.0,,,,,,,,,13.92389684106562,15.863200189255762,14.251618134792901,2.6573000000000004e-06,2.211e-07,1.2775e-06,0.9994,0.9994,-0.9994,,,,,,,,,,,,,,,,,1.0,0.624,1.0,0.4678,0.1643,-1.0,,,,,,,,,,,,,,,,,,,,
29,BH,BH0027,J1745-2900          ,5097.1,337.0,462011.4,2006-10-29T03:44:33,0.00048116900000000004,0.8301999999999999,7.0,,,,,,,,,13.426484401081515,13.83768432366956,13.588056377313292,5.832600000000001e-06,2.226825e-06,3.94905e-06,0.7658,0.9994,0.7395,,,,,,,,,,,,,,,,,0.92,0.5465,1.0,0.7027,1.0,-0.0294,,,,,,,,,,,,,,,,,,,,
30,BH,BH0027,J1745-2900          ,5078.8,337.0,462011.4,2007-02-11T06:36:01,0.00048116900000000004,0.8301999999999999,7.0,,,,,,,,,13.605526429882586,14.302661661259812,13.83743559347698,3.4349999999999997e-06,4.98075e-07,1.8514999999999998e-06,0.757,0.9994,-0.0487,,,,,,,,,,,,,,,,,0.9638,0.4154,1.0,0.4478,0.7114,-0.4978,,,,,,,,,,,,,,,,,,,,
31,BH,BH0027,J1745-2900          ,5084.9,337.0,462011.4,2007-03-25T23:10:34,0.00048116900000000004,0.8301999999999999,7.0,,,,,,,,,13.852434968319045,inf,inf,1.3781824999999999e-05,0.0,0.0,,,,,,,,,,,,,,,,,,,,,,,,,,,,,,,,,,,,,,,,,,,,,
32,BH,BH0027,J1745-2900          ,4977.8,337.0,462011.4,2007-05-17T01:28:58,0.00048116900000000004,0.8301999999999999,7.0,,,,,,,,,13.917663512908941,inf,14.492481444423575,1.5007333333333333e-06,0.0,0.0,,,,,,,,,,,,,,,,,,,,,,,,,,,,,,,,,,,,,,,,,,,,,
33,BH,BH0027,J1745-2900          ,4980.7,337.0,462011.4,2007-07-20T02:50:53,0.00048116900000000004,0.8301999999999999,7.0,,,,,,,,,13.912985661251057,inf,inf,1.256448e-05,0.0,0.0,0.9994,0.9994,-0.9994,,,,,,,,,,,,,,,,,1.0,0.2117,1.0,-0.0019,0.1743,-1.0,,,,,,,,,,,,,,,,,,,,
34,BH,BH0027,J1745-2900          ,4977.8,337.0,462011.4,2007-09-02T20:36:43,0.00048116900000000004,0.8301999999999999,7.0,,,,,,,,,13.550022025336878,14.163675884293248,13.844360366240224,1.4470140000000002e-05,1.032e-06,2.2352e-06,0.9994,0.9994,-0.9994,,,,,,,,,,,,,,,,,1.0,0.8151,1.0,0.609,-0.0456,-1.0,,,,,,,,,,,,,,,,,,,,
35,BH,BH0027,J1745-2900          ,5005.3,337.0,462011.4,2007-10-26T10:23:56,0.00048116900000000004,0.8301999999999999,7.0,,,,,,,,,13.959684515528911,inf,14.502241281712733,2.3506999999999998e-06,5.285e-08,1.0931249999999998e-06,0.7108,0.9994,0.0162,,,,,,,,,,,,,,,,,0.9563,0.2742,1.0,0.3079,0.7676,-0.4641,,,,,,,,,,,,,,,,,,,,
36,BH,BH0027,J1745-2900          ,27601.2,337.0,462011.4,2008-05-05T04:18:06,0.00048116900000000004,0.8301999999999999,7.0,,,,,,,,,14.074785919501487,14.583239371108442,14.306331078102144,3.99418e-06,9.374057999999999e-07,1.3852999999999999e-06,0.9194,0.9994,0.5871,,,,,,,,,,,,,,,,,0.9825,0.8264,1.0,0.8763,1.0,-0.0943,,,,,,,,,,,,,,,,,,,,
37,BH,BH0027,J1745-2900          ,26801.3,337.0,462011.4,2008-05-06T03:23:51,0.00048116900000000004,0.8301999999999999,7.0,,,,,,,,,14.479844113055135,inf,inf,2.56282e-06,1.0858000000000001e-07,4.3278000000000004e-07,0.9994,0.9994,-0.3923,,,,,,,,,,,,,,,,,1.0,0.7114,1.0,0.6552,0.2592,-1.0,,,,,,,,,,,,,,,,,,,,
38,BH,BH0027,J1745-2900          ,27685.9,337.0,462011.4,2008-05-10T03:35:12,0.00048116900000000004,0.8301999999999999,7.0,,,,,,,,,14.036998390424486,14.524590338587032,14.258218303856834,3.3050420000000004e-06,5.616e-07,9.568e-07,0.9994,0.9994,-0.9994,,,,,,,,,,,,,,,,,1.0,0.9151,1.0,0.8476,0.0893,-1.0,,,,,,,,,,,,,,,,,,,,
39,BH,BH0027,J1745-2900          ,27436.9,337.0,462011.4,2008-05-11T03:57:17,0.00048116900000000004,0.8301999999999999,7.0,,,,,,,,,13.825630798603939,14.124013228571512,13.97600719539353,3.81436e-06,1.0698e-06,1.5102e-06,0.9994,0.9994,-0.1449,,,,,,,,,,,,,,,,,1.0,0.9001,1.0,0.8951,0.5228,-0.7926,,,,,,,,,,,,,,,,,,,,
40,BH,BH0027,J1745-2900          ,27775.0,337.0,462011.4,2008-07-26T21:38:28,0.00048116900000000004,0.8301999999999999,7.0,,,,,,,,,14.099742141562222,14.75168335965822,14.386940824310482,3.76498e-06,6.249999999999999e-07,1.02e-06,0.9994,0.9994,-0.9981,,,,,,,,,,,,,,,,,1.0,0.8626,1.0,0.8389,0.2854,-1.0,,,,,,,,,,,,,,,,,,,,
41,BH,BH0027,J1745-2900          ,28808.1,337.0,462011.4,2008-07-25T22:06:04,0.00048116900000000004,0.8301999999999999,7.0,0.002508,0.002198,0.002331,0.0001177,0.601,0.925,0.252,0.0,13.703445371496866,13.939031772783387,13.822787393848005,4.029039999999999e-06,1.3224e-06,1.7709999999999999e-06,0.9994,0.9994,0.9394,,,,,,,,,,,,,,,,,1.0,0.8801,1.0,0.9138,1.0,-0.1655,,,,,,,,,,,,,,,,,,,,
42,BH,BH0027,J1745-2900          ,112545.7,337.0,462011.4,2009-05-18T02:39:30,0.00048116900000000004,0.8301999999999999,7.0,0.0023055000000000003,0.002288,0.002297,6.947e-06,0.2435,0.502,0.062,0.0,13.951789000990983,14.109120894078805,14.03190482065913,2.27788e-06,1.2827728e-06,1.5249040000000001e-06,0.9282,0.9569,0.1549,13.742321425130816,2.434,667.7,4.363e-05,1.259,13.722620025332745,13.611011214875285,14.049197177035342,1.165,375.4,2.367e-06,1.324,13.724688645458189,4.97,576.4,1.273,0.9625,0.8888,0.9888,0.9138,0.564,-0.263,13.615825861192967,14.044552789422305,3.404,1.57,911.1,469.9,0.0002025,1.074e-05,8.915e-07,6.492e-06,14.141643294702227,13.607303046740334,24.98,2.54,753.7,433.3,1.505,0.9316,535.1,252.3
43,BH,BH0027,J1745-2900          ,78931.9,337.0,462011.4,2010-05-13T02:27:47,0.00048116900000000004,0.8301999999999999,7.0,0.0023715,0.0021105,0.0022389999999999997,0.00012545,0.6094999999999999,0.9,0.37649999999999995,0.0,13.934465696251806,14.125083988970598,14.03055240208006,2.543434e-06,1.201e-06,1.4622e-06,0.9994,0.9994,0.9994,,,,,,,,,,,,,,,,,1.0,0.9363,1.0,0.9613,1.0,-0.0893,,,,,,,,,,,,,,,,,,,,
44,BH,BH0027,J1745-2900          ,17830.2,337.0,462011.4,2011-03-29T10:44:55,0.00048116900000000004,0.8301999999999999,7.0,,,,,,,,,13.700841497207753,14.063411870855752,13.891358541753098,6.779039999999998e-06,1.228256e-06,1.85094e-06,0.8557,0.9994,0.9994,,,,,,,,,,,,,,,,,0.9513,0.7127,1.0,0.8551,1.0,0.1043,,,,,,,,,,,,,,,,,,,,
45,BH,BH0027,J1745-2900          ,17827.6,337.0,462011.4,2011-03-31T10:44:54,0.00048116900000000004,0.8301999999999999,7.0,,,,,,,,,13.942000127220341,14.610196237025571,14.256333478553787,6.1804399999999996e-06,4.1924e-07,9.170400000000001e-07,0.8882,0.9994,-0.6221,,,,,,,,,,,,,,,,,0.9975,0.6902,1.0,0.4653,0.0581,-0.9425,,,,,,,,,,,,,,,,,,,,
46,BH,BH0027,J1745-2900          ,13668.1,337.0,462011.4,2013-05-12T11:00:56,0.00048116900000000004,0.8301999999999999,7.0,0.23133174999999997,0.2303711,0.2304618,0.00015743500094075001,0.42650000000000005,0.2495,0.20575,0.0,11.332319050996109,11.344911165988124,11.33837227435186,0.0005836648,0.0005647110000000001,0.000574519,0.9894,0.9956,0.371,10.991399828238082,3.897,1733.0,0.3512,0.821,10.99610883376309,10.988429556402721,11.00493546584386,0.9305,1122.0,0.004736,0.884,10.99012436628784,2.202,1444.0,0.831,0.9913,0.9888,0.9963,0.9938,0.5053,0.2255,10.982132281036494,11.007093181776687,4.045,3.752,1795.0,1673.0,0.4543,0.2734,0.004122,0.005459,10.99956592252068,10.98296666070122,2.334,2.082,1489.0,1402.0,0.9535,0.9081,1162.0,1084.0
47,BH,BH0027,J1745-2900          ,16840.2,337.0,462011.4,2013-06-04T09:02:45,0.00048116900000000004,0.8301999999999999,7.0,0.19443775000000002,0.1936666,0.19373095,0.00011012749999999999,0.6970000000000001,0.53,0.2445,0.5,11.422095701472662,11.434726065074877,11.428165113011143,0.0004920759999999999,0.0004761864,0.00048415999999999997,0.9894,0.9956,0.4197,11.079772288543072,4.465,1898.0,0.7485,0.944,11.087034379295897,11.079615757821642,11.096313268263497,0.843,1226.0,0.006926,1.018,11.082757142092534,1.788,1549.0,0.958,0.99,0.9875,0.9963,0.9938,0.5453,0.2942,11.072167867133418,11.102043189993049,4.537,4.32,1939.0,1838.0,0.9692,0.5827,0.006022,0.007999,11.093234110459273,11.07546228222451,1.875,1.708,1593.0,1507.0,0.8621,0.8242,1266.0,1187.0
48,BH,BH0027,J1745-2900          ,36341.0,337.0,462011.4,2013-10-23T09:21:39,0.00048116900000000004,0.8301999999999999,7.0,0.105069625,0.10468525,0.10470529999999999,5.30275e-05,0.6637500000000001,0.435,0.215,0.25,11.70703733497113,11.717944583947324,11.712306409426215,0.000264047,0.00025582339999999994,0.00026002859999999997,0.9881,0.9944,0.3973,11.357337668557964,4.569,1852.0,0.4488,0.949,11.36291072646967,11.356251314540474,11.370794342897696,0.8245,1177.0,0.00402,0.967,11.358922686674626,1.704,1504.0,0.931,0.99,0.9875,0.995,0.9938,0.5091,0.2755,11.349692476868064,11.372634143407268,4.581,4.473,1868.0,1812.0,0.6316,0.3803,0.003532,0.004585,11.367441485467328,11.351737594251956,1.777,1.635,1544.0,1466.0,0.8414,0.8079,1213.0,1142.0
49,BH,BH0027,J1745-2900          ,19819.3,337.0,462011.4,2013-04-06T01:38:38,0.00048116900000000004,0.8301999999999999,7.0,,,,,,,,,13.949858532964406,14.74366236787365,14.331353212201343,8.00412e-06,5.0446e-07,1.00292e-06,0.7358,0.9994,0.9994,,,,,,,,,,,,,,,,,0.9063,0.4903,1.0,0.7002,1.0,0.0656,,,,,,,,,,,,,,,,,,,,
50,BH,BH0027,J1745-2900          ,19827.7,337.0,462011.4,2013-04-14T16:04:12,0.00048116900000000004,0.8301999999999999,7.0,,,,,,,,,13.80015709534861,14.2653601610123,14.058190526991162,9.056700000000001e-06,1.1759999999999998e-06,1.7054e-06,0.9994,0.9994,-0.9994,,,,,,,,,,,,,,,,,1.0,0.9325,1.0,0.8501,-0.0493,-1.0,,,,,,,,,,,,,,,,,,,,
51,BH,BH0027,J1745-2900          ,18202.1,337.0,462011.4,2013-10-17T16:03:38,0.00048116900000000004,0.8301999999999999,7.0,0.10755725,0.1073345,0.10734777499999999,4.1135e-05,0.5589999999999999,0.482,0.1775,0.25,11.600400556147905,11.615604959754501,11.6077352264712,0.000269764,0.0002588298,0.0002644064,0.9856,0.9944,0.4272,11.361810359809162,4.583,1848.0,0.4582,0.987,11.364114314718726,11.35487260074161,11.37757872602433,0.8233,1168.0,0.004039,0.975,11.360812440064246,1.68,1507.0,0.964,0.9875,0.9838,0.9963,0.9925,0.5778,0.273,11.349401101827343,11.407712184047869,4.6,4.468,1871.0,1799.0,,0.3755,0.003366,0.004875,11.375821074251977,11.351639989019068,1.781,1.587,1564.0,1453.0,0.8473,0.7999,1220.0,1118.0
52,BH,BH0027,J1745-2900          ,18202.8,337.0,462011.4,2013-09-20T07:19:01,0.00048116900000000004,0.8301999999999999,7.0,0.09523548000000001,0.09477485999999999,0.09492063999999999,0.00014934600000000002,0.6944,0.6548,0.34199999999999997,0.4,11.549166373704885,11.563544867438504,11.556079065969916,0.0003008382,0.00028741248000000005,0.00029432154000000007,0.9894,0.9981,0.6421,11.308918507877031,4.386,1839.0,0.3801,1.175,11.31238187042823,11.303556236861,11.325047051951435,0.8528,1183.0,0.003775,1.158,11.307241181845276,1.821,1507.0,1.148,0.9913,0.9875,0.9988,0.9975,0.7814,0.4791,11.298863933907473,11.331427730815442,4.557,4.212,1915.0,1766.0,0.5195,0.281,0.003198,0.004481,11.316502682320188,11.298863933907473,1.93,1.722,1561.0,1456.0,0.8761,0.8301,1231.0,1137.0
53,BH,BH0027,J1745-2900          ,18201.7,337.0,462011.4,2013-08-31T10:40:30,0.00048116900000000004,0.8301999999999999,7.0,0.126306475,0.125827975,0.1258731,8.3630125e-05,0.45925000000000005,0.50925,0.23925,0.0,11.618828257037215,11.63298804590612,11.625768240121738,0.00031826759999999994,0.00030507282000000007,0.00031185736,0.9869,0.9969,0.6658,11.279262022981575,4.286,1818.0,0.3463,1.15,11.279096829186543,11.270592203036932,11.29183414214446,0.8761,1150.0,0.003443,1.071,11.279923427231859,1.894,1490.0,1.095,0.9888,0.985,0.9975,0.9963,0.7914,0.5303,11.268491816403975,11.304518323509802,4.462,4.117,1895.0,1744.0,0.4712,0.2573,0.002928,0.004069,11.296966695266313,11.270025714300445,2.008,1.79,1544.0,1438.0,0.8997,0.8531,1198.0,1104.0
54,BH,BH0027,J1745-2900          ,18202.3,337.0,462011.4,2013-07-02T07:08:03,0.00048116900000000004,0.8301999999999999,7.0,0.16877675,0.16836055,0.168446025,0.00011708500000000001,0.54175,0.65025,0.25325,0.25,11.486544242730941,11.500919841761089,11.493455111743511,0.00042393939999999994,0.00040972539999999997,0.0004171534,0.9831,0.9944,0.5122,11.148925194771113,4.507,1886.0,0.6763,1.029,11.154034238454516,11.146910470148134,11.164436248330903,0.8463,1185.0,0.005663,1.043,11.151749285322957,1.775,1524.0,1.019,0.985,0.9813,0.9963,0.9938,0.619,0.3954,11.14086170270547,11.172760000494355,4.556,4.355,1919.0,1823.0,0.8858,0.5187,0.004887,0.006585,11.166852888087215,11.143996546002779,1.865,1.692,1571.0,1480.0,0.8666,0.8267,1228.0,1145.0
55,BH,BH0027,J1745-2900          ,45410.5,337.0,462011.4,2013-07-27T01:41:25,0.00048116900000000004,0.8301999999999999,7.0,0.12007286000000002,0.11993133999999998,0.11993916000000002,1.93346e-05,0.1992,0.19,0.20259999999999997,0.0,11.442543177973231,11.450599000906298,11.446444030449275,0.0003750642,0.000366304,0.0003708074,0.9894,0.9944,0.3186,11.185685799792541,4.439,1876.0,0.5529,0.956,11.192735644723893,11.18775530319963,11.197842246813039,0.8485,1199.0,0.005129,1.035,11.189229988765636,1.806,1527.0,0.959,0.99,0.9888,0.995,0.9938,0.4091,0.2292,11.18045606445813,11.19327749692382,4.529,4.337,1918.0,1833.0,0.6621,0.4633,0.004654,0.005662,11.196338076763777,11.184023999028014,1.867,1.748,1557.0,1497.0,0.8619,0.8355,1227.0,1173.0
56,BH,BH0027,J1745-2900          ,45675.0,337.0,462011.4,2013-08-11T23:12:57,0.00048116900000000004,0.8301999999999999,7.0,0.13871375,0.138247275,0.138273275,6.24905925e-05,0.54575,0.6525,0.2005,0.0,11.585192483956243,11.594104723038777,11.58950117535818,0.00034155599999999997,0.00033345459999999994,0.0003376076,0.9894,0.9944,0.2786,11.233438447362468,4.473,1878.0,0.5224,1.079,11.238673677578543,11.23395913961861,11.244735108587752,0.8456,1195.0,0.004685,1.06,11.235749124561227,1.782,1527.0,1.036,0.99,0.9888,0.995,0.9938,0.3704,0.1855,11.228192121000895,11.241693818274694,4.54,4.367,1914.0,1834.0,0.6298,0.4348,0.004235,0.005191,11.243059763953276,11.230401151612554,1.844,1.724,1560.0,1496.0,0.8594,0.8322,1224.0,1167.0
57,BH,BH0027,J1745-2900          ,45410.1,337.0,462011.4,2013-09-14T00:21:06,0.00048116900000000004,0.8301999999999999,7.0,0.098422,0.09789447999999999,0.09797962,9.708600000005384e-05,0.40659999999999996,0.35700000000000004,0.3572,0.6,11.648325900052466,11.657358332053578,11.65265292554047,0.0003075028,0.000299534,0.0003036518,0.9869,0.9944,0.3998,11.297483302561849,4.558,1865.0,0.5088,1.049,11.303206914918256,11.297914278564175,11.30989256054367,0.8294,1186.0,0.004473,1.072,11.29964247217734,1.717,1516.0,1.027,0.9888,0.9863,0.995,0.9938,0.4916,0.3079,11.291664097317737,11.308123177440669,4.568,4.48,1879.0,1833.0,0.68,0.445,0.004013,0.004989,11.306360973838451,11.294478386577333,1.778,1.659,1549.0,1483.0,0.8437,0.8155,1216.0,1156.0
58,BH,BH0027,J1745-2900          ,42688.8,337.0,462011.4,2013-10-04T17:42:19,0.00048116900000000004,0.8301999999999999,7.0,0.11179117499999999,0.111483775,0.11150929999999999,4.94838e-05,0.4515,0.6140000000000001,0.1865,0.0,11.584913541399395,11.594655518412429,11.589607688332702,0.0002786128,0.0002705904,0.000274675,0.9894,0.9944,0.2848,11.330125497510197,4.566,1858.0,0.4769,1.115,11.334606649720287,11.329290404776202,11.342179543984303,0.8289,1176.0,0.004149,1.114,11.331427730815442,1.707,1510.0,1.085,0.99,0.9875,0.995,0.9938,0.3891,0.1718,11.323489289717447,11.343518484209502,4.577,4.492,1872.0,1826.0,,0.4195,0.0037,0.004662,11.338944915146621,11.32550628270365,1.771,1.646,1545.0,1476.0,0.8441,0.8141,1208.0,1144.0
59,BH,BH0027,J1745-2900          ,45410.1,337.0,462011.4,2013-10-28T14:50:30,0.00048116900000000004,0.8301999999999999,7.0,0.08167363999999999,0.08082094000000001,0.08089942,0.00012519480000000002,0.518,0.5398,0.3842,0.8,11.616580839216809,11.626370531911524,11.621266377475525,0.0002576868,0.0002497792,0.0002538228,0.9881,0.9944,0.3923,11.369267107182804,4.557,1876.0,0.4324,1.128,11.380906669373257,11.375305468727918,11.388595362288406,0.7962,1265.0,0.004978,1.191,11.37685412536206,1.59,1596.0,1.122,0.9888,0.9863,0.995,0.9938,0.4966,0.2867,11.363612414186843,11.380280734388274,4.567,4.531,1890.0,1861.0,,0.4148,0.004401,0.005646,11.384892012556806,11.371202514433289,1.65,1.534,1634.0,1559.0,0.8113,0.7814,1300.0,1231.0
60,BH,BH0027,J1745-2900          ,17022.2,337.0,462011.4,2014-06-03T03:20:11,0.00048116900000000004,0.8301999999999999,7.0,0.06417666666666667,0.0638885,0.06395416666666667,8.284333333333334e-05,0.618,0.4666666666666666,0.18399999999999997,0.0,11.940980074108532,11.964614413996454,11.95224494773333,0.00012736573999999997,0.0001167957,0.00012221715999999997,0.9869,0.9956,0.5109,11.714667772356115,4.554,1890.0,0.2055,0.691,11.714217726220605,11.696156225111345,11.753747687700677,0.8312,1199.0,0.001781,0.669,11.711080394338273,1.7,1547.0,0.667,0.99,0.9838,0.9975,0.9925,0.7364,0.2617,11.690582774221859,11.826813731587727,4.58,4.334,1927.0,1795.0,0.4424,0.14,0.001331,0.002421,11.754240644032723,11.693574972449312,1.871,1.553,1644.0,1457.0,0.8706,0.7936,1287.0,1117.0
61,BH,BH0027,J1745-2900          ,41783.4,337.0,462011.4,2014-03-14T10:40:27,0.00048116900000000004,0.8301999999999999,7.0,0.065230075,0.065039975,0.06509632499999998,4.275749999999999e-05,0.5595,0.643,0.21925,0.25,11.825133947499245,11.83802366296602,11.831381805870102,0.00016750040000000003,0.00016039514,0.00016404139999999997,0.9919,0.9944,0.1512,11.577574323628795,4.61,1806.0,0.2791,1.071,11.58352592089978,11.575608445589722,11.593459819566045,0.7936,1197.0,0.00305,1.034,11.580870692258024,1.588,1514.0,1.019,0.9925,0.99,0.995,0.9925,0.3192,-0.0081,11.569602408613033,11.597910649427904,4.624,4.561,1824.0,1782.0,,0.257,0.002641,0.003535,11.591251393815757,11.573163546196492,1.659,1.521,1558.0,1471.0,0.8112,0.7762,1237.0,1159.0
62,BH,BH0027,J1745-2900          ,45411.2,337.0,462011.4,2014-04-04T02:42:16,0.00048116900000000004,0.8301999999999999,7.0,0.059830400000000006,0.05758835,0.058604425,0.0009632524999999999,0.7709999999999999,0.7995,0.46975,0.25,11.857281964865223,11.870304067025549,11.863542308097815,0.00015151440000000003,0.00014511376,0.00014841752,0.9856,0.9956,0.5072,11.627087997029893,4.596,1835.0,0.2507,1.208,11.631713115097869,11.623788149717328,11.644165504115064,0.8117,1175.0,0.002366,1.274,11.628747370875061,1.638,1512.0,1.222,0.9875,0.9838,0.9963,0.9938,0.6315,0.3766,11.61546738450575,11.65777477063921,4.611,4.535,1854.0,1808.0,,0.2257,0.002012,0.002792,11.642446280256918,11.620513186282727,1.722,1.56,1560.0,1465.0,0.8324,0.7915,1220.0,1132.0
63,BH,BH0027,J1745-2900          ,44955.8,337.0,462011.4,2014-04-28T03:04:50,0.00048116900000000004,0.8301999999999999,7.0,0.0561196,0.055953325,0.056007225,3.90345e-05,0.33475,0.5415,0.19624999999999998,0.0,11.981114840645828,11.994612277190079,11.987611553174355,0.00014358665999999998,0.0001375019,0.00014061519999999998,0.9894,0.9969,0.5084,11.641113795594132,4.591,1831.0,0.2399,0.892,11.647046088289912,11.63940658643475,11.65856547542186,0.797,1209.0,0.002595,0.931,11.643018599006869,1.607,1530.0,0.888,0.99,0.9875,0.9975,0.995,0.6527,0.3442,11.630598586303377,11.661543506395395,4.605,4.531,1850.0,1804.0,,0.2169,0.002207,0.003062,11.656985502849233,11.634699251362013,1.688,1.531,1579.0,1483.0,0.8171,0.7775,1255.0,1166.0
64,BH,BH0027,J1745-2900          ,45409.6,337.0,462011.4,2014-05-20T00:38:15,0.00048116900000000004,0.8301999999999999,7.0,0.052208449999999997,0.0519796,0.051994574999999994,3.778575e-05,0.30625,0.35275,0.25475000000000003,0.25,11.92300740368085,11.93696205799419,11.929647430143818,0.00013197620000000003,0.0001267388,0.0001289406,0.9894,0.9919,0.1512,11.67366413907125,4.608,1803.0,0.2228,0.828,11.679853713888946,11.671212799645465,11.691008970999835,0.7968,1179.0,0.00236,0.75,11.677160727313678,1.586,1510.0,0.763,0.99,0.9863,0.9938,0.99,0.2992,0.0056,11.664341547710698,11.694433686484697,4.624,4.552,1823.0,1777.0,,0.2025,0.002007,0.002789,11.689944262249108,11.668775218979267,1.665,1.511,1562.0,1461.0,0.8168,0.7773,1225.0,1134.0
65,BH,BH0027,J1745-2900          ,41453.3,337.0,462011.4,2014-07-16T23:01:21,0.00048116900000000004,0.8301999999999999,7.0,0.0401001,0.0398896,0.039898325,2.25426605e-05,0.15975,0.34750000000000003,0.27325,0.25,12.034588613128653,12.051289781191686,12.042496630446049,0.0001029444,9.695194e-05,0.00010000824,0.9894,0.9919,0.1149,11.796695083861517,4.603,1831.0,0.1712,1.079,11.802995271976954,11.792634962530927,11.821023052706831,0.7983,1201.0,0.001798,1.047,11.799149501908923,1.583,1540.0,1.039,0.9913,0.9875,0.9938,0.9888,0.3004,-0.0768,11.783570169123749,11.83386602969489,4.621,4.533,1856.0,1799.0,,0.1523,0.001471,0.002214,11.820448208834812,11.788345599446817,1.682,1.492,1604.0,1479.0,0.8232,0.774,1259.0,1146.0
66,BH,BH0027,J1745-2900          ,42689.3,337.0,462011.4,2014-08-02T03:52:16,0.00048116900000000004,0.8301999999999999,7.0,0.050499999999999996,0.04921396666666667,0.049797966666666665,0.0005716333333333334,0.9269999999999999,0.9460000000000001,0.3973333333333333,0.6666666666666666,12.068630624555958,12.08565623455132,12.076864361211907,9.689312e-05,9.125688e-05,9.41702e-05,0.9856,0.9944,0.4422,11.82564940252062,4.622,1787.0,0.1603,0.789,11.830325565941193,11.81901441921327,11.846490010699162,0.7939,1161.0,0.001693,0.764,11.827981190575443,1.585,1487.0,0.755,0.9875,0.9825,0.9963,0.9925,0.6127,0.2717,11.81219736128158,11.869666231504993,4.64,4.538,1811.0,1750.0,,0.1386,0.001387,0.002078,11.849857838151442,11.816730156317195,1.684,1.494,1549.0,1428.0,0.8185,0.7699,1217.0,1108.0
67,BH,BH0027,J1745-2900          ,34526.7,337.0,462011.4,2014-08-30T05:04:10,0.00048116900000000004,0.8301999999999999,7.0,0.0347555,0.03463972500000001,0.034662025000000006,2.8867499999999998e-05,0.527,0.54625,0.225,0.0,12.100092674704307,12.119593992857437,12.10952420877253,0.00011087375,0.00010582400000000001,0.00010842377500000001,0.9894,0.9919,0.0974,11.876801924968001,4.659,1762.0,0.1481,1.281,11.88706002391592,11.87321942298799,11.912218582190457,0.7519,1219.0,0.002138,1.241,11.883060353449244,1.436,1544.0,1.224,0.9913,0.9863,0.9938,0.9875,0.3104,-0.1106,11.862329462763245,11.919734372660155,4.681,4.605,1789.0,1733.0,,0.1355,0.001681,0.002741,11.90763030037088,11.869666231504993,1.535,1.345,1618.0,1474.0,0.7787,0.7258,1287.0,1156.0
68,BH,BH0027,J1745-2900          ,36340.6,337.0,462011.4,2014-10-20T08:33:37,0.00048116900000000004,0.8301999999999999,7.0,0.0419765,0.04178333333333334,0.04182803333333334,5.088666666666666e-05,0.3416666666666666,0.5723333333333334,0.17400000000000002,0.0,12.134146137621507,12.154037783287787,12.143594837013403,0.00010126145,9.660265e-05,9.9010575e-05,0.9881,0.9956,0.411,11.9051796196452,4.61,1817.0,0.1345,0.954,11.911863911299449,11.89859664944467,11.937794191180288,0.7801,1232.0,0.00164,0.96,11.908333042404315,1.535,1554.0,0.931,0.99,0.985,0.9975,0.9938,0.6265,0.1793,11.88941028970075,11.957818405484234,4.631,4.533,1845.0,1782.0,,0.1184,0.001296,0.002095,11.933301449577005,11.895171596346344,1.646,1.436,1627.0,1485.0,0.8083,0.7527,1299.0,1169.0
69,BH,BH0027,J1745-2900          ,43414.8,337.0,462011.4,2014-02-21T11:52:43,0.00048116900000000004,0.8301999999999999,7.0,0.074546175,0.06729295,0.07034535,0.0030095475,0.7060000000000001,0.76875,0.53125,2.5,11.79402344663923,11.806458706750513,11.80005808063079,0.00018047320000000002,0.00017318706,0.00017688140000000002,0.9894,0.9956,0.3948,11.548367052543009,4.58,1841.0,0.2931,0.878,11.553307533628473,11.545765104251734,11.563678299860266,0.8213,1174.0,0.002647,0.968,11.549442990581671,1.701,1494.0,0.9,0.99,0.9875,0.9963,0.9938,0.5378,0.2442,11.538651566352017,11.575281662668433,4.593,4.467,1859.0,1796.0,0.4176,0.2418,0.002289,0.003072,11.561299467099264,11.541664374008052,1.783,1.625,1537.0,1452.0,0.8405,0.8025,1214.0,1136.0
70,BH,BH0027,J1745-2900          ,16464.4,337.0,462011.4,2014-07-04T21:12:14,0.00048116900000000004,0.8301999999999999,7.0,0.05775033333333333,0.0572743,0.05742116666666666,0.00014998666666666668,0.6843333333333333,0.7683333333333334,0.26799999999999996,0.6666666666666666,11.99743447386019,12.022661144281768,12.00944793587474,0.00011203605999999999,0.0001033202,0.0001077244,0.9881,0.9994,0.9994,11.78861244706314,4.64,1781.0,0.1851,1.061,11.78887945874195,11.76904044425143,11.833273944419949,0.7903,1148.0,0.001934,1.082,11.785421046429502,1.581,1472.0,1.057,0.9913,0.9838,1.0,0.9975,1.0,0.5565,11.761953896871205,11.910094888560602,4.668,4.457,1818.0,1706.0,,0.1355,0.001409,0.002699,11.83061950468805,11.76624263703449,1.745,1.439,1571.0,1380.0,0.8296,0.7523,1238.0,1066.0
0,BH,BH0030,SAXWFC J1819.4-2524.,25256.9,2.24,11.55864,2002-10-21T03:50:49,1.755e-07,0.30275,0.75,,,,,,,,,15.52432881167557,17.283579266153446,16.053302162754257,2.09548e-07,1.0566e-09,1.7962e-08,-0.9994,0.9994,0.9994,,,,,,,,,,,,,,,,,0.0593,-1.0,1.0,-1.0,1.0,0.0531,,,,,,,,,,,,,,,,,,,,
1,BH,BH0030,SAXWFC J1819.4-2524.,4256.0,2.24,11.55864,2002-08-05T04:22:47,1.755e-07,0.30275,0.75,,,,,,,,,,,,9.546600000000001e-07,0.0,0.0,0.9994,0.9981,-0.9994,,,,,,,,,,,,,,,,,1.0,-0.1793,1.0,-0.253,1.0,-1.0,,,,,,,,,,,,,,,,,,,,
2,BH,BH0030,SAXWFC J1819.4-2524.,9209.3,2.24,11.55864,2004-07-17T11:09:06,1.755e-07,0.30275,0.75,,,,,,,,,14.553618187777557,inf,inf,9.501400000000001e-07,0.0,0.0,0.9981,0.9994,-0.9994,,,,,,,,,,,,,,,,,1.0,-0.203,1.0,-1.0,1.0,-1.0,,,,,,,,,,,,,,,,,,,,
3,BH,BH0030,SAXWFC J1819.4-2524.,18284.8,2.24,11.55864,2004-07-30T18:26:28,1.755e-07,0.30275,0.75,,,,,,,,,14.807098173890434,16.374867684813925,15.466196177528092,5.187399999999999e-07,1.56742e-08,1.3569999999999998e-07,0.9994,0.1636,-0.9994,,,,,,,,,,,,,,,,,1.0,0.3242,0.6302,-0.3654,-0.2342,-1.0,,,,,,,,,,,,,,,,,,,,
4,BH,BH0030,SAXWFC J1819.4-2524.,36445.9,2.24,11.55864,2004-08-10T04:39:07,1.755e-07,0.30275,0.75,,,,,,,,,14.408950240901907,14.993265904653235,14.603091941964735,3.32014e-07,5.6113999999999995e-08,1.5012000000000002e-07,0.9994,0.3086,-0.9994,,,,,,,,,,,,,,,,,1.0,0.6227,0.679,-0.1218,-0.4354,-1.0,,,,,,,,,,,,,,,,,,,,
0,BH,BH0031,GS 1354-645         ,39516.5,2.44,20.263,2010-09-30T23:42:24,1.352975e-07,0.39325,1.75,0.00019950000000000002,0.000135535,0.00013735,6.3755e-06,0.41700000000000004,0.567,0.4835,0.0,15.269661932778208,16.436222366637836,16.05317942869045,4.4446e-07,6.314e-08,1.5822e-07,0.9994,-0.416,-0.9994,,,,,,,,,,,,,,,,,1.0,0.0981,0.0119,-0.7701,-0.4391,-1.0,,,,,,,,,,,,,,,,,,,,
1,BH,BH0031,GS 1354-645         ,19807.2,2.44,20.263,2012-10-31T17:20:25,1.352975e-07,0.39325,1.75,,,,,,,,,15.184887341810187,16.26480045157769,15.627916891425748,6.5396e-07,1.6562e-08,9.718e-08,-0.9994,-0.9994,0.9994,,,,,,,,,,,,,,,,,-0.2392,-1.0,0.3117,-1.0,1.0,0.1593,,,,,,,,,,,,,,,,,,,,
2,BH,BH0031,GS 1354-645         ,19803.6,2.44,20.263,2012-11-03T09:23:02,1.352975e-07,0.39325,1.75,,,,,,,,,15.071412137800477,inf,inf,8.029799999999998e-07,1.2455999999999999e-08,1.0832e-07,0.5147,0.0849,-0.3748,,,,,,,,,,,,,,,,,1.0,-0.148,0.5228,-0.6402,0.0506,-1.0,,,,,,,,,,,,,,,,,,,,
0,BH,BH0032,4U1630-472          ,19260.2,1.84,17.85079,2011-06-16T12:41:48,2.876e-07,0.925,6.0,0.0003667,0.0002512,0.0002563,1.485e-05,0.186,0.226,0.476,0.0,13.865982354324016,14.380750101031033,14.048079926479707,4.963779999999999e-06,1.5756e-07,3.5168e-07,0.9994,0.9994,-0.9994,,,,,,,,,,,,,,,,,1.0,0.7139,1.0,0.4828,0.0356,-1.0,,,,,,,,,,,,,,,,,,,,
0,BH,BH0033,CJ0422+32           ,18792.5,3.65,261.7542,2000-10-10T07:13:38,,,,0.001471,0.0006072,0.0007357500000000001,0.00017155000000000002,0.5955,0.696,0.5820000000000001,1.0,14.376378616634682,14.784671284004467,14.534230620044587,3.4239599999999995e-06,8.06386e-07,2.1151600000000003e-06,-0.5721,-0.0887,0.5222,,,,,,,,,,,,,,,,,-0.3054,-0.7951,0.3579,-0.5091,0.7626,0.2405,,,,,,,,,,,,,,,,,,,,
