#angDist,name,ra,dec,err_ellipse_r0,conf_flag,extent_flag,sat_src_flag,flux_aper_b,flux_aper_lolim_b,flux_aper_hilim_b,flux_aper_w,flux_aper_lolim_w,flux_aper_hilim_w,significance,hard_hm,hard_hm_lolim,hard_hm_hilim,hard_ms,hard_ms_lolim,hard_ms_hilim,var_intra_index_b,var_intra_index_w,var_inter_index_b,var_inter_index_w,solution_id,designation,source_id,random_index,ref_epoch,ra,ra_error,dec,dec_error,parallax,parallax_error,parallax_over_error,pmra,pmra_error,pmdec,pmdec_error,ra_dec_corr,ra_parallax_corr,ra_pmra_corr,ra_pmdec_corr,dec_parallax_corr,dec_pmra_corr,dec_pmdec_corr,parallax_pmra_corr,parallax_pmdec_corr,pmra_pmdec_corr,astrometric_n_obs_al,astrometric_n_obs_ac,astrometric_n_good_obs_al,astrometric_n_bad_obs_al,astrometric_gof_al,astrometric_chi2_al,astrometric_excess_noise,astrometric_excess_noise_sig,astrometric_params_solved,astrometric_primary_flag,astrometric_weight_al,astrometric_pseudo_colour,astrometric_pseudo_colour_error,mean_varpi_factor_al,astrometric_matched_observations,visibility_periods_used,astrometric_sigma5d_max,frame_rotator_object_type,matched_observations,duplicated_source,phot_g_n_obs,phot_g_mean_flux,phot_g_mean_flux_error,phot_g_mean_flux_over_error,phot_g_mean_mag,phot_bp_n_obs,phot_bp_mean_flux,phot_bp_mean_flux_error,phot_bp_mean_flux_over_error,phot_bp_mean_mag,phot_rp_n_obs,phot_rp_mean_flux,phot_rp_mean_flux_error,phot_rp_mean_flux_over_error,phot_rp_mean_mag,phot_bp_rp_excess_factor,phot_proc_mode,bp_rp,bp_g,g_rp,radial_velocity,radial_velocity_error,rv_nb_transits,rv_template_teff,rv_template_logg,rv_template_fe_h,phot_variable_flag,l,b,ecl_lon,ecl_lat,priam_flags,teff_val,teff_percentile_lower,teff_percentile_upper,a_g_val,a_g_percentile_lower,a_g_percentile_upper,e_bp_min_rp_val,e_bp_min_rp_percentile_lower,e_bp_min_rp_percentile_upper,flame_flags,radius_val,radius_percentile_lower,radius_percentile_upper,lum_val,lum_percentile_lower,lum_percentile_upper,datalink_url
0.818169,2CXO J162229.9-263753,245.62494597083105,-26.631414096700755,6.256461418508207,0,0,0,1.0473585663752E-14,5.1253717077933E-15,1.5598957371545E-14,,,,4.4999999999999485,0.34853216739538,0.078076202373516,0.56152404747033,-0.37851342910681,-0.56777014366021,-0.16427232979388,,,0,,1635721458409799680,Gaia DR2 6045470110440052608,6045470110440052608,977656713,2015.5,245.62478944781287,0.04606841571719627,-26.631593190112255,0.022414109517794673,0.8829011110899974,0.04712462278824492,18.735453,5.339396728992199,0.10714771929120208,-5.895929209524223,0.07713861087369991,-0.5192896,-0.039990123,-0.30921903,0.022426993,0.16931608,0.076174736,-0.31818,-0.15326415,0.038167372,-0.2224758,477,0,475,2,-1.524307,424.17462,0.0,0.0,31,false,9.565021,1.4771619113796888,0.006903958558859876,-0.10978345,54,12,0.10804941,0,56,false,489,8012.784680516634,2.849937130981555,2811.5654,15.928907,50,3203.699510326241,10.31287346116381,310.6505,16.58726,52,7180.421898598444,14.413854675558698,498.1611,15.121545,1.2959441,0,1.4657145,0.6583519,0.80736256,,,0,,,,NOT_AVAILABLE,350.72098660659947,16.080454505922752,248.26333949862246,-5.013053399394684,100001,4396.0,4303.92,4474.53,,,,,,,200111,1.2723051,1.2280382,1.3273281,0.5446381,0.48018384,0.60909235,https://gea.esac.esa.int/data-server/datalink/links?ID=Gaia+DR2+6045470110440052608
0.652164,2CXO J162250.5-262850,245.710826233602,-26.480704283166933,3.974291994630663,0,0,0,7.7282928567061E-15,3.0913171426824E-15,1.2172061249312E-14,,,,1.739130434782606,0.25359150530918,-0.51655215490319,0.65896314803248,-0.44472204871955,-0.79138038725796,0.033104309806371,,,0,,1635721458409799680,Gaia DR2 6045477566503686144,6045477566503686144,941748875,2015.5,245.71088629616108,0.0586188080619795,-26.48087727894007,0.028040825886598963,0.7811190791329173,0.06294666906688036,12.409221,8.642504150054314,0.1348481474975935,-5.0111680025097165,0.09535272424855816,-0.49470332,-0.033422023,-0.17674172,-0.0851702,0.16866821,-0.061531186,-0.20901342,-0.19631265,0.122952275,-0.06432117,500,0,499,1,0.2989737,502.78238,0.0,0.0,31,false,5.1513934,1.4477363193773132,0.00874523192075578,-0.100804254,57,11,0.1272372,0,59,false,518,4489.845239782604,38.6807085359306,116.07453,16.557787,45,1929.9702233580954,56.4864492303191,34.166958,17.137512,45,4991.995951287544,131.66795919210725,37.91352,15.516234,1.5416937,0,1.6212778,0.57972527,1.0415525,,,0,,,,NOT_AVAILABLE,350.8908434450856,16.125337996808383,248.3147004780514,-4.851721819476923,102001,4467.5,4141.0,4859.75,,,,,,,200111,1.0263386,0.86734504,1.1945636,0.37803692,0.31294325,0.44313058,https://gea.esac.esa.int/data-server/datalink/links?ID=Gaia+DR2+6045477566503686144
0.169542,2CXO J162317.2-263330,245.8219830552148,-26.558363900965947,1.0567779494899174,0,0,0,9.4716588808599E-16,5.0257781816808E-16,1.3917539580039E-15,,,,4.514285714285623,-0.99937539038101,-1.0,-0.1155527795128,-0.64584634603373,-0.80637101811368,-0.46033728919425,0,,0,,1635721458409799680,Gaia DR2 6045464436777542784,6045464436777542784,1343752734,2015.5,245.82193467616858,0.19762506445620046,-26.558382482935084,0.09505855864605112,1.1742732274847623,0.21073624524872644,5.5722413,-5.612154538287696,0.42247339937098155,-3.777192076906299,0.3259615086972329,-0.48251688,-0.036292385,0.0019390758,-0.30707863,0.1283177,-0.21996309,0.05324463,-0.25689313,0.23564483,0.022998014,419,0,419,0,3.0549893,507.51205,0.5121095771448813,2.0094248488426874,31,false,0.46993876,1.3046765713355242,0.030223145441300146,-0.09980305,48,11,0.37548462,0,50,false,432,791.9006519051848,1.2009454226221847,659.3977,18.441689,8,269.96024709527677,12.225932661635142,22.080954,19.273138,6,1114.0646137506349,15.910848721790572,70.01918,17.144644,1.7477254,1,2.1284943,0.8314495,1.2970448,,,0,,,,NOT_AVAILABLE,350.9009512540496,15.99969597585237,248.42582487989932,-4.911897083288139,,,,,,,,,,,,,,,,,,https://gea.esac.esa.int/data-server/datalink/links?ID=Gaia+DR2+6045464436777542784
0.346430,2CXO J162319.4-262709,245.8308419047264,-26.45266071978496,3.582970082068701,0,0,0,2.0155214400058E-15,3.5052546782709E-16,3.6805174121845E-15,,,,2.000000000000031,0.43098063710181,0.041848844472205,0.73891317926296,0.75327920049969,0.10930668332292,1.0,,,0,,1635721458409799680,Gaia DR2 6045478288050504960,6045478288050504960,1160341121,2015.5,245.83094015581221,0.9250445089155318,-26.45269974016006,0.41904278363640585,-1.007221849278171,1.0619429569764205,-0.9484708,-14.024954567299659,1.3800512052113192,-19.50977364364165,0.9264375167254302,-0.8575732,-0.7833486,-0.2178048,0.30190146,0.80603385,0.1719119,-0.38614863,0.12651575,-0.19772261,-0.070672244,387,0,384,3,3.9291062,496.99457,0.9928749757787743,1.2959871011280637,31,false,0.08891207,1.6220964528612194,0.07196124754044336,-0.11366453,44,9,1.3312762,0,52,false,403,255.26100640589527,0.8447411121168121,302.1766,19.670904,0,,,,,0,,,,,,2,,,,,,0,,,,NOT_AVAILABLE,350.98788236620044,16.06491240541772,248.41646494330945,-4.80631863585729,,,,,,,,,,,,,,,,,,https://gea.esac.esa.int/data-server/datalink/links?ID=Gaia+DR2+6045478288050504960
0.827905,2CXO J162322.5-262708,245.84400116182212,-26.45225418989452,2.5233220400669825,0,0,0,0.0,0.0,5.3399313413411E-16,,,,2.9142857142856102,-0.35103060587133,-0.95128044971893,0.049344159900062,-0.1261711430356,-0.43035602748282,0.21673953778888,0,,5,,1635721458409799680,Gaia DR2 6045478597288109312,6045478597288109312,398897734,2015.5,245.84403715694773,0.2188655854959802,-26.452481894340895,0.10556968234332706,0.4167997390743783,0.25296204910698555,1.647677,-11.769127722364676,0.5083712630729466,-18.868091855829604,0.36124125067785795,-0.4026106,-0.033088237,-0.12822327,-0.17885454,0.17544603,-0.16934192,-0.11900667,-0.2848649,0.22844595,0.14597234,453,0,453,0,0.07541076,449.59253,0.0,0.0,31,false,0.3319841,1.4493419527537086,0.035024677915711046,-0.08146434,52,11,0.45624942,0,54,false,468,559.4258414742535,0.9161572506476932,610.6221,18.81901,38,280.4317123969045,6.7758640718525935,41.386856,19.231821,38,596.8611206248057,5.791878692544195,103.051384,17.822237,1.5682021,0,1.409584,0.41281128,0.99677277,,,0,,,,NOT_AVAILABLE,350.99626480063876,16.05638865639959,248.4280382287406,-4.804187785814748,,,,,,,,,,,,,,,,,,https://gea.esac.esa.int/data-server/datalink/links?ID=Gaia+DR2+6045478597288109312
0.269742,2CXO J162322.8-263155,245.8451360983555,-26.532084894660656,1.0240907043386558,0,0,0,0.0,0.0,1.9070222795405E-16,,,,2.277777777777821,-0.46221111805122,-1.0,0.029356652092442,-0.27982510930668,-0.60649594003748,0.093066833229232,,,0,,1635721458409799680,Gaia DR2 6045466021630961408,6045466021630961408,1138387261,2015.5,245.8450630460107,0.07599205743528603,-26.53212153460553,0.03591486483279055,0.5882772936940773,0.08114773658475248,7.24946,-11.784628777963277,0.17915683053581943,-19.059489706916068,0.12608308027221343,-0.4398506,-0.049541153,-0.33947098,-0.044548575,0.24127659,0.0072149695,-0.25910747,-0.2288221,0.034922358,-0.04004405,413,0,413,0,2.105039,470.40106,0.03668905453673799,0.0626079037632704,31,false,3.643282,1.5046896246737587,0.011031788765673883,-0.06952699,47,11,0.16698778,0,50,false,426,3636.813624889353,2.330453894647058,1560.5602,16.786564,23,1746.857623125754,17.018672280325692,102.64359,17.245745,25,3409.140007073897,16.434893955680092,207.43304,15.930308,1.4177239,0,1.3154364,0.45918083,0.85625553,,,0,,,,NOT_AVAILABLE,350.93564181492144,16.002089607682507,248.44200378342052,-4.882607611314539,102001,4572.525,4314.3335,4930.6665,,,,,,,200111,1.1470004,0.9864259,1.2883928,0.5181388,0.36908442,0.66719323,https://gea.esac.esa.int/data-server/datalink/links?ID=Gaia+DR2+6045466021630961408
0.624847,2CXO J162322.9-262216,245.84555895576727,-26.37121951674056,0.7290308062066396,0,0,0,2.769436680491E-12,2.7407428341082E-12,2.7981305268738E-12,,,,124.82976636349605,-0.25234228607121,-0.26670830730793,-0.2367270455965,-0.54840724547158,-0.55527795128045,-0.54028732042473,10,,8,,1635721458409799680,Gaia DR2 6045503336308078208,6045503336308078208,856125043,2015.5,245.84547529604885,0.03751340766993212,-26.371376067249756,0.01939902091288272,9.892894441637207,0.03653032330270743,270.81323,-17.90097265690364,0.09175262231306157,-35.226832511544856,0.06844023997560186,-0.54455173,-0.013408359,-0.4332874,0.20882899,0.10471569,0.2401607,-0.48343918,-0.092559144,0.014780506,-0.3501856,454,454,445,9,12.797711,938.1919,0.0,0.0,31,true,249.44798,1.618335378423081,0.00518972315488529,-0.10016736,51,11,0.06554189,0,55,true,480,3091501.4155259193,2094.159842210636,1476.249,9.462942,53,1670407.4763562386,3555.362530752331,469.8276,9.7943325,53,2022988.0828950433,3566.3777836982895,567.2389,8.996937,1.1946932,0,0.7973957,0.33139038,0.46600533,-2.619157471463925,2.497199609028137,3,5750.0,4.5,0.0,NOT_AVAILABLE,351.05959514830965,16.110025347009838,248.41601971034598,-4.723960821601372,100001,5731.5,5648.0,5853.3335,0.0947,0.032,0.1818,0.0477,0.0209,0.084,200111,1.1344094,1.0876769,1.1681995,1.2511448,1.24415,1.2581395,https://gea.esac.esa.int/data-server/datalink/links?ID=Gaia+DR2+6045503336308078208
0.547624,2CXO J162323.3-263211,245.84726788884882,-26.536541311436338,0.9737261251984184,0,0,0,1.4836562693686E-15,8.1247843322564E-16,2.1195089562408E-15,,,,3.0526315789473357,0.99937539038101,0.75390381011868,1.0,-0.99937539038101,-1.0,0.13429106808245,0,,3,,1635721458409799680,Gaia DR2 6045465952911308800,6045465952911308800,475822453,2015.5,245.84718092595705,0.09255887066947356,-26.536410595186254,0.041250671621137554,0.4903679142111507,0.10433374729194145,4.699993,-11.376193653139183,0.22795140231290476,-18.637196942180672,0.14142286929636116,-0.24024005,0.11101116,-0.33560446,-0.32065758,0.30262968,-0.25322816,-0.18319929,-0.4500406,-0.07200489,0.22759451,428,0,425,3,2.1251454,483.9194,0.13336133796060323,0.6007466010104577,31,false,2.4142811,1.5100416115537643,0.012891142759319539,-0.036116306,50,11,0.21469368,0,53,false,438,2706.2929658363732,1.8078989764094056,1496.9271,17.10743,41,1283.0969949239563,7.385643935857605,173.72852,17.58074,43,2366.6229671575134,8.070393992889178,293.24753,16.326597,1.3486049,0,1.2541428,0.47331047,0.7808323,,,0,,,,NOT_AVAILABLE,350.9336705251669,15.997800603568713,248.4445831523411,-4.886529523272421,,,,,,,,,,,,,,,,,,https://gea.esac.esa.int/data-server/datalink/links?ID=Gaia+DR2+6045465952911308800
0.398697,2CXO J162324.0-262648,245.85041306181563,-26.446722424995297,3.795386323180908,0,0,0,0.0,0.0,1.8535600664563E-16,,,,2.2916666666666288,-0.45721424109931,-1.0,-0.019362898188632,-0.5683947532792,-0.82011242973142,-0.26046221111805,,,0,,1635721458409799680,Gaia DR2 6045478597295758592,6045478597295758592,1532000083,2015.5,245.85029382043808,0.5486716707294929,-26.446692978041344,0.25402568263534925,0.35570044696536185,0.603367666084348,0.5895252,-4.845292181239866,1.3218694798491797,-8.990296429657995,0.9147585810154448,-0.4475243,-0.019076008,0.071160056,-0.26406986,0.18862851,-0.28279838,0.014974371,-0.14680757,0.25738254,0.22181027,431,0,430,1,6.122963,628.80774,1.9682039360293895,5.143852623966138,31,false,0.06192979,1.4014210606803477,0.07989271850135413,-0.06675638,50,11,1.1853144,0,53,false,449,235.39818128203507,0.8475668627272739,277.73404,19.758858,44,103.04290897058696,7.475607789012309,13.783884,20.318844,45,451.45203008710934,8.287111836448265,54.476402,18.125391,2.3555617,0,2.1934528,0.5599861,1.6334667,,,0,,,,NOT_AVAILABLE,351.0046434054568,16.05614289872934,248.4326353732788,-4.79756166094659,,,,,,,,,,,,,,,,,,https://gea.esac.esa.int/data-server/datalink/links?ID=Gaia+DR2+6045478597295758592
0.692329,2CXO J162325.4-262911,245.85624868696596,-26.486536772448368,2.109192114316408,0,0,0,,,,,,,2.578947368421133,0.99937539038101,-0.28169893816365,1.0,-0.99937539038101,-1.0,-0.68019987507808,,,5,,1635721458409799680,Gaia DR2 6045477944460616704,6045477944460616704,577371078,2015.5,245.85637221908524,0.06409184182596643,-26.486694124437367,0.03065284134428892,0.47041370167793534,0.07035645748669528,6.686148,-11.44379358131024,0.14480834351641741,-19.271413477816424,0.10684396296770622,-0.4027428,-0.15230726,-0.11046945,-0.092490986,0.15443097,-0.0800186,-0.17730856,-0.23242295,0.13817297,0.0415253,391,0,390,1,-0.25178394,377.39722,0.0,4.09698924475178E-15,31,false,4.642009,1.5207733134824688,0.010061456867782986,-0.043823548,45,11,0.1348182,0,49,false,411,4349.223928755572,16.618266653871142,261.71344,16.592337,45,2070.510659195686,28.786299018512896,71.92695,17.061195,44,3630.896884712479,53.234030922593604,68.206314,15.861885,1.3109022,0,1.1993103,0.46885872,0.7304516,,,0,,,,NOT_AVAILABLE,350.97767493713224,16.02519241060446,248.44457791502654,-4.836137317670152,100001,4848.3335,4768.6553,4908.033,,,,,,,,,,,,,,https://gea.esac.esa.int/data-server/datalink/links?ID=Gaia+DR2+6045477944460616704
0.189821,2CXO J162328.5-263134,245.86887834465142,-26.526199947546296,0.7826496901198338,0,0,0,5.0597415456682E-16,2.891280883239E-16,7.2282022080974E-16,,,,3.5000000000000435,0.068707058088695,-0.38288569643973,0.46158650843223,-0.55590256089944,-0.76514678326046,-0.31542785758901,1,,0,,1635721458409799680,Gaia DR2 6045465987261338368,6045465987261338368,1334341287,2015.5,245.86882118453175,0.07714630999433558,-26.52621277974988,0.03759367199277422,0.5657619618204641,0.08526824974158463,6.6350837,-11.725000194153525,0.1773902624536823,-19.150001583318087,0.12077929380642317,-0.36635378,-0.079511486,-0.25054917,-0.15372165,0.22748935,-0.11042484,-0.19514185,-0.30723432,0.06187414,0.028744671,368,0,368,0,1.2209682,396.19495,0.0,0.0,31,false,3.4190793,1.5129636364148842,0.012018706371202547,-0.049366094,43,11,0.16432212,0,49,false,387,3402.061207280239,4.643186901917357,732.6996,16.85901,12,2128.4679923010285,67.48635212526854,31.539236,17.03122,13,4215.775234066581,81.6535653616518,51.63002,15.699726,1.8648233,0,1.3314934,0.17220879,1.1592846,,,0,,,,NOT_AVAILABLE,350.9550748621394,15.990351180887343,248.46208295297293,-4.873307205139923,102001,5143.45,4259.0,6445.0,,,,,,,,,,,,,,https://gea.esac.esa.int/data-server/datalink/links?ID=Gaia+DR2+6045465987261338368
0.826049,2CXO J162328.5-263134,245.86887834465142,-26.526199947546296,0.7826496901198338,0,0,0,5.0597415456682E-16,2.891280883239E-16,7.2282022080974E-16,,,,3.5000000000000435,0.068707058088695,-0.38288569643973,0.46158650843223,-0.55590256089944,-0.76514678326046,-0.31542785758901,1,,0,,1635721458409799680,Gaia DR2 6045465987261338240,6045465987261338240,1153565015,2015.5,245.8688082289093,0.3015088543770696,-26.525979232040232,0.11439638363621123,1.0160192051929338,0.26522926596219987,3.8307207,-13.114564952581812,0.6680612743542957,-20.241965508246047,0.43509141593067563,-0.22625569,0.48004776,-0.14587295,-0.6162591,0.10278606,-0.49774742,-0.033421326,-0.25983518,-0.23041534,0.40695825,251,0,251,0,1.4945949,279.93594,0.020560109026870433,0.002775768187334843,31,false,0.5905404,1.4687322996712295,0.034108099941058914,0.008280314,29,8,0.6291388,0,31,false,257,930.8929959982182,1.936240574751298,480.7734,18.266117,0,,,,,0,,,,,,2,,,,,,0,,,,NOT_AVAILABLE,350.95524639864516,15.990516973233792,248.4620332190495,-4.873078680985,,,,,,,,,,,,,,,,,,https://gea.esac.esa.int/data-server/datalink/links?ID=Gaia+DR2+6045465987261338240
0.655254,2CXO J162329.5-262839,245.87325714725716,-26.477651678070902,0.9244555176686411,0,0,0,0.0,0.0,5.172461912538E-16,,,,4.499999999999959,0.19113054341037,-0.22923173016864,0.51655215490319,0.99937539038101,0.47532792004997,1.0,0,,6,,1635721458409799680,Gaia DR2 6045478322409848448,6045478322409848448,622995420,2015.5,245.87346049139384,0.14292802317611736,-26.477651643829624,0.06816223797083835,0.4640601107534351,0.16717294115676365,2.7759283,-12.332598445812714,0.33380906893420487,-18.44311465550371,0.2203044174483966,-0.37394124,-0.056116924,-0.18347095,-0.2596597,0.2879796,-0.22693536,-0.10449752,-0.38532686,0.12884508,0.13624664,422,0,420,2,2.316026,484.62427,0.15422851647372005,0.3137219683542708,31,false,0.9125224,1.5186486552746525,0.021976412467617615,-0.06652806,49,11,0.3033203,0,51,false,430,1218.1010602203555,1.3502849557136525,902.1067,17.974157,47,573.9222258921181,9.158207086786748,62.66753,18.454256,48,1135.5981042526657,7.382952325441842,153.81355,17.123857,1.4034306,0,1.3303986,0.48009872,0.85029984,,,0,,,,NOT_AVAILABLE,350.9953438999052,16.019967151124884,248.45824059294256,-4.824719519766454,,,,,,,,,,,,,,,,,,https://gea.esac.esa.int/data-server/datalink/links?ID=Gaia+DR2+6045478322409848448
0.811923,2CXO J162330.2-263045,245.87601055743585,-26.51253009307212,0.8589567916786786,0,0,0,1.7467265694065E-15,1.2599339189162E-15,2.2335192198968E-15,,,,3.4499999999999855,0.52467207995003,0.29294191130543,0.71517801374141,0.99937539038101,0.34166146158651,1.0,0,,5,,1635721458409799680,Gaia DR2 6045466090340732928,6045466090340732928,776041236,2015.5,245.8762444545907,0.2242788158328242,-26.512614112969775,0.07681070637824958,-1.667077313599239,0.23381951481662414,-7.129761,-6.134337005510473,0.4217823950839017,-21.11080306426589,0.2684757346902575,-0.5725673,0.6216113,-0.3313597,-0.3527553,-0.32338643,-0.022404442,0.018214274,-0.48732275,-0.13304918,0.17995735,349,0,305,44,13.360001,759.4284,0.7691816887840218,24.514149704516484,31,false,1.1554877,1.6692257382202778,0.04117248685629751,-0.066648565,36,9,0.40064684,0,45,false,280,3953.5012990535683,4.960759197643665,796.9549,16.695911,11,3576.8765062035363,31.00984376851112,115.34649,16.467628,14,6028.076805738697,36.555047225007776,164.90408,15.311473,2.4294803,0,1.1561556,-0.22828293,1.3844385,,,0,,,,NOT_AVAILABLE,350.9701873321957,15.99459288260062,248.46643268998852,-4.85880690475657,112011,5095.6333,4297.5,6938.0,,,,,,,,,,,,,,https://gea.esac.esa.int/data-server/datalink/links?ID=Gaia+DR2+6045466090340732928
0.248287,2CXO J162331.3-263148,245.88047982368562,-26.530186028674542,0.868189599261231,0,0,0,5.7621362592818E-16,3.4048986986665E-16,8.1193738198971E-16,,,,3.894736842105241,-0.53966271080575,-1.0,-0.1317926296065,-0.44846970643348,-0.68269831355403,-0.17301686445971,1,,5,,1635721458409799680,Gaia DR2 6045465884181865472,6045465884181865472,928790497,2015.5,245.88043608878132,0.0931267596885245,-26.53024282262937,0.054484461844892945,0.4025427279104318,0.11236909089826744,3.5823262,-12.14485065404422,0.19509698947542542,-18.833747446184475,0.15334167373959992,-0.43843827,-0.08024401,-0.15717785,-0.052900154,-0.065297194,-0.012254633,-0.28589594,-0.3126006,0.39151514,-0.09069468,287,0,285,2,2.5324428,343.5411,0.14488394445126743,0.5708838143163488,31,false,2.3639529,1.5626624894524666,0.018079118666236307,-0.12191056,33,10,0.17961374,0,42,false,306,2731.290805388773,17.735794914366743,153.99878,17.097446,0,,,,,0,,,,,,0,,,,,,0,,,,NOT_AVAILABLE,350.95925140704827,15.979953357002627,248.47303289823347,-4.875587512424308,,,,,,,,,,,,,,,,,,https://gea.esac.esa.int/data-server/datalink/links?ID=Gaia+DR2+6045465884181865472
0.476898,2CXO J162331.4-263057,245.88117772194755,-26.516078137128716,0.7344852404718901,0,0,0,7.2347086071803E-15,6.5131093160567E-15,7.9112079426086E-15,,,,10.711838443700701,-0.13241723922548,-0.25671455340412,-0.0081199250468458,-0.046221111805122,-0.15178013741412,0.061836352279825,2,,0,,1635721458409799680,Gaia DR2 6045466090350254976,6045466090350254976,724264227,2015.5,245.88106584209825,0.1179120216638797,-26.516164892576892,0.05419125917676758,-1.1861183702479459,0.11546576367438884,-10.272468,-13.536815854181901,0.23792501849845907,-18.411497277440965,0.18299276405982778,-0.57502776,-0.08002018,0.1376698,-0.28879008,0.021412667,-0.19972719,0.02283773,-0.2869768,0.12719037,-0.2496964,371,0,361,10,18.658016,1120.5687,0.53746997751031,16.117221195382886,31,false,1.9172108,1.5092755702610974,0.016324208325149275,-0.08787139,43,9,0.22468875,0,46,false,388,4722.03843849147,16.679767889955382,283.09976,16.503042,41,3067.921897955867,56.44894985371428,54.34861,16.634277,40,5774.910376024993,75.8563403578321,76.12957,15.358057,1.8726727,0,1.2762203,0.13123512,1.1449852,,,0,,,,NOT_AVAILABLE,350.97047627081923,15.98901220689759,248.47128591837955,-4.861606251313641,112001,5143.45,4259.0,6938.0,,,,,,,,,,,,,,https://gea.esac.esa.int/data-server/datalink/links?ID=Gaia+DR2+6045466090350254976
0.597689,2CXO J162331.4-263057,245.88117772194755,-26.516078137128716,0.7344852404718901,0,0,0,7.2347086071803E-15,6.5131093160567E-15,7.9112079426086E-15,,,,10.711838443700701,-0.13241723922548,-0.25671455340412,-0.0081199250468458,-0.046221111805122,-0.15178013741412,0.061836352279825,2,,0,,1635721458409799680,Gaia DR2 6045466090340599936,6045466090340599936,479499332,2015.5,245.88135941693162,0.3825400747837806,-26.516044504118756,0.19938679716295601,0.6508180563254989,0.29591407439769113,2.1993482,-13.460557941124213,0.8457717046292138,-19.28207511016414,0.7336000736763364,-0.9139494,-0.68389153,-0.48675314,0.527349,0.6658129,0.5635101,-0.64709,0.42939633,-0.4165179,-0.8576695,210,0,209,1,1.2834524,230.31456,0.23184342011673323,0.682731459878693,31,false,1.2446675,1.486113486007019,0.028498436863867195,-0.22174668,24,7,0.9876077,0,29,false,206,1579.568385442293,2.6097882966772215,605.2477,17.69202,0,,,,,0,,,,,,2,,,,,,0,,,,NOT_AVAILABLE,350.970752814802,15.988898949723692,248.47152631870884,-4.861444622268007,,,,,,,,,,,,,,,,,,https://gea.esac.esa.int/data-server/datalink/links?ID=Gaia+DR2+6045466090340599936
0.298241,2CXO J162332.4-263045,245.8850256026467,-26.512671217392533,0.7256668719004788,0,0,0,4.7045332014752E-15,3.9558031250657E-15,5.4532632778848E-15,,,,6.700809239870339,-0.1686445971268,-0.36914428482199,0.030605871330418,-0.0049968769519051,-0.17176764522174,0.17176764522174,7,,7,,1635721458409799680,Gaia DR2 6045466124700364160,6045466124700364160,443080708,2015.5,245.88495872234344,0.1232730951666043,-26.51272850271549,0.06482995334558675,0.6267332556728726,0.12623528189885527,4.9648027,-12.784777812597099,0.25700697319882,-18.492230614976037,0.199842703125433,-0.19061874,-0.10978456,-0.107038505,-0.33773413,0.008007825,-0.2259432,-0.1733927,-0.24907522,0.1263049,0.037871797,272,0,269,3,6.997872,458.6909,0.4779843496635582,5.20487745311062,31,false,1.3949904,1.504158252011471,0.021802181369548944,-0.03607089,32,10,0.23193248,0,36,false,276,2416.3750150731103,4.592315554401862,526.1779,17.230455,18,1601.3180419095702,53.71890686747391,29.809208,17.340195,16,2745.6286227140768,37.009372865298666,74.187386,16.165316,1.7989537,0,1.1748791,0.1097393,1.0651398,,,0,,,,NOT_AVAILABLE,350.975558958535,15.988748654535925,248.47417253556412,-4.857647674560278,,,,,,,,,,,,,,,,,,https://gea.esac.esa.int/data-server/datalink/links?ID=Gaia+DR2+6045466124700364160
0.140828,2CXO J162333.1-263109,245.88830456673372,-26.519273173435835,0.7565590902349594,0,0,0,8.7173719787773E-16,5.7647137279011E-16,1.1529427455802E-15,,,,3.939393939393928,0.01998750780762,-0.33416614615865,0.34291068082448,-0.27982510930668,-0.52404747033104,-0.010618363522798,0,,0,,1635721458409799680,Gaia DR2 6045465918541725184,6045465918541725184,1478181611,2015.5,245.88826109585514,0.16852038389209067,-26.51927733275636,0.07257443406066241,0.7377528576613939,0.17135210306453785,4.305479,-12.735166746958942,0.3585489431846804,-19.039827225779707,0.25214052809738957,-0.17755629,0.3850669,-0.5069518,-0.46659726,0.070830144,-0.21405669,-0.12196044,-0.5655635,-0.060326185,0.2680142,237,0,237,0,12.150293,603.2203,0.6634448046943714,14.433341606507925,31,false,1.3459835,1.542791282438108,0.026605593745094535,-0.06336763,28,9,0.3508609,0,36,false,256,3506.987776164542,23.652156468070732,148.27348,16.82603,0,,,,,0,,,,,,2,,,,,,0,,,,NOT_AVAILABLE,350.97258916414,15.982155598040936,248.47817042856266,-4.863626870099344,,,,,,,,,,,,,,,,,,https://gea.esac.esa.int/data-server/datalink/links?ID=Gaia+DR2+6045465918541725184
0.677582,2CXO J162333.2-262529,245.8884182649183,-26.424830781158658,1.6518860225666592,0,0,0,1.1591505971993E-15,0.0,2.4838941368557E-15,,,,3.699999999999905,0.16114928169894,-0.13304184884447,0.40162398500937,0.40724547158026,0.085571517801374,0.74515927545284,0,,0,,1635721458409799680,Gaia DR2 6045478769094647424,6045478769094647424,186160548,2015.5,245.88838530574773,0.6390498169457927,-26.42501666972994,0.31517532631888334,-0.4964072464267728,0.7397646588536076,-0.67103404,-15.074408383758755,1.4837763129060915,-19.907951039882764,1.064118906228203,-0.43028986,-0.0729223,-0.24091288,-0.073930226,0.24456254,-0.10564193,-0.2544873,-0.2696959,0.20865731,0.12856764,405,0,403,2,2.4135735,469.3082,0.0,0.0,31,false,0.047366016,1.1813121278488008,0.09870260505946842,-0.09263931,47,11,1.3294836,0,51,false,419,165.41860099059045,0.8473657541135137,195.21512,20.141905,34,122.60912328477204,9.468600921596021,12.949022,20.130081,39,256.3094704926971,7.017132133169467,36.52624,18.74001,2.290665,0,1.3900719,-0.011823654,1.4018955,,,0,,,,NOT_AVAILABLE,351.0452115658853,16.045499463666772,248.46285452649846,-4.7706098696946455,,,,,,,,,,,,,,,,,,https://gea.esac.esa.int/data-server/datalink/links?ID=Gaia+DR2+6045478769094647424
0.378002,2CXO J162333.2-263157,245.8886837406758,-26.532709412392286,0.7732934922803405,0,0,0,4.6800032353033E-16,2.3400016176516E-16,7.0200048529549E-16,,,,2.9142857142857763,-0.99937539038101,-1.0,-0.25046845721424,-0.18613366645846,-0.50031230480949,0.15178013741412,1,,5,,1635721458409799680,Gaia DR2 6045465879886641792,6045465879886641792,1189866234,2015.5,245.88860421095256,0.5269415399884657,-26.532786628134488,0.17903697483035594,0.7384694327756451,0.5095705707015962,1.4491996,-16.70900508506528,1.263480694615132,-17.151991486325706,0.7051756240952822,-0.49927336,0.5252914,0.10562661,-0.4031405,-0.104967274,-0.3623026,0.0023940522,-0.041248128,-0.2263886,0.13602833,286,0,284,2,40.93002,2789.6353,2.0487503369355715,103.90613175712575,31,false,0.2117683,1.2761851665435113,0.05377947719033454,-0.039923556,33,8,1.1153551,0,37,false,293,2573.064771414544,7.716141123533674,333.46524,17.16224,0,,,,,0,,,,,,2,,,,,,0,,,,NOT_AVAILABLE,350.9624108713219,15.972836421867855,248.48068557892756,-4.876905233113847,,,,,,,,,,,,,,,,,,https://gea.esac.esa.int/data-server/datalink/links?ID=Gaia+DR2+6045465879886641792
0.697452,2CXO J162333.2-263157,245.8886837406758,-26.532709412392286,0.7732934922803405,0,0,0,4.6800032353033E-16,2.3400016176516E-16,7.0200048529549E-16,,,,2.9142857142857763,-0.99937539038101,-1.0,-0.25046845721424,-0.18613366645846,-0.50031230480949,0.15178013741412,1,,5,,1635721458409799680,Gaia DR2 6045465884191734784,6045465884191734784,1385072740,2015.5,245.88864903979314,0.03700325721818622,-26.53251817945196,0.016560507997942488,0.45687723291282845,0.03937035953118006,11.604599,-12.452554461106118,0.10321401644790143,-18.269391363355936,0.06227368439207096,-0.4062449,0.18145874,-0.040822566,-0.09156635,0.0806977,-0.14327335,-0.1964135,2.556018E-4,0.0423826,0.12490668,303,0,303,0,-2.8905919,232.29033,0.0,0.0,31,false,36.064896,1.4721455712727616,0.005219100796495711,-0.025189603,37,11,0.1038827,0,46,false,319,29058.212599752653,7.9714329721158785,3645.2935,14.530193,41,12418.99855480696,58.4877996089905,212.33485,15.116172,40,29462.859233050265,58.44957832110569,504.0731,13.588733,1.4413089,1,1.5274391,0.5859785,0.9414606,,,0,,,,NOT_AVAILABLE,350.96264546820555,15.97298743583312,248.48068135367873,-4.87663383749834,102002,4468.3335,4332.0,4683.5,,,,,,,200111,4.4615936,4.0610666,4.7468367,7.149194,5.7399125,8.5584755,https://gea.esac.esa.int/data-server/datalink/links?ID=Gaia+DR2+6045465884191734784
0.483293,2CXO J162333.5-263230,245.88960634367425,-26.541686756295217,0.7449193545524725,0,0,0,1.0332305976671E-15,6.35834213949E-16,1.4107571621994E-15,,,,4.4571428571428005,0.11867582760775,-0.29294191130543,0.47158026233604,-0.11118051217989,-0.44534665833854,0.24422236102436,1,,0,,1635721458409799680,Gaia DR2 6045465712382775552,6045465712382775552,1321040731,2015.5,245.8895926453348,0.16661242601228873,-26.54182044386938,0.0684896802463498,0.3981122549270295,0.1933046546277628,2.059507,-10.542708024968734,0.5937996601063987,-18.74245953913796,0.3157846586524223,-0.1018364,0.29071754,-0.31050435,-0.43252447,0.47486645,-0.4856851,-0.36887765,-0.41262048,-0.2812173,0.63749146,318,0,282,36,17.18519,908.8508,0.6437294166056244,22.524044827320846,31,false,1.7080693,1.3922555148515345,0.042897316748071825,-0.012908748,33,8,0.56587076,0,42,false,305,6121.451808301851,21.82300550487732,280.50452,16.22123,3,7452.789338493324,75.14764103080694,99.17529,15.670591,5,13946.886794124435,760.9526207970823,18.328194,14.400727,3.4958498,0,1.2698641,-0.5506382,1.8205023,,,0,,,,NOT_AVAILABLE,350.9560803805512,15.966102171190537,248.483039854449,-4.885673888974763,102011,5095.6333,4284.4497,6938.0,,,,,,,,,,,,,,https://gea.esac.esa.int/data-server/datalink/links?ID=Gaia+DR2+6045465712382775552
0.109846,2CXO J162333.7-263405,245.89075266751797,-26.568257425573528,0.7598049126046876,0,0,0,6.8483785868127E-16,4.9063010771195E-16,8.6882414907325E-16,,,,3.6111111111110485,0.19862585883823,-0.29044347282948,0.62023735165522,-0.75577763897564,-0.91005621486571,-0.5577763897564,1,,5,,1635721458409799680,Gaia DR2 6045464922118910720,6045464922118910720,245094665,2015.5,245.89075426266334,0.07663710064043879,-26.56828790494896,0.03650764474696046,0.5438351679991189,0.08551944113387835,6.359199,-12.97939558890912,0.17866353279407218,-19.224631336197668,0.11782351723526654,-0.30507922,-0.0067908126,-0.24509911,-0.19909206,0.16691436,-0.15386456,-0.20360583,-0.35095513,0.07183126,0.1015522,374,0,374,0,1.0872412,398.62894,0.0,0.0,31,false,3.372574,1.494527399511095,0.012031535392003816,-0.032023024,43,11,0.16640556,0,47,true,392,3396.8107703078067,2.2665789039124147,1498.651,16.860687,36,1533.830161328401,12.570823826466516,122.01508,17.386946,36,3127.460692235585,11.46753874479664,272.72293,16.023941,1.3722551,0,1.3630047,0.52625847,0.8367462,,,0,,,,NOT_AVAILABLE,350.9364491226035,15.947518678091448,248.48840097421714,-4.911617561576537,100001,4720.55,4342.0,5000.0,,,,,,,,,,,,,,https://gea.esac.esa.int/data-server/datalink/links?ID=Gaia+DR2+6045464922118910720
0.229319,2CXO J162334.1-263134,245.8922273516389,-26.526326767409238,0.7106976899271759,0,0,0,1.3520716491846E-13,1.281892268992E-13,1.4222510293773E-13,,,,35.09488791393492,0.48344784509681,0.43785134291068,0.52779512804497,0.041224234853217,-0.031855090568395,0.1155527795128,0,,8,,1635721458409799680,Gaia DR2 6045465884191727104,6045465884191727104,903400855,2015.5,245.89224244152362,0.3324237200041301,-26.5263890198028,0.16952020479241328,-0.5011101640481164,0.3583121370476425,-1.3985296,-10.867858934250588,0.7799051396972442,-20.243953608438666,0.5548391790898729,-0.30994597,-0.08574093,-0.023312911,-0.22939765,0.12888995,-0.22629781,-0.12549657,-0.157412,0.18780865,0.16350526,323,0,322,1,68.0499,6966.516,2.3773222251298147,250.98519545040827,31,false,0.16745307,1.5630666953340546,0.05530477367923341,-0.030376503,37,11,0.69570434,0,39,false,332,3790.6883319667804,10.490273922784702,361.35266,16.741571,0,,,,,0,,,,,,2,,,,,,0,,,,NOT_AVAILABLE,350.96961150289945,15.97473456528346,248.48286172345814,-4.8700624343341135,,,,,,,,,,,,,,,,,,https://gea.esac.esa.int/data-server/datalink/links?ID=Gaia+DR2+6045465884191727104
0.210733,2CXO J162334.2-262956,245.8928089271575,-26.498907863962142,0.7204473023583706,0,0,0,1.1846185153511E-14,1.0756704773906E-14,1.2935665533117E-14,,,,18.114043175451798,-0.25733916302311,-0.3791380387258,-0.13304184884447,-0.19612742036227,-0.28169893816365,-0.10680824484697,0,,8,,1635721458409799680,Gaia DR2 6045466502667300096,6045466502667300096,833159907,2015.5,245.89277686617964,0.030670888283280448,-26.49895888645514,0.014988077647919503,0.42047148790365735,0.034913894414862895,12.043099,-12.14641073754149,0.09557144838223978,-18.26363612753019,0.05364454593892544,-0.43044764,0.040718183,-0.098546535,0.030643899,0.08499105,-0.005879264,-0.35405248,0.27653524,0.004230635,-0.10358873,334,0,334,0,-3.6157036,244.14743,0.0,0.0,31,false,46.494778,1.4588315744668903,0.0045841120794919725,-0.042798914,39,10,0.09872504,0,43,false,338,37362.124018028226,18.113040750877346,2062.7195,14.257287,37,14015.818356022452,51.468788901170846,272.31683,14.984842,39,35706.54594447974,64.56895865572464,552.99866,13.380051,1.3308227,0,1.6047916,0.7275553,0.87723637,,,0,,,,NOT_AVAILABLE,350.99105176461063,15.992840149748513,248.47884644848773,-4.842921431504326,100001,4387.0,4272.0425,4622.0,,,,,,,200111,5.804342,5.229117,6.120926,11.242716,9.054686,13.430746,https://gea.esac.esa.int/data-server/datalink/links?ID=Gaia+DR2+6045466502667300096
0.005678,2CXO J162334.3-263202,245.89299405027782,-26.533911784362132,0.7229278665615797,0,0,0,1.510274414485E-15,1.2447316602898E-15,1.7758171686801E-15,,,,6.28833322345289,-0.51093066833229,-0.75515302935665,-0.22798251093067,-0.51842598376015,-0.64522173641474,-0.38038725796377,1,,0,,1635721458409799680,Gaia DR2 6045465815462109568,6045465815462109568,335629684,2015.5,245.8929953028724,0.1831963292363691,-26.533912894050378,0.07684133463102741,-0.07318833575327066,0.20953529772492938,-0.34928882,-3.639983535778649,0.46438869849779946,-5.590735610340732,0.24816921545053774,-0.55506986,0.11181684,0.051098697,-0.013732315,0.10922208,-0.22905688,-0.19428971,-0.25824124,0.17583168,0.14389019,277,0,256,21,7.1834245,447.8178,0.6934509113459449,19.329609275746765,31,false,1.3369703,1.4548019353067423,0.02559063218872524,-0.06634702,30,9,0.41354638,0,37,false,297,3879.0743019277,47.69657510427079,81.328156,16.716545,27,3456.63050442222,75.21382793823108,45.957382,16.504755,27,6918.6565278296,115.47260470056624,59.916,15.161865,2.6746812,0,1.3428898,-0.21179008,1.5546799,,,0,,,,NOT_AVAILABLE,350.96429463240753,15.969172754996624,248.48476000458527,-4.87737577414743,112011,5095.6333,4284.4497,6938.0,,,,,,,,,,,,,,https://gea.esac.esa.int/data-server/datalink/links?ID=Gaia+DR2+6045465815462109568
0.212418,2CXO J162334.8-263159,245.8950813024744,-26.533311599083007,0.7444563245907655,0,0,0,7.0192686975156E-16,4.8515533644593E-16,9.0837594909026E-16,,,,4.108108108107991,-0.069956277326671,-0.44159900062461,0.26795752654591,-0.37601499063086,-0.59400374765771,-0.12554653341661,0,,0,,1635721458409799680,Gaia DR2 6045465815461971456,6045465815461971456,1540434810,2015.5,245.89506583252174,0.1669701861163005,-26.533368957967358,0.08779065860823153,0.3431883730124097,0.1661544896590063,2.0654776,-11.624062287514619,0.3216089028426432,-19.131970340861766,0.2700187011432341,-0.68824697,-0.21961163,-0.06439821,-0.121899575,0.19469462,-0.026615124,-0.05925516,-0.30621117,0.2786222,-0.38002872,314,0,296,18,35.36035,2246.5308,0.8683770731867009,89.24125633280916,31,false,1.186974,1.3958259251939669,0.023671447681312047,-0.1912695,35,10,0.31554085,0,42,false,324,12477.798860530287,55.242961434498994,225.87129,15.448021,0,,,,,0,,,,,,0,,,,,,0,,,,NOT_AVAILABLE,350.9660098359282,15.968168682842904,248.48650528793354,-4.876537071473016,,,,,,,,,,,,,,,,,,https://gea.esac.esa.int/data-server/datalink/links?ID=Gaia+DR2+6045465815461971456
0.196609,2CXO J162335.0-263119,245.89597721587768,-26.522000688164425,0.7159025701408733,0,0,0,2.4285826017157E-14,2.2172252197257E-14,2.6399399837057E-14,,,,14.807849414039133,-0.1211742660837,-0.22923173016864,-0.015615240474703,-0.036227357901312,-0.13054341036852,0.05683947532792,9,,8,,1635721458409799680,Gaia DR2 6045465918541575296,6045465918541575296,1602618389,2015.5,245.89595695321924,0.13463812187272137,-26.522052204569714,0.06708726692980475,0.5380482566964858,0.1052816242572185,5.110562,-12.121178067578626,0.2735145837229965,-19.133311640500377,0.23951406001823425,-0.8805413,-0.66498786,-0.5163414,0.49967515,0.58420867,0.5721616,-0.6410952,0.29242554,-0.33140805,-0.8549156,255,0,254,1,-0.09895963,246.13602,0.0,0.0,31,false,8.204628,1.46405913568861,0.01098337768109522,-0.21613508,30,7,0.32933706,0,43,false,269,7478.994604031918,11.275967954727857,663.2685,16.003757,3,6822.270284858745,216.1339569372888,31.565008,15.766566,4,17986.969995674834,612.9607437323629,29.344408,14.124525,3.3171892,0,1.6420412,-0.2371912,1.8792324,,,0,,,,NOT_AVAILABLE,350.9752746542489,15.975194834919282,248.48544298321988,-4.865241751952082,102011,5095.6333,4284.4497,6938.0,,,,,,,,,,,,,,https://gea.esac.esa.int/data-server/datalink/links?ID=Gaia+DR2+6045465918541575296
0.213923,2CXO J162335.0-263204,245.89615920690972,-26.534513530794754,0.7327016924364743,0,0,0,1.7013144506611E-15,1.3452253795925E-15,2.0376207955592E-15,,,,5.176470588235194,0.17114303560275,-0.13429106808245,0.43785134291068,-0.49843847595253,-0.66396002498438,-0.31168019987508,2,,5,,1635721458409799680,Gaia DR2 6045465815461972224,6045465815461972224,828973085,2015.5,245.89610669577178,0.3266229621877932,-26.534549917645275,0.12226594986760218,-0.8565073222749348,0.3338275198169977,-2.5657182,-18.313995916101852,0.6354963617107806,-19.984502106000246,0.4390051322030142,-0.4288537,0.46368122,-0.36291292,-0.5786178,-0.09148207,-0.13554199,0.15167926,-0.61967206,-0.2723043,0.21187632,253,0,244,9,17.792566,875.6355,1.2092744004824167,30.290827892186652,31,false,0.48660102,1.5442672549569383,0.03832891783639519,-0.062043596,28,8,0.61576575,0,30,false,253,2107.8268744984935,8.679748408481435,242.84424,17.378778,3,2757.6066623085608,294.5829947513418,9.361052,16.750057,3,4477.453244336949,393.6263204931537,11.374883,15.634342,3.4324734,0,1.115715,-0.62872124,1.7444363,,,0,,,,NOT_AVAILABLE,350.96575314370756,15.966685123496154,248.4876206410248,-4.87755039874503,,,,,,,,,,,,,,,,,,https://gea.esac.esa.int/data-server/datalink/links?ID=Gaia+DR2+6045465815461972224
0.127432,2CXO J162335.2-263526,245.8966965354374,-26.590560053709964,0.7141784387469352,0,1,0,6.0540885607547E-14,5.7289631161361E-14,6.3792140053733E-14,,,,23.01920764804962,0.12866958151156,0.068082448469706,0.18675827607745,-0.033728919425359,-0.099312929419113,0.033104309806371,0,,6,,1635721458409799680,Gaia DR2 6045463169761296000,6045463169761296000,781474235,2015.5,245.89670712147725,0.8084078370340516,-26.590525945201385,0.30623444061142835,0.7238998864936916,0.7508444847194544,0.96411425,0.1416152669842739,1.6115370524416899,0.8378494144319139,1.1511951853648401,-0.42985013,0.340755,-0.123995155,-0.59937495,0.082852386,-0.3559545,0.18718174,-0.4240576,-0.1309668,0.25778282,371,0,369,2,-0.5917932,347.61798,0.0,0.0,31,false,0.054598726,1.5389189789193845,0.0941018336177005,-0.05102994,43,9,1.4970849,0,46,false,386,187.65177825980226,0.9697302507102905,193.50926,20.004984,29,164.77155577142454,8.892640559453506,18.52898,19.809183,33,242.9457438998751,9.81417803325573,24.754568,18.798147,2.1727335,0,1.0110359,-0.19580078,1.2068367,,,0,,,,NOT_AVAILABLE,350.92307292566505,15.92861255701708,248.49731256926583,-4.932689834629112,,,,,,,,,,,,,,,,,,https://gea.esac.esa.int/data-server/datalink/links?ID=Gaia+DR2+6045463169761296000
0.711197,2CXO J162335.2-263137,245.89671855130507,-26.527135901216926,0.8902218947338042,0,0,0,3.450579603743E-15,1.9169886687461E-15,4.9074909919901E-15,,,,2.2000000000000575,0.24484697064335,-0.17676452217364,0.59900062460962,0.40974391005621,0.019362898188632,1.0,1,,6,,1635721458409799680,Gaia DR2 6045465849821970560,6045465849821970560,331030019,2015.5,245.8964989039755,0.5663536037129017,-26.52711574162085,0.30425023696733466,4.350826885430622,0.6427922692830434,6.7686357,-10.399088344569073,1.2341680765690783,-15.760753025417221,0.9566472546496707,-0.30949175,-0.12636833,-0.039277624,-0.19240281,-0.008776375,-0.12227275,-0.097614706,-0.2331406,0.27783623,0.07049424,285,0,285,0,94.27856,13673.913,4.128949841065669,542.8235403522076,31,false,0.057047892,1.708212779338166,0.09974130780798478,-0.031584494,33,11,1.0913533,0,35,false,302,3001.5177247474817,10.51801126811472,285.36932,16.995014,0,,,,,0,,,,,,2,,,,,,0,,,,NOT_AVAILABLE,350.97171827603546,15.971428599815725,248.48675166209594,-4.870158481876178,,,,,,,,,,,,,,,,,,https://gea.esac.esa.int/data-server/datalink/links?ID=Gaia+DR2+6045465849821970560
0.265158,2CXO J162335.5-262708,245.898257532054,-26.452354834100618,1.434209383987063,0,0,0,2.7496349433788E-15,1.9698877206296E-15,3.529382166128E-15,,,,7.7677280352574325,-0.37476577139288,-0.6264834478451,-0.14803247970019,-0.32479700187383,-0.4366021236727,-0.20799500312305,0,,0,,1635721458409799680,Gaia DR2 6045478459856719104,6045478459856719104,857897314,2015.5,245.89819489413856,0.056114794475280255,-26.45230708399632,0.027730702580565817,0.3960567550586634,0.060342208913415664,6.563511,-3.318672621584475,0.12528166065148663,-3.951548899658653,0.09168583063275096,-0.40605557,-0.042763118,-0.24303119,-0.11947786,0.15906611,-0.081643976,-0.26556078,-0.27435008,0.11915704,-0.011838879,420,0,419,1,-0.49429747,399.28772,0.0,0.0,31,false,6.073514,1.4512513767051098,0.00886313450904193,-0.07594054,48,11,0.11951774,0,52,true,435,5586.92103316672,4.804614957865404,1162.8239,16.320435,47,2067.8790781867847,14.14254174590568,146.21693,17.062574,48,5448.167567961436,17.269136399171998,315.4858,15.421294,1.3452932,0,1.6412802,0.7421398,0.89914036,,,0,,,,NOT_AVAILABLE,351.0303513126396,16.020641131137,248.47601574699888,-4.796103112539951,100001,4308.535,4054.79,5006.43,,,,,,,,,,,,,,https://gea.esac.esa.int/data-server/datalink/links?ID=Gaia+DR2+6045478459856719104
0.645784,2CXO J162335.7-263137,245.8991121230565,-26.527029092615525,0.7815082011850703,0,0,0,6.3725040668428E-16,3.8475496252636E-16,8.897458508422E-16,,,,3.314285714285707,-0.99937539038101,-1.0,-0.33291692692067,-0.37101811367895,-0.60649594003748,-0.10306058713304,2,,7,,1635721458409799680,Gaia DR2 6045465849821914240,6045465849821914240,1429278288,2015.5,245.89927740500426,0.28194388532157505,-26.526927555836206,0.1742549026410251,2.333276611454779,0.34280835946354543,6.8063583,-11.255959806906262,0.5610177133450981,-19.347181318530446,0.5099145375587294,-0.3384035,-0.26254994,-0.10754903,-0.08205615,-0.09792843,0.08407031,-0.17824246,-0.3227185,0.3927483,-0.13089064,171,0,163,8,19.8107,834.5782,1.4304225468249532,29.01943619105115,31,false,0.34706694,1.562864254865084,0.05629018794011172,-0.11806415,19,9,0.5216014,0,20,false,152,1640.3530946692188,15.387804918027195,106.60085,17.651022,0,,,,,0,,,,,,2,,,,,,0,,,,NOT_AVAILABLE,350.97360318288304,15.969716391162008,248.4891824907692,-4.869567531867918,,,,,,,,,,,,,,,,,,https://gea.esac.esa.int/data-server/datalink/links?ID=Gaia+DR2+6045465849821914240
0.219582,2CXO J162335.8-263132,245.89920769788603,-26.525689565636075,0.8176903371020434,0,0,0,0.0,0.0,1.5785815020118E-16,,,,3.529411764706043,0.99937539038101,-0.17301686445971,1.0,-0.99937539038101,-1.0,-0.3628981886321,1,,8,,1635721458409799680,Gaia DR2 6045465849821915648,6045465849821915648,1672410481,2015.5,245.89919594850159,0.18982521878326167,-26.525749647856877,0.0900011513439425,1.6260733259355722,0.21260212970026848,7.6484337,-12.06479609031452,0.4805872613784767,-18.772161951604566,0.3189801637103243,-0.29295737,-0.070661694,0.018293971,-0.15062758,0.14550503,-0.18112987,-0.06250984,-0.26053688,0.14771023,0.29574835,319,0,304,15,53.49233,4437.995,1.254073476590819,136.73425745984227,31,false,0.5734714,1.6901632033999463,0.029349481876488018,0.005113766,36,10,0.4382582,0,43,false,330,8288.232987715422,33.54665223065,247.06587,15.892211,0,,,,,0,,,,,,0,,,,,,0,,,,NOT_AVAILABLE,350.97445844017494,15.97056296413371,248.48891760874542,-4.868417261507641,,,,,,,,,,,,,,,,,,https://gea.esac.esa.int/data-server/datalink/links?ID=Gaia+DR2+6045465849821915648
0.777696,2CXO J162335.9-263101,245.89991096695587,-26.517124920411874,0.760264807621284,0,0,0,1.4980805018192E-15,1.1293222244483E-15,1.8437913868544E-15,,,,4.64516129032259,0.32729544034978,0.08682073703935,0.53653966271081,-0.037476577139288,-0.29668956901936,0.2317301686446,2,,0,,1635721458409799680,Gaia DR2 6045465918551512704,6045465918551512704,1206312046,2015.5,245.89970827393003,0.038518346387651524,-26.517007564620894,0.020030408927384,0.5285243822831434,0.04167065346534392,12.683372,-12.30096862574415,0.08396595124450762,-19.51663149473448,0.06323411621441781,-0.48449028,-0.20678778,-0.21585153,-0.074276425,0.27067435,-0.03409823,-0.24057962,-0.20725055,0.07270119,-0.14971565,419,419,409,10,11.97104,847.666,0.0,0.0,31,false,278.0993,1.3782617156353627,0.0060185326372079045,-0.07145157,48,11,0.054374605,0,51,false,425,1556336.2503027385,828.8376834800653,1877.7334,10.208107,48,409934.2163975846,533.1534837079712,768.8859,11.319603,49,1687327.1718377976,1604.3263903278018,1051.7356,9.193922,1.3475631,1,2.125681,1.111496,1.014185,72.69699232094158,0.22268042835804905,5,4500.0,3.0,0.0,NOT_AVAILABLE,350.98150561533043,15.976106646478923,248.4879412831814,-4.859717387782343,100002,3844.045,3732.3135,4018.8997,,,,,,,200111,45.503807,41.630375,48.269012,407.32776,360.93832,453.7172,https://gea.esac.esa.int/data-server/datalink/links?ID=Gaia+DR2+6045465918551512704
0.460611,2CXO J162336.4-263030,245.9017560486576,-26.508346690789107,0.9676337200255577,0,0,0,5.9540496356932E-16,3.2747272996313E-16,8.4845207308628E-16,,,,3.1052631578947114,0.18738288569644,-0.19550281074329,0.52779512804497,-0.15865084322299,-0.48782011242973,0.20424734540912,0,,4,,1635721458409799680,Gaia DR2 6045466296508665856,6045466296508665856,556144196,2015.5,245.90183689017616,0.04948029564315908,-26.508452223439974,0.024524333901355486,0.31329748122142803,0.05446823650622346,5.7519298,-12.072752627460861,0.12011968081970122,-18.112987550877268,0.08298680364677573,-0.4196448,-0.10497115,-0.080156304,-0.05312539,0.15469046,-0.09139695,-0.21734394,-0.08504717,0.16294523,0.07587686,390,0,390,0,0.9757582,412.01797,0.0,0.0,31,false,7.946976,1.5308677891824984,0.007862221925142701,-0.03912619,45,11,0.114669405,0,47,false,399,7099.021266994734,5.239878370084786,1354.8065,16.06037,45,3638.465670235179,17.335875978880274,209.88069,16.449093,42,6713.66315228196,26.56859279787243,252.69171,15.194521,1.4582473,0,1.2545719,0.38872337,0.86584854,,,0,,,,NOT_AVAILABLE,350.98942188587137,15.980454435203837,248.48842775584131,-4.850965986981127,102001,4920.0,4436.6665,5040.6665,,,,,,,,,,,,,,https://gea.esac.esa.int/data-server/datalink/links?ID=Gaia+DR2+6045466296508665856
0.837573,2CXO J162337.0-263133,245.90418427760846,-26.52598784719835,0.7815323769503371,0,0,0,4.3349253363365E-16,2.6173134106183E-16,5.9707462179729E-16,,,,3.4054054054054737,-0.99937539038101,-1.0,-0.41786383510306,-0.28856964397252,-0.52904434728295,-0.031855090568395,0,,0,,1635721458409799680,Gaia DR2 6045465849821864448,6045465849821864448,1521554668,2015.5,245.90443404584468,0.29877482267896194,-26.52592312500867,0.12139385427297526,8.158322737757844,0.33295150729118245,24.503036,-23.354700432895115,0.9086741034296067,-25.808406306393223,0.5088533113217151,0.15850647,0.38782683,-0.49565127,-0.5190731,0.40536726,-0.49530843,-0.41031125,-0.62938297,-0.35112062,0.66763526,279,0,277,2,49.49758,3826.2065,1.466224787709534,113.4607580601004,31,false,0.41688102,1.5010776105714054,0.03783111022430019,0.060683228,32,8,0.8911247,0,42,false,303,5269.363826088227,21.519675099902205,244.86261,16.38397,14,4884.19142205309,228.82121975220318,21.34501,16.129406,14,9206.024937583747,384.7815747953228,23.925327,14.85174,2.673988,0,1.2776661,-0.2545643,1.5322304,,,0,,,,NOT_AVAILABLE,350.9776053185836,15.966979402021966,248.49358674745082,-4.867824482610798,102011,5095.6333,4284.4497,6938.0,,,,,,,,,,,,,,https://gea.esac.esa.int/data-server/datalink/links?ID=Gaia+DR2+6045465849821864448
0.912343,2CXO J162337.0-263133,245.90418427760846,-26.52598784719835,0.7815323769503371,0,0,0,4.3349253363365E-16,2.6173134106183E-16,5.9707462179729E-16,,,,3.4054054054054737,-0.99937539038101,-1.0,-0.41786383510306,-0.28856964397252,-0.52904434728295,-0.031855090568395,0,,0,,1635721458409799680,Gaia DR2 6045465849821864192,6045465849821864192,989636353,2015.5,245.90416240174883,0.43899669324282864,-26.525735175426004,0.2080841079559436,1.1237131629869774,0.44615633116071557,2.5186534,-12.72204578956212,0.8423965206020014,-20.616000416951884,0.6108965954888088,-0.09638837,-0.42189464,0.20013253,-0.37140805,-0.030304948,-0.24392082,-0.06780986,-0.2629532,0.28555286,0.08702785,191,0,187,4,78.73698,9598.206,2.2770976455711915,244.26151330397397,31,false,0.17301352,1.425309727729397,0.06416506312695719,0.0407932,22,11,0.7558079,0,35,false,209,5140.75999361939,18.797936671810692,273.4747,16.410797,9,5417.313999577694,101.08515220756095,53.59159,16.016928,9,9943.535201927,227.97330010921033,43.617104,14.768068,2.9880502,0,1.2488594,-0.3938694,1.6427288,,,0,,,,NOT_AVAILABLE,350.97757982004515,15.967285664772444,248.49331533651824,-4.867678659517082,102011,5095.6333,4284.4497,6938.0,,,,,,,,,,,,,,https://gea.esac.esa.int/data-server/datalink/links?ID=Gaia+DR2+6045465849821864192
0.183858,2CXO J162338.0-263138,245.90867729723368,-26.527230560906332,0.7132651447027865,0,0,0,6.656475416476E-15,5.6788826979958E-15,7.6340681349562E-15,,,,16.899333304522727,-0.58713304184884,-0.74266083697689,-0.41911305434104,0.081199250468457,-0.063085571517801,0.22923173016864,0,,8,,1635721458409799680,Gaia DR2 6045465849821777024,6045465849821777024,1407466714,2015.5,245.90864892889965,0.07575961295003003,-26.5272748788711,0.040567893169954496,0.7620905762636391,0.08665681251619464,8.794353,-11.736191651149625,0.1582245754078124,-18.33800193846917,0.12436862004424386,-0.4240213,-0.21739933,-0.1284762,-0.20050755,0.20191428,-0.12416806,-0.1064329,-0.28067586,0.2790832,-0.007912385,294,0,293,1,3.1685512,370.14612,0.2118408806472541,2.2685580049231007,31,false,3.9452004,1.5654174438324475,0.013514563204097729,-0.08380729,35,11,0.14561889,0,37,false,307,4522.800360466055,6.262430778159389,722.2116,16.549847,12,3132.6978748038355,135.06616567228943,23.193802,16.611591,12,5475.380102105326,124.80038975575397,43.8731,15.415884,1.9032629,0,1.1957073,0.06174469,1.1339626,,,0,,,,NOT_AVAILABLE,350.97920460481066,15.963280111887533,248.49754206539208,-4.868543574057801,102001,5143.45,4300.5,7050.0,,,,,,,,,,,,,,https://gea.esac.esa.int/data-server/datalink/links?ID=Gaia+DR2+6045465849821777024
0.589137,2CXO J162338.3-262919,245.90963445517502,-26.488638784035054,1.3902773788999403,1,0,0,3.4088315961075E-16,1.2395751258573E-16,5.5780880663577E-16,,,,3.1904761904761516,0.3422860712055,-0.19675202998126,0.70393504059963,-0.63210493441599,-0.84384759525297,-0.39537788881949,,,0,,1635721458409799680,Gaia DR2 6045466537017389568,6045466537017389568,1172525358,2015.5,245.9096948063727,0.4406650273654518,-26.488793261671752,0.2021674286928119,4.788375355689582,0.5301380884315955,9.032317,-4.947748840382868,1.0077445367468048,0.6164549921380846,0.6784753169265445,-0.39746752,0.19593427,-0.10494902,-0.12827705,-0.07859389,-0.15785338,-0.16606082,-0.38966325,0.26456377,0.19423667,305,0,303,2,5.270248,445.1967,1.2596840175393316,3.34454028496828,31,false,0.1283871,1.1946672222946866,0.07029764559155471,-0.07168052,35,10,0.9097688,0,35,false,302,377.1320653480925,2.1272683896637927,177.28467,19.247131,0,,,,,0,,,,,,2,,,,,,0,,,,NOT_AVAILABLE,351.0094725543357,15.988478586066703,248.49217570918498,-4.830423777983663,,,,,,,,,,,,,,,,,,https://gea.esac.esa.int/data-server/datalink/links?ID=Gaia+DR2+6045466537017389568
0.972667,2CXO J162338.8-263148,245.91205033571657,-26.530025905049772,0.8153880125616024,0,0,0,5.3317227356086E-16,2.8518516957907E-16,7.6876002234357E-16,,,,2.7647058823528994,-0.52592129918801,-0.82885696439725,-0.16552154903186,0.41848844472205,0.065584009993754,0.72142410993129,1,,3,,1635721458409799680,Gaia DR2 6045465845526945280,6045465845526945280,628155143,2015.5,245.9119346306216,0.07955038601578131,-26.529776338518676,0.03930297139674406,0.4056979492856292,0.07396279103606689,5.4851627,-11.02591403813829,0.1629887389555309,-20.11578381679515,0.14761312226868342,-0.69984424,-0.13360481,-0.014009981,-0.19224243,0.12866658,-0.042148147,-0.02006682,-0.21536136,0.20903708,-0.50136733,337,0,326,11,0.5608061,334.73422,0.06400387640114327,0.25168113241530987,31,false,6.1035533,1.5466109340534513,0.01070710692169028,-0.1820268,38,9,0.1764333,0,42,false,327,5888.7130440996425,4.001631186995685,1471.5781,16.263315,39,3515.9639305665964,54.40532215723424,64.62537,16.486277,40,6739.220330193119,93.14528625111828,72.35171,15.190396,1.7414984,0,1.2958803,0.22296143,1.0729189,,,0,,,,NOT_AVAILABLE,350.97933725329824,15.959422235902181,248.50086212155898,-4.870532575696215,102001,5095.6333,4297.5,5965.0,,,,,,,,,,,,,,https://gea.esac.esa.int/data-server/datalink/links?ID=Gaia+DR2+6045465845526945280
0.288172,2CXO J162339.1-262955,245.9132061423254,-26.498641066166,1.1538813298360115,0,0,0,0.0,0.0,1.7244168128115E-16,,,,3.199999999999912,-0.99937539038101,-1.0,-0.29918800749532,-0.58588382261087,-0.79387882573392,-0.33916302311056,,,0,,1635721458409799680,Gaia DR2 6045466330859725184,6045466330859725184,876308853,2015.5,245.9131251421318,0.7653645127097074,-26.498675018239254,0.35103833657210326,-0.6291624351667016,0.6859357167654963,-0.91723233,-11.932953785536895,1.1772043380691477,-20.272376352840904,1.2431153746451529,-0.75865406,-0.41774827,0.30205882,-0.7308399,0.50954634,-0.4897338,0.5817983,-0.50558496,0.50362134,-0.3041897,292,0,290,2,2.0094342,334.9738,0.5974076534860986,0.4733240735989438,31,false,0.10355026,1.3977990231843718,0.07893349792803503,-0.13025904,34,8,1.4012052,0,36,false,298,286.4408765895792,1.6870082935407842,169.79222,19.545778,0,,,,,0,,,,,,0,,,,,,0,,,,NOT_AVAILABLE,351.0040158382396,15.979559131291532,248.4968313974337,-4.839673271982733,,,,,,,,,,,,,,,,,,https://gea.esac.esa.int/data-server/datalink/links?ID=Gaia+DR2+6045466330859725184
0.248573,2CXO J162340.1-262925,245.9174498876697,-26.49055336299814,0.842213921458393,0,0,0,3.1883687750618E-16,6.6424349480453E-17,5.712494055319E-16,,,,8.16529816971531,-0.99937539038101,-1.0,-0.67520299812617,-0.19862585883823,-0.40787008119925,0.02685821361649,9,,8,,1635721458409799680,Gaia DR2 6045466330858826752,6045466330858826752,678667548,2015.5,245.9173752328422,0.16260616495141827,-26.490570774558478,0.10462581838006717,0.5730669092565868,0.20494111332714815,2.7962515,-13.206142124529766,0.36496151123900483,-18.502566797423874,0.3077631704939403,-0.22888193,-0.067483984,-0.11386927,-0.112725206,-0.112743564,-0.051548228,-0.15745273,-0.19414686,0.42741525,0.15678245,218,0,218,0,3.429669,291.0971,0.385474852891849,1.1417008129117707,31,false,0.6653647,1.3889626360384466,0.03558385009357155,-0.050827265,26,10,0.3312639,0,47,true,251,1078.8862864219407,3.6229973936284634,297.7883,18.105927,2,968.5802680007121,223.85940468614382,4.3267345,17.88605,2,1597.945883365722,95.17144914866701,16.790182,16.753016,2.3788662,0,1.1330338,-0.21987724,1.352911,,,0,,,,NOT_AVAILABLE,351.01291488285597,15.982196724625718,248.4992727616029,-4.83105763392097,,,,,,,,,,,,,,,,,,https://gea.esac.esa.int/data-server/datalink/links?ID=Gaia+DR2+6045466330858826752
0.184730,2CXO J162342.3-263038,245.926452053003,-26.510636543290122,0.7951276188442615,0,0,0,3.7371010794063E-16,8.7199025186148E-17,6.6022119069512E-16,,,,4.411764705882308,-0.99937539038101,-1.0,-0.2792004996877,-0.58213616489694,-0.81011867582761,-0.30168644597127,2,,6,,1635721458409799680,Gaia DR2 6045466262148847232,6045466262148847232,298542002,2015.5,245.92639481931982,0.03781619815693761,-26.51063971717912,0.019277452533348692,2.751180565918313,0.038822641107302,70.865364,-5.408736278237494,0.08862525381949948,-5.494072531610846,0.06899850085890341,-0.5150898,-0.08973518,-0.29701328,0.067267016,0.15593193,0.10886824,-0.31080577,-0.08306481,0.079646535,-0.20929208,385,0,382,3,5.9537067,564.38,0.13670768456254906,3.522695596120386,31,false,17.393805,1.3990385273895398,0.0059123250089912665,-0.09382932,45,11,0.092806,0,48,true,400,21866.433761089822,6.621555799245334,3302.3105,14.838921,43,7833.254354143774,38.32122826240015,204.41031,15.616532,45,23923.253648435253,39.16627879158402,610.8125,13.814869,1.4522948,0,1.8016634,0.77761173,1.0240517,,,0,,,,NOT_AVAILABLE,351.0031170066507,15.962723956217014,248.5105456418804,-4.849543977198221,102001,4013.905,3907.25,4248.0,,,,,,,200111,0.8990663,0.8027067,0.9488193,0.18903688,0.18291803,0.19515572,https://gea.esac.esa.int/data-server/datalink/links?ID=Gaia+DR2+6045466262148847232
0.964153,2CXO J162342.3-263038,245.926452053003,-26.510636543290122,0.7951276188442615,0,0,0,3.7371010794063E-16,8.7199025186148E-17,6.6022119069512E-16,,,,4.411764705882308,-0.99937539038101,-1.0,-0.2792004996877,-0.58213616489694,-0.81011867582761,-0.30168644597127,2,,6,,1635721458409799680,Gaia DR2 6045466262138750720,6045466262138750720,1052061695,2015.5,245.92649538511077,0.3274277236859429,-26.510371544973765,0.14826515238796542,1.4264741310903126,0.35200897082697175,4.05238,-13.393549449031566,0.7747278225005059,-18.59622746120238,0.38013671484202555,-0.8021384,-0.2893633,-0.65045524,0.31856728,0.53415614,0.47568336,-0.35899943,0.13932002,0.19371065,-0.12870753,298,0,298,0,4.4765925,414.43515,0.4645530741279148,2.845397042455948,31,false,0.8829111,1.5218520694853976,0.028943436034518998,-0.11683193,34,7,0.72615874,0,37,false,307,1424.597283106516,3.0118982355226875,472.98984,17.804136,0,,,,,0,,,,,,2,,,,,,0,,,,NOT_AVAILABLE,351.0033863577172,15.962837762724549,248.51059092530195,-4.849264730215106,,,,,,,,,,,,,,,,,,https://gea.esac.esa.int/data-server/datalink/links?ID=Gaia+DR2+6045466262138750720
0.469246,2CXO J162344.7-262429,245.93648145977727,-26.408270811818152,1.8277192244706693,0,0,0,9.4638727633668E-15,7.8530008036448E-15,1.1074744723089E-14,,,,8.774866201348559,-0.32229856339788,-0.52779512804497,-0.13928794503435,-0.368519675203,-0.46158650843223,-0.26670830730793,2,,5,,1635721458409799680,Gaia DR2 6045502099357410688,6045502099357410688,1196390176,2015.5,245.93655554104612,0.032271401746829166,-26.408158617059176,0.015999657141719567,0.5839103225473373,0.03401642003381922,17.165543,1.511442679160778,0.07200932667275602,2.9970476933118007,0.052513949646153635,-0.4660353,-0.08167711,-0.2720376,-0.00975213,0.13866715,0.027461886,-0.2916238,-0.2483553,0.08730387,-0.13869554,399,0,399,0,-3.409273,305.27405,0.0,0.0,31,false,25.933516,1.5093642234096571,0.004904951237938212,-0.070480175,46,11,0.07631293,0,48,true,415,21064.83873092097,18.324109672654796,1149.5696,14.879471,46,9220.387348247134,34.12303729847994,270.21005,15.439515,45,17626.99658607129,41.14689882586391,428.39188,14.146474,1.2745117,0,1.2930412,0.5600443,0.73299694,,,0,,,,NOT_AVAILABLE,351.0883806965259,16.024910336778397,248.5028101178255,-4.74694914054207,100001,4801.3,4661.607,5024.5,,,,,,,200111,2.4310489,2.2198603,2.5789328,2.82955,2.4410121,3.218088,https://gea.esac.esa.int/data-server/datalink/links?ID=Gaia+DR2+6045502099357410688
0.337905,2CXO J162345.7-263116,245.94070912415123,-26.52130170475574,1.0235001535148966,0,0,0,2.6345276621435E-16,9.0326662702064E-17,4.3657886972664E-16,,,,4.17142857142859,-0.99937539038101,-1.0,-0.60399750156152,-0.53841349156777,-0.69768894440974,-0.3579013116802,1,,0,,1635721458409799680,Gaia DR2 6045465506234526592,6045465506234526592,1423537967,2015.5,245.9406348077746,0.07129745762617465,-26.521367950030413,0.0352718017100637,0.5899308536207083,0.08949202406187032,6.591994,-12.242201545795279,0.18743103723127294,-19.7267434861081,0.14278195043168737,-0.4930192,0.21554574,0.044275153,0.20797224,-0.08560211,-0.10275929,-0.29224893,0.16166927,0.51923114,0.34157228,339,0,339,0,0.4095554,344.0171,0.0,0.0,31,false,4.671726,1.5156397804972355,0.011590385715817293,-0.06015214,39,10,0.1818345,0,43,false,356,4556.022367588871,27.06464252717334,168.33853,16.5419,42,2294.749026144944,62.12984338072068,36.93473,16.94955,43,3936.2391998599296,77.97647871735312,50.479828,15.774217,1.3676378,0,1.175334,0.40765,0.767684,,,0,,,,NOT_AVAILABLE,351.00377457907763,15.946078961674472,248.52491578381304,-4.858054736738302,100001,4920.0,4777.0,5002.5366,0.77,0.4315,1.084,0.3833,0.2149,0.5721,,,,,,,,https://gea.esac.esa.int/data-server/datalink/links?ID=Gaia+DR2+6045465506234526592
0.567660,2CXO J162345.8-262854,245.9410718987374,-26.481898853535796,0.793825581319915,0,0,0,3.2631421076478E-15,2.7025176577254E-15,3.8237665575702E-15,,,,8.112642195753107,-0.21611492816989,-0.50780762023735,0.058088694565896,-0.69081823860087,-0.76889444097439,-0.6052467207995,1,,3,,1635721458409799680,Gaia DR2 6045466468307366656,6045466468307366656,1221146991,2015.5,245.94115049888364,0.03545551609774387,-26.482039972350176,0.017867860218005512,3.309966705010372,0.036903057302005306,89.693565,40.35609538250037,0.08233395494593568,-45.56643190900259,0.0592779208520983,-0.38641843,0.063645855,-0.37783644,-0.033357617,0.09917537,0.022007061,-0.34459192,-0.29153216,0.047711696,-0.105039194,407,407,404,3,0.0341173,399.29718,0.0,2.831572381789544E-15,31,false,296.81723,1.5272154613551712,0.005700896213830513,-0.05555412,47,11,0.055730246,0,50,true,425,208667.29924702676,83.15854073933752,2509.2708,12.3897295,47,94133.70514673197,131.57389697030567,715.4436,12.917026,46,170179.09248444258,180.40360714812402,943.3242,11.684654,1.266671,1,1.2323713,0.52729607,0.70507526,,,0,,,,NOT_AVAILABLE,351.0343691895007,15.972187102969798,248.51894943317737,-4.8191759669066,100002,4900.0,4811.925,5059.0,0.9073,0.456,1.2123,0.4655,0.2633,0.6095,200111,1.2792609,1.2001123,1.3265194,0.8499575,0.8357569,0.86415815,https://gea.esac.esa.int/data-server/datalink/links?ID=Gaia+DR2+6045466468307366656
0.543820,2CXO J162347.4-263212,245.94775497660726,-26.53682251984476,1.4442978938555484,0,0,0,3.1180042968855E-16,7.1953945312743E-17,5.3965458984557E-16,,,,2.926829268292761,-0.23610243597751,-0.87257963772642,0.13304184884447,-0.46970643347908,-0.72267332916927,-0.15927545284197,0,,6,,1635721458409799680,Gaia DR2 6045465403155233024,6045465403155233024,606803830,2015.5,245.94781168121563,0.0747851266964662,-26.536964807703583,0.03669852518840919,0.5855434442770489,0.07976621624525333,7.340745,-11.727560204537552,0.1725204877102838,-18.992139721115706,0.11600199064427784,-0.36220086,-0.023835909,-0.36984575,-0.055744495,0.20837367,-0.033711318,-0.3227054,-0.3342841,0.01999098,-0.014694906,307,0,304,3,0.17171521,302.5464,0.0,0.0,31,false,4.77276,1.5432724560991766,0.012071508184705003,-0.06475373,35,11,0.16222326,0,37,false,316,4615.702522860199,2.863392271083893,1611.97,16.527771,32,2432.5549382815243,23.128993036150078,105.1734,16.886232,31,4467.725905885953,25.876260329071993,172.65732,15.6367035,1.4949579,0,1.2495289,0.35846138,0.8910675,,,0,,,,NOT_AVAILABLE,350.99626271270705,15.930836889754724,248.53382156315632,-4.872398772976398,102001,4947.0,4419.0,5319.29,,,,,,,200111,1.0492637,0.9075303,1.314984,0.59406185,0.42507315,0.76305056,https://gea.esac.esa.int/data-server/datalink/links?ID=Gaia+DR2+6045465403155233024
0.590183,2CXO J162347.4-263212,245.94775497660726,-26.53682251984476,1.4442978938555484,0,0,0,3.1180042968855E-16,7.1953945312743E-17,5.3965458984557E-16,,,,2.926829268292761,-0.23610243597751,-0.87257963772642,0.13304184884447,-0.46970643347908,-0.72267332916927,-0.15927545284197,0,,6,,1635721458409799680,Gaia DR2 6045465403144546048,6045465403144546048,590967255,2015.5,245.94790922149727,0.4941755408047155,-26.536734011952596,0.2570984262395033,0.3761387749015255,0.5427156851907128,0.6930678,-12.648249917786757,0.719188818848855,-18.737863747424562,0.5806091338531988,-0.72370225,-0.7107355,-0.3272873,0.19641438,0.710239,0.11719078,-0.42251107,-0.009743061,-0.18970487,-0.19905701,176,0,176,0,1.6263257,202.12756,0.0,0.0,31,false,0.34785542,1.4272160395148727,0.061206118697772316,-0.16355819,20,8,0.71833295,0,22,false,184,624.377724549819,4.435891907106998,140.75584,18.699747,0,,,,,0,,,,,,2,,,,,,0,,,,NOT_AVAILABLE,350.9965013649358,15.930927541206598,248.5338702879578,-4.872156854127923,,,,,,,,,,,,,,,,,,https://gea.esac.esa.int/data-server/datalink/links?ID=Gaia+DR2+6045465403144546048
0.852144,2CXO J162348.7-263205,245.9530716183665,-26.534935295812435,1.4234522336355881,0,0,0,8.5927744383079E-16,4.8334356215482E-16,1.2352113255068E-15,,,,3.049999999999992,0.47095565271705,0.11805121798876,0.75515302935665,-0.34478450968145,-0.67270455965022,0.034353529044347,,,0,,1635721458409799680,Gaia DR2 6045465437506637056,6045465437506637056,118378273,2015.5,245.9529918295324,1.8473901055839375,-26.5347096095479,1.0417645507780666,1.9253518094245266,1.8930801655310976,1.0170472,-7.934501517453004,3.445740689492165,-25.271788662767953,2.851501083658177,-0.5856177,-0.53650373,-0.38266385,0.3140714,0.39912185,0.28830704,-0.5231569,0.15779983,0.03632229,-0.07268965,118,0,117,1,-0.26858163,107.37863,0.0,0.0,31,false,0.021612592,1.7985905464048986,0.32191831510405927,-0.09447382,14,9,3.2385542,0,14,false,119,106.56618760263112,1.624446366071751,65.60154,20.619318,6,147.0707802877504,14.495120115020557,10.146227,19.932571,8,220.0824501213026,15.551367578573112,14.151968,18.905457,3.445307,0,1.0271149,-0.6867466,1.7138615,,,0,,,,NOT_AVAILABLE,351.00123971974216,15.928923947670818,248.53804260419028,-4.869419631839231,,,,,,,,,,,,,,,,,,https://gea.esac.esa.int/data-server/datalink/links?ID=Gaia+DR2+6045465437506637056
0.856540,2CXO J162354.9-262338,245.97890621478655,-26.394142929342795,4.86427664036409,0,0,0,1.7046214773668E-14,1.2609528736686E-14,2.148290081065E-14,,,,4.914285714285881,0.25234228607121,0.038101186758276,0.44034978138663,-0.064959400374766,-0.3104309806371,0.21923797626483,0,,,,1635721458409799680,Gaia DR2 6045490795003476480,6045490795003476480,966874988,2015.5,245.97878921608392,0.43600389358188424,-26.394356532071882,0.21851552615710054,-4.403522071766881,0.43911126042616166,-10.02826,-17.378020789876643,0.8393121760678703,-15.085274018775067,0.6809892270063133,-0.5836562,-0.2271053,0.12770352,-0.40672126,0.20815708,-0.2806761,0.1594164,-0.30889368,0.27344754,-0.21803246,348,0,341,7,80.08001,9615.715,2.6053921823786985,199.27751523315186,31,false,0.13068737,1.7227760621360664,0.06239756969738288,-0.11006219,40,11,0.78824466,0,43,true,365,2653.327738222031,11.841258737104962,224.0748,17.12889,36,1600.494199846794,8.53952873332777,187.42184,17.340754,36,2969.233584350431,10.957862451728166,270.96832,16.080309,1.7222629,0,1.2604446,0.21186447,1.0485802,,,0,,,,NOT_AVAILABLE,351.1254655064744,16.00617753658165,248.53801121842554,-4.727179265422711,,,,,,,,,,,,,,,,,,https://gea.esac.esa.int/data-server/datalink/links?ID=Gaia+DR2+6045490795003476480